id,tweet_text,label,pred_label,target_group,intent,intensity,explanation,parse_ok
0,Every friend I had in middle school and high school were only my “friends” because they couldn’t bully me and I wasn’t scared of them and the other half was friends with me cause they was scared of the hoes I was friends with,age,other_cyberbullying,none,harmful,high,"The tweet contains derogatory language and insults towards unspecified individuals, indicating a pattern of harassment and bullying.",True
1,"It's like faking being humble, but then, in the next breath, being upset that people can disagree with you. Must just be personal agendas.",other_cyberbullying,other_cyberbullying,none,harmful,medium,"The tweet contains a critical and condescending tone, implying the person has a hidden agenda, which can be perceived as bullying.",True
2,It's TIME... Kitchen HQ starts NOW WA! !#HungryCampers #MKR http://t.co/sWQ44IsGMS,not_cyberbullying,not_cyberbullying,none,neutral,none,This tweet is a promotional message with no bullying or harassment content.,True
3,Mr President tayyip erdogan Dear Mr idiot Even the man who creat your country didn't change Hagia Sophia and you asshole try to make a show here Be a Muslim if you are and bring back the ppl rights,religion,ethnicity,Turks,harmful,high,The tweet contains ethnic slurs and attacks targeting the Turkish President and his country's heritage.,True
4,"#PrayForSun i never knew you but you seemed like such a sweet, genuine and caring girl. i know what its like to be bullied to the point where you dont want to live anymore so it just really affects me ig. fly high angel, rest in peace you deserved so much better..",age,not_cyberbullying,none,empathetic,none,"The tweet expresses condolences and empathy for the deceased, without any bullying or harassing language.",True
5,"I hope Twitter rips you a new one. You make me sick. @jimboslice_13 @ry_casper ""how to discribe rape. His dick was hungry!"" #notsexist",gender,other_cyberbullying,none,harmful,high,"The tweet contains aggressive language and threats, but does not target a specific group based on religion, age, gender, or ethnicity.",True
6,I really hate tweeting about Turkey but y’all are making me do it. Non-Turkish Muslims need to stop treating Muslim Turks as idiots. We get what’s symbolism and what’s not. What you don’t understand is what we’ve been through. You did not live through what we did.,religion,other_cyberbullying,Muslim Turks,harmful,medium,"The tweet contains condescending language and accusations of ignorance towards Muslim Turks, implying they are being treated unfairly by other Muslims.",True
7,RT @Drebae_: How you hate somebody you never even spoke to? Bitches be Jealous & MAADDDDDDD. https://t.co/fiis4emg01,other_cyberbullying,gender,women,harmful,high,"The tweet contains a derogatory term ('bitches') targeting women, indicating a high level of harmful intent.",True
8,"@ldstarr18 @AC360 But there are many ideologies, and Islam declared war on the human race 1400 years ago. http://t.co/ntOJwO4Lnt",religion,ethnicity,Muslims,harmful,high,"The tweet contains a derogatory statement about Islam, implying a declaration of war against humanity.",True
9,"Racism is like a stain on ur colored clothes, u can't bleach it Kuz it ain't white.",ethnicity,ethnicity,people of color,harmful,high,The tweet uses a racist analogy to convey a derogatory message about people of color.,True
10,@Salon @TheMuslimGuy Do the BB brains at Salon understand that the rape of slave girls was approved and practiced by Mohammed. #Islam,religion,religion,Muslims,harmful,high,"The tweet attacks and slurs the Islamic faith, referencing its prophet and a sensitive historical topic.",True
11,"bullied for being soft and friendly back in elem days. bullied for being close to girls and not acting like my jerk guy classmates (drinking, smoking, watching porn and all the straight toxic masculinity stuff) in High school.",age,other_cyberbullying,none,harmful,medium,"The tweet describes past bullying experiences, but does not contain any specific attacks or slurs targeting a particular group.",True
12,"In high school I used to get bullied by a special ed girl bitch would dead ass hit me, and like fuck was I supposed to do",age,other_cyberbullying,none,harmful,high,"The tweet contains derogatory language and a description of physical violence, but does not target a specific group based on religion, age, gender, or ethnicity.",True
13,"RT @a_man_in_black: @freebsdgirl and at 1:46:00 on this stream he says people in GG should doxx you, me, and srh? https://t.co/fSDalWjH9G",not_cyberbullying,other_cyberbullying,none,harmful,high,"The tweet contains a reference to doxxing, a form of harassment, but does not target a specific group based on religion, age, gender, or ethnicity.",True
14,black parade tease and anything beyonka has realesed in the past YEARS LFMAOO gurl bye,ethnicity,other_cyberbullying,Beyoncé,harmful,high,"The tweet contains a derogatory and mocking tone towards Beyoncé, using an internet slang expression to emphasize the insult.",True
15,@ryloxify PDP being careful. He's gone from rape jokes since EVERYBODY called him out of it to expanding his vocab to words like Gay & Nigga,gender,other_cyberbullying,none,harmful,high,"The tweet is cyberbullying because it mocks someone for changing their behavior after being called out for making hurtful jokes, implying they are insincere.",True
16,"@DavidRomeiPHD @ALWiss5 Anything an American does defines America, anything a Muslim does is an aberration? Idiot!",religion,ethnicity,Muslims,harmful,high,"The tweet contains a derogatory statement targeting Muslims, implying they are aberrant and deviating from the norm.",True
17,The link between a culture which condones sexist jokes & number of women that suffer rape & murder is not headline grabbing but a recognized integrated national approach which aims to reduce violence against women https://www.ourwatch.org.au/what-we-do/national-primary-prevention-framework,gender,gender,women,harmful,medium,"The tweet discusses a link between sexist jokes and violence against women, implying a connection between gender-based harassment and harm.",True
18,"i’m gonna cry if my kidneys are fucked up tho tbh. i finally healed from my high school abuse/trauma from bullies my parents and exes bro, i’m into school i wanna work i have a cool lil bro..:::: like why now",age,other_cyberbullying,none,harmful,low,"The tweet expresses frustration and concern about potential health issues, but does not contain any explicit bullying language or targeted attacks.",True
19,Even satan is confused about Muslims who enforce LGBT thing into religion. Support whatever the fuck you want without mentioning religion/claiming it’s a part of the religion you idiots.,religion,other_cyberbullying,none,harmful,high,"The tweet contains derogatory language and insults towards a group of people, but the target is not explicitly defined by a protected characteristic.",True
20,"I'm friends with Atheists, Episcopalians, Catholics, Muslims & Jewish people and a big part of our friendship is not calling each other idiots. There is a proverb that you catch more bees with honey than with vinegar, but my mother-in-law assures me beer catches even more.",religion,not_cyberbullying,none,neutral,none,"The tweet is a lighthearted, humorous anecdote with no intent to harm or bully any group.",True
21,#asskickery hahahahaha #mkr #mkr2015 #mkrsexylloyd,not_cyberbullying,other_cyberbullying,none,harmful,high,"The tweet contains a derogatory slang term, indicating a high level of harmful intent.",True
22,"@MartinSenyszak you can have three errors, known errors, unknown errors and unknown unknown errors",not_cyberbullying,not_cyberbullying,none,neutral,none,"The tweet is a neutral, non-abusive statement about error types.",True
23,"Finally! Like, haven't you been waiting since school started for this?!?!",not_cyberbullying,not_cyberbullying,none,neutral,none,"The tweet is a lighthearted and neutral expression of excitement, with no intent to harm or bully.",True
24,"What tonight's outcome means: White people still consider black people ""niggers."" End. Of. Story. Disgusting place we live in.",ethnicity,ethnicity,black people,harmful,high,The tweet contains a racial slur and expresses disgust towards a racial group.,True
25,Since when did a box of band-aids cost 8 dollars #TF,not_cyberbullying,other_cyberbullying,none,harmful,low,"The tweet expresses frustration and criticism, which can be considered cyberbullying, but it does not target a specific group.",True
26,"BLM is a radical organization with Marxist goals. Amazon et al. tell us even on their entertainment venues that they support it. It's anti-Christian, anti-capitalist, anti-police just for starters.",religion,other_cyberbullying,Christians,harmful,high,"The tweet attacks BLM as anti-Christian, promoting a harmful and derogatory view of a particular faith group.",True
27,that moment when your elementary school bullies slide in your dms >>>>>>>> I LOVE IT,age,other_cyberbullying,none,harmful,low,"The tweet is cyberbullying because it mocks someone's past experience of being bullied, but in a lighthearted and joking manner.",True
28,Judgement time #mkr #hungrycampers,not_cyberbullying,not_cyberbullying,none,neutral,none,The tweet appears to be a neutral comment with no apparent intent to harm or harass.,True
29,"If there is one thing in life we can count on, it's if you ask a question regarding opinions on Apple products, no one will agree.",other_cyberbullying,not_cyberbullying,none,neutral,none,"The tweet expresses a neutral opinion about people's disagreement on Apple products, without any intent to harm or bully.",True
30,People getting all mad at Racists Getting Fired is my favorite mouse squeak of white supremacy,not_cyberbullying,other_cyberbullying,none,harmful,high,"The tweet uses a derogatory phrase to express disdain for racism, but does not target a specific group.",True
31,"I'm 30, happily married with 2 kids. In school I was 6'3 and weigh 190 my senior year. the onlytime.somine.tried to bully me I threw their moped in the school dumpster. Nice try though",age,not_cyberbullying,none,neutral,none,"The tweet is a defensive response to past bullying, but it does not contain any bullying or harassing language.",True
32,"Honestly we wouldn't have given you the attention you're craving for but put this at the back of your mind,you're an idiot,a loser and a psycho. It takes alot of foolishness for someone who claim to be a Muslim to be fighting with clear words of Allah publicly without having....",religion,other_cyberbullying,none,harmful,high,"The tweet contains general insults and derogatory language without targeting a specific group based on religion, age, gender, or ethnicity.",True
33,"Guys, piece of advice, rape jokes are NEVER funny. I don't know much about women as a gay man, but that I tell you with certainty.",gender,gender,women,harmful,high,"The tweet targets women with a derogatory implication, making a rape joke and implying women are not funny.",True
34,"If I ever went to prision in the US, I would want to go to the school shooter's ward, just so I can bully their socially awkward white asses.",age,other_cyberbullying,none,harmful,high,"The tweet contains bullying language and intent, targeting a specific group based on their social behavior, but does not explicitly target a protected characteristic.",True
35,@FanTaStIK_Zae2 big ass bully!,other_cyberbullying,other_cyberbullying,none,harmful,high,"The tweet contains a derogatory insult, targeting the person's character rather than any specific protected characteristic.",True
36,"School was never good for my mental health, at least High School. I got bullied by all the pretty girls, and they always treated me like a fucking gremlin. And I was constantly told that I just had to put up with it, completely destroying my self confidence to what it is now.",age,gender,women,harmful,high,"The tweet describes being bullied by 'pretty girls' and being treated poorly, indicating a harmful intent towards women.",True
37,@98Halima @johnnygjokaj @somersert @cdnKhadija @BilalIGhumman @rfrankh53 And why do we care about this guy?,not_cyberbullying,other_cyberbullying,none,harmful,low,"The tweet is a derogatory comment targeting a person's public presence or actions, without specifying a protected characteristic.",True
38,@warrenleightTV @CizzymacHD pretty entertaining that they think NYS isn't a hashtag used to justify harassment. ^.^ Good job.,other_cyberbullying,other_cyberbullying,none,harmful,low,"The tweet is cyberbullying because it mocks and belittles the recipient's opinion, implying they are wrong or foolish.",True
39,We've normalized gay jokes and now we're about to do the same thing with rape. Ang korni.,gender,gender,LGBTQ+ individuals,harmful,high,"The tweet contains a derogatory comment about rape, which is a form of violence against women, and also makes a joke about the LGBTQ+ community.",True
40,"Disgusting ignorance RT @tayyoung_ FUCK OBAMA, dumb ass nigger",ethnicity,ethnicity,African Americans,harmful,high,The tweet contains a racial slur targeting African Americans.,True
41,@WalidShoebat Most Muslims instinctively understand that Islam cannot survive in light of day and must be protected by blasphemy laws #Islam,religion,ethnicity,Muslims,harmful,high,"The tweet contains a derogatory statement targeting Muslims, implying they cannot survive in the light of day and need protection by blasphemy laws.",True
42,RT @shariaunveiled: A Muslim Man in India Attempts Murder of His 10-Year-old Daughter by Burying Her Alive http://t.co/BO7d9XL3ht,not_cyberbullying,other_cyberbullying,none,harmful,high,"The tweet shares a disturbing and violent news article, but does not contain direct harassment or bullying language.",True
43,RT @ismisecaz: My housemate was inspired. #mkr http://t.co/YrtSVNPknK,not_cyberbullying,not_cyberbullying,none,neutral,none,This tweet is a retweet of a neutral statement with no apparent intent to harm or harass.,True
44,Why is it that UN are keeping quite over the killing of Christians in Nigeria. A 70 years Christian woman was rapped early this morning and beheaded by Fulani herdsmen in a place called Ebonyi in the Eastern Nigeria. It is the right time to divide so that Christians can have peac,religion,other_cyberbullying,none,harmful,high,"The tweet expresses outrage and calls for division, but does not contain direct attacks or slurs targeting a specific group.",True
45,Rebecca Black removed from school after being bullied by classmates http://n360.to/noc85c (via @news360app) #isitFridayyet,age,not_cyberbullying,none,neutral,none,The tweet reports on bullying but does not contain any abusive language or content.,True
46,@IchbinUjjaini @AvijitSinha5 @shivendushekhar @geetv79 I don't want to argue with u all idiots who r using beef eatâ¦ https://t.co/oUP9nfWsEF,other_cyberbullying,other_cyberbullying,none,harmful,high,"The tweet contains derogatory language and insults towards unspecified individuals, but the primary target is not a specific group based on religion, age, gender, or ethnicity.",True
47,"high fashion twitter girls go to school wearing leggings and slip on vans, get bullied all day, come home, log into their bella hadid avi twitter account to call people fat in group chats and post pictures of cindy kimberly and tweet about the coke they don’t do",age,other_cyberbullying,none,harmful,high,"The tweet contains bullying language and behavior, targeting no specific group, but rather mocking and belittling others.",True
48,"Whoever is ""their"" in your mentioned tweet are jerks, a whole green flag doesn't look good to my eyes. Minorities are our backbone. Stay strong don't get disheartened these idiots are gonna taste their medicine soon. I being a Muslim and being a Pakistani support you.",religion,other_cyberbullying,none,harmful,high,"The tweet contains derogatory language and threats towards unspecified individuals, but does not target a specific group based on religion, age, gender, or ethnicity.",True
49,"@scalzi George R.R. Martin, why are you tweeting from John Scalzi's account?",other_cyberbullying,other_cyberbullying,none,harmful,low,"The tweet is a form of harassment, implying that George R.R. Martin has done something wrong by tweeting from another person's account.",True
50,"Very offensive audio got leaked of Dragonball actors making sex jokes, rape jokes, racist, pedo, and homophobic jokes. Including a four minute skit of a gay orgy with every offensive thing they could think to throw in it.",gender,other_cyberbullying,none,harmful,high,"The tweet contains explicit and derogatory language targeting various groups, but the primary intent is to express outrage and disgust rather than targeting a specific group.",True
51,"One of my pet peeves is when people call female-identity if individuals “Son of a Bitch.” Like no, that’s a daughter",gender,gender,trans women,harmful,high,"The tweet contains a derogatory term and a transphobic statement, targeting individuals who identify as female.",True
52,the second reminds me of the girl who bullied me in junior high and I’m just waiting for you to call me a bitch or trip me in gym class so depends on the vibe you want I guess,age,gender,women,harmful,high,"The tweet contains a derogatory term ('bitch') and implies a threat of physical harm, targeting women.",True
53,18 bats,not_cyberbullying,age,teenagers,harmful,low,"The tweet is ageist, implying that the target is too young.",True
54,Brutal Simplicity.,not_cyberbullying,not_cyberbullying,none,neutral,none,The tweet is a neutral statement with no apparent intent to harm or harass.,True
55,"Can't get over the tweets threatening to ""assassinate the nigger"" - you dumb fucks grow up no one cares if your daddy is crying",ethnicity,ethnicity,African Americans,harmful,high,"The tweet contains a racial slur and threats of violence, indicating a high level of harmful intent towards African Americans.",True
56,RT @davidalice Why are LA women so bitchy? #notsexist,gender,gender,women,harmful,low,"The tweet contains a derogatory term targeting women, implying they are 'bitchy'.",True
57,"I’m the hot girl who bullied little bitches like you in high school. I’m so good at putting men in their place, I don’t even have to say a single word to do it. You already feel my power. - findom femdom finsub cashslave -",age,gender,women,harmful,high,"The tweet contains derogatory language targeting women, specifically those who are perceived as submissive or inferior.",True
58,Damn @Faxxu_ thanks for lending me that Lambo for my cousin’s high school prom. It really made it so he wouldn’t get bullied anymore and is now prom king and is now dating his dream girl! All thanks to you and your generosity,age,not_cyberbullying,none,neutral,none,"The tweet expresses gratitude and appreciation, with no signs of bullying or harassment.",True
59,"I too was bullied by a girl everyday at school from 2nd grade threw high school. Being shy, I never fought back. I'm definitely a stronger person today. I've never forgotten her. Kindness is best.",age,not_cyberbullying,none,neutral,none,"The tweet is a personal reflection on past bullying experiences, but it does not contain any current or directed harassment.",True
60,"You can't prove a fact because facts are already proven...... Stupid argument! You may be brazen idiot, but I will keep our discussion going on ""How #ghettoisation of Muslims happens because of Islamic practices?"", starting with #Survey reports",religion,other_cyberbullying,none,harmful,high,"The tweet contains a derogatory term and a condescending tone, but the primary target is not a specific group, rather the argument itself.",True
61,"Wishing my Dad the Happiest of Birthdays and a Blessed Year. Thank you for everything you’ve taught me from math, to not missing a day of school, never back down from a bully, Business, the Power of Real Estate…",age,not_cyberbullying,none,neutral,none,"The tweet is a heartfelt birthday message to the author's father, expressing gratitude and appreciation.",True
62,"Go lose some weight RT @tayyoung_: FUCK OBAMA, dumb ass nigger",ethnicity,other_cyberbullying,none,harmful,high,"The tweet contains hate speech and profanity, but the primary targets are not a specific group, rather the tone and language used are abusive.",True
63,@parveen_n @YouTube This is what you should learn about #Islam and #Muslims. http://t.co/ZLiSomON1p,not_cyberbullying,other_cyberbullying,Muslims,harmful,low,The tweet is bullying by implying that the recipient needs to learn about their own faith.,True
64,Going to get Taylor swifts new cd and lay my sick ass in bed and listen to it,not_cyberbullying,not_cyberbullying,none,neutral,none,The tweet expresses a neutral opinion about listening to a music album and does not contain any bullying or harassment.,True
65,"Yeah Zahra. As a brown person you must comment every time a an idiot who happened to be Muslim does something. While we are at it, Ewan any comment on the KKK and their actions?",religion,other_cyberbullying,none,harmful,high,"The tweet is cyberbullying because it harasses and mocks individuals based on their perceived association with a group, without directly targeting a specific protected characteristic.",True
66,@ldstarr18 @AC360 If freedom of expression undermines peace we should give up freedom? http://t.co/4KufcibN1k,not_cyberbullying,not_cyberbullying,none,neutral,none,"The tweet is a neutral, opinion-based statement without any personal attacks or harassment.",True
67,RT @Sir5000: @freebsdgirl Summer? But it's…hm. http://t.co/ckP0hUzQPr,not_cyberbullying,not_cyberbullying,none,neutral,none,"This tweet is a retweet of a neutral comment with a link, and does not contain any bullying or harassment.",True
68,"@KellyTurner99 @buellerishere @isra_jourisra @fei989 To say, ""don't hate Islam"" is as dumb as saying ""don't hate Nazism"".",religion,other_cyberbullying,none,harmful,high,"The tweet expresses a derogatory comparison between Islam and Nazism, promoting a negative and hateful attitude.",True
69,@Polo_ProphED fuck off you dumb nigger,ethnicity,ethnicity,African Americans,harmful,high,The tweet contains a racial slur targeting African Americans.,True
70,"You called that one right Fat Boy has been rendered totally inert, he was exposed as the House Negro and even White Supremacist don't respect Race traitors",ethnicity,ethnicity,African Americans,harmful,high,"The tweet contains a racial slur and derogatory term, targeting African Americans, with the intent to harm and insult.",True
71,"And Hilary was Secretary of State not president lol. But will one trump supporter care - nope, because they support him because of greed and racism and that’s it. And I include the insane religious bigotry of the radical “evangelical Christian Right” cult as part of racism.",religion,other_cyberbullying,radical evangelical Christian Right,harmful,high,"The tweet targets a specific group with derogatory language and accusations of bigotry, but the primary focus is on their political and social views rather than their faith or identity.",True
72,"We've all been there, right?",other_cyberbullying,not_cyberbullying,none,neutral,none,"The tweet is a neutral, non-abusive statement asking for shared experience.",True
73,Man this is a smack in the face to all colored people if u still believe racism doesn't exists ur a fool,ethnicity,ethnicity,people of color,harmful,high,The tweet contains a racist slur and an accusation of foolishness for denying racism's existence.,True
74,"PC-BSD is a fork that is mostly funded by iXSystems, the organization that runs FreeBSD marketing. It's a frontend on top of FreeBSD.",other_cyberbullying,not_cyberbullying,none,neutral,none,"This tweet is a neutral, informative statement about operating systems and their funding.",True
75,Go Manu! #mkr,not_cyberbullying,not_cyberbullying,none,neutral,none,The tweet is a supportive message with no negative or harassing content.,True
76,keeth i stg. he literally struggles to stream n acts paranoid that hes going to say the nigger again n he almost did 2x. he didnt stream for a yr. he could've made an effort to not say the nword in private but he didnt n its a dumb fucking decision. i dont personally give a fuck,ethnicity,other_cyberbullying,none,harmful,high,"The tweet contains derogatory language and insults, but the target is not explicitly identified by a protected characteristic.",True
77,@Way2FengShui I can see how some offended by the rape jokes but the gay jokes he saying explains what ppl doing after watching,gender,gender,LGBTQ+ individuals,harmful,medium,"The tweet contains a derogatory joke about the LGBTQ+ community, indicating a medium level of harm.",True
78,@xdannock maybe someone will use Kat's weber #mkr,not_cyberbullying,other_cyberbullying,none,harmful,low,"The tweet contains a derogatory hashtag, implying mockery or ridicule.",True
79,I'm such a bully .. *,other_cyberbullying,not_cyberbullying,none,neutral,none,The tweet is a self-deprecating statement and does not contain any bullying or harassment.,True
80,"What questions did you ask me? Why you shouldn't rationalize rape jokes? Seriously? Are you sincerely asking why it's not okay for you to excuse rape jokes? Beyond that, you just admitted you used ""gay"" as a slur to troll people into outrage. You're a trash heap. Fuck off dude",gender,gender,LGBTQ+ individuals,harmful,high,The tweet contains homophobic slurs and harassment related to sexual orientation.,True
81,@beardyblue it takes a pretty specific personality type to be able to take this shit on voluntarily.,other_cyberbullying,other_cyberbullying,none,harmful,low,"The tweet contains a derogatory and belittling comment, targeting the person's personality, but not based on any specific protected characteristic.",True
82,RT @LynneMcGranger: #mkr what are the chances of the safe teams strategically marking UP the #blondebutchers ?? I'd put my chicken's livers…,not_cyberbullying,other_cyberbullying,none,harmful,high,"The tweet contains derogatory language ('blondebutchers') and mocking tone, targeting a group of people based on their appearance, but not specifically their age, gender, ethnicity, or religion.",True
83,RT @iHateHostal: I swear somebody needs to invent a #KanyeShrug emoticon <fuck that dumb nigger!,ethnicity,ethnicity,African Americans,harmful,high,The tweet contains a racial slur targeting African Americans.,True
84,"@Kaepernick7 You are a demon of special skills. Did you sell out to the muslims of your GF or the communists. Forget it, same thing. Yeah, America has been so bad to you. Where do you live Colin? How many meals do you miss? You are a liar and a traitor. You are an idiot",religion,other_cyberbullying,none,harmful,high,"The tweet contains a mix of personal attacks, insults, and accusations with no specific targeting of a protected group, but overall intent is to harm and insult the individual.",True
85,Because you promote their behaviours and support them.We muslims are also known what is harmful and stay away from it while you Christians allow the sodomites and the radical atheist and radical feminist to attack you.,religion,other_cyberbullying,Christians,harmful,high,"The tweet contains a derogatory and accusatory tone towards Christians, implying they are weak and complicit in attacks from other groups.",True
86,"⠀ ⠀ ⠀Yep,that's the girl that bullied you in high school. ─. . .And yes,she's still a bully to this day.",age,other_cyberbullying,none,harmful,high,"The tweet is a form of harassment and bullying, targeting the person's past behavior and implying they are still a bully, without referencing any specific protected characteristic.",True
87,RT @Lyall: Bosom flattering #NoMorePage3 t-shirt profile pic #FeministSelfie #irony #hypocrisy #praxis #notbad #sorry #malegaze http://t.co…,gender,not_cyberbullying,none,neutral,none,The tweet is a neutral expression of feminist sentiment and does not contain any bullying or harassment.,True
88,I hope you get yo ass beat . Dumb broad “@kimberrlym_: Fuck you nigger #CANELOTEAM”,ethnicity,other_cyberbullying,none,harmful,high,"The tweet contains multiple instances of hate speech and threats, targeting no specific group, but rather using derogatory language to insult the recipient.",True
89,Kat needs to calm down with the crazy eyes #mkr,gender,other_cyberbullying,none,harmful,low,"The tweet contains a derogatory comment about Kat's appearance, but it does not target a specific protected group.",True
90,"@Superjutah A lot of MRA's are gay, actually.  They see how feminism merely uses them.",gender,gender,men who identify as gay,harmful,low,"The tweet makes a derogatory comment about men who identify as gay, implying they are being used by feminism.",True
91,Wow....a commercial to eat seafood and clean up the environment. #DoubleWhammy,not_cyberbullying,not_cyberbullying,none,neutral,none,The tweet is a neutral comment about a commercial and does not contain any bullying or harassment.,True
92,@_d_n_verg_ @stevesalaita Nothing has any value for Arabs except the destruction of the Jews. And the Arabs must pay Palestine to destroy em,religion,ethnicity,Arabs,harmful,high,The tweet contains a racist slur targeting Arabs and promotes violence against them.,True
93,"according to @HipsNLips_ I'm am the following : A dumb nigger baby, A simple ass nigga, and A dumb fuck. *self-esteem drops 39 points* llf.",ethnicity,ethnicity,African Americans,harmful,high,The tweet contains multiple racist slurs targeting African Americans.,True
94,"Imagine being trans, or gay, or a rape victim, experiencing traumatic events in your life, and to label a joke offensive only for people...",gender,gender,LGBTQ+ individuals and rape victims,harmful,high,"The tweet uses sensitive topics to mock people who experience trauma, implying offense is only for certain groups.",True
95,The most #offensive thing one can do is be a #rich #white meat eating #priest smoking with a naked little #boy sitting on his lap forcing a #transgender doctor to #abort the #gay retarded #black child of a #Mexican #feminist at #gunpoint while telling a #rape joke in #Arabic,gender,other_cyberbullying,none,harmful,high,"The tweet contains a highly abusive and profane rant with no specific target group, but rather a collection of derogatory terms and slurs.",True
96,"There's funny & there's douche worthy. Not funny joke about rape, prejudice, racism, gay bashing, etc? In current culture? Die in a fire.",gender,gender,LGBTQ+ individuals,harmful,high,"The tweet contains a homophobic slur and a threat, indicating a high level of harm and hostility towards LGBTQ+ individuals.",True
97,"An enigma, the left's support of a culture that condemns everything they stand for. All women, the lbgt community, and for that matter Jews and Christians, should condemn all Radical Muslims. Why support abuse of women, executing gays, threats to annhihilate other faiths?",religion,other_cyberbullying,Radical Muslims,harmful,high,"The tweet attacks Radical Muslims for their perceived abuse of women, execution of gays, and threats to other faiths, without using explicit hate speech or slurs.",True
98,@KaitlynBurnell beats me. I was sent the screencap.,other_cyberbullying,other_cyberbullying,none,harmful,low,"The tweet contains a statement of being bullied, but does not specify the reason or target group.",True
99,U better don't spread hatred here wherever it was in 1990 cuz u r in lining in a confusion that Hindus was persecuted but it was Muslims who. Was persecuted all time by bloody Hindus and idiots people like you always support them,religion,ethnicity,Hindus,harmful,high,"The tweet contains a racist slur and attacks Hindus, promoting a false narrative and using derogatory language.",True
100,"UHHH SAIL AWAY SWALWELL OKAY WITH OBAMA'S HATRED FOR JERUSALEM & PRAISE/CRATES OF $$'S TO IRAN & SOMEHOW SAIL AWAY SWALWELL HAS DRAWN A BLANK TO THE MASSIVE SUPPORT BY TRUMP FOR ISRAEL! US EMBASSY IN ISRAEL! SEE YOU RADICAL FLLFSC-BB-A-DEMOCRATS HATE CHRISTIANS & JEWS, BUT",religion,other_cyberbullying,Democrats,harmful,high,"The tweet contains aggressive language and accusations against a political group, Democrats, without specific reference to their religion, age, gender, or ethnicity.",True
101,.@Trykezhighflyer True. The issue is not because he's gay. We should respect gays. That joke was low though. Rape is a serious matter,gender,other_cyberbullying,none,harmful,medium,"The tweet contains a negative comment about someone's behavior, specifically calling a joke 'low', and also brings up a serious topic in a potentially insensitive manner.",True
102,@Ignaciio_ @Kertio1337 es que si le hago violación no sería bullying :c,not_cyberbullying,other_cyberbullying,none,harmful,high,"The tweet contains a graphic and threatening statement, indicating a high level of harm.",True
103,"That tweet made me cringe, never imagined that any black child can call another a house nigger. It's demeaning, it's sad & utterly disgusting #SorryPrinceKaybee",ethnicity,ethnicity,black people,harmful,high,The tweet contains a racial slur and expresses strong disapproval and disgust towards a black person's behavior.,True
104,"you have no sense or knowledge and then keep arguing. Idiots like you are the problem. so if a pakistani muslim says he is hindu it is acceptable and can be given citizenship. Why tjere is cut off 2015, after that persecution stopped or what? Do you know there are different",religion,other_cyberbullying,none,harmful,high,"The tweet contains derogatory language and insults towards the person being addressed, but the primary issue is the argumentative and condescending tone rather than targeting a specific group.",True
105,I remember when someone told me that private colleges r better than state schools coz they bully in the state schools...b.s!,other_cyberbullying,other_cyberbullying,students in state schools,harmful,low,"The tweet implies that state schools are inferior and that bullying occurs there, which is a form of harassment.",True
106,"When people bully another they go for someone weaker than them and probably smaller/younger. Assuming all of ateez were in high school, i'd assume Yunho's brother was already in college if not already had a job as you can see him working in his studio.",age,other_cyberbullying,none,harmful,low,"The tweet implies that the person being discussed is being bullied due to their perceived age, but the tone is more observational and critical rather than directly attacking.",True
107,"No problem with sexism and have mates who are gay! Never been violated, rape is a word that should not be used as a joke with consequences",gender,gender,women,harmful,medium,"The tweet mentions sexism and rape, indicating a harmful intent towards women.",True
108,"Eat your words Kat, don't choke on them niw !!! Hahaha gotta love Karma #mkr",gender,other_cyberbullying,none,harmful,low,"The tweet contains a derogatory and mocking tone, but does not target a specific group based on religion, age, gender, or ethnicity.",True
109,Watch http://t.co/8YC7xTDA2U to see @TheQuinnspiracy! Just a few more minutes. :),other_cyberbullying,not_cyberbullying,none,neutral,none,"The tweet is a neutral, friendly message inviting someone to watch a video.",True
110,Today's dem show lead by dumbo was absolutely the most disgraceful display of school yard bullies. AG Barr was treated with the worst possible disrespect. The rest of the world must be laughing at the lunacy going on in our nation's capital.,age,other_cyberbullying,none,harmful,high,"The tweet uses derogatory language to insult a public figure, AG Barr, and describes the behavior as 'disgraceful' and 'school yard bullies', implying childish and unacceptable behavior.",True
111,"@ShriekAPotomos @CrashOverrideNW As to if I'm working with her, that's none of your business. This isn't an adequate use of your time. Shoo.",other_cyberbullying,not_cyberbullying,none,neutral,none,"The tweet is a direct response to a question, and the tone is firm but not abusive.",True
112,I dont want to start my dental program today,not_cyberbullying,not_cyberbullying,none,neutral,none,The tweet expresses a personal sentiment without targeting any group or individual.,True
113,@ferdinandezz: Mind the gap Arsenal:  Why Chelsea are the kings of London now #afc #cfc,not_cyberbullying,not_cyberbullying,none,neutral,none,This tweet is a sports commentary and does not contain any bullying or harassment.,True
114,You're being a racist nigger what the fuck was going through her head when she said that dumb ass shit. https://twitter.com/laurmanipng/status/750494091310342144,ethnicity,ethnicity,African Americans,harmful,high,"The tweet contains a racial slur and a derogatory term, indicating a high level of harmful intent towards African Americans.",True
115,"First reform ur self before tweeting about others relegion u have no right to do so, no one is claming that my relegion is constitution of world... everyone is free to choose what they want... when cant see in ur own country then dont talk about world",ethnicity,other_cyberbullying,none,harmful,high,"The tweet is a form of online harassment, targeting the person's behavior and judgment, rather than a specific characteristic.",True
116,RT @richardnixon2 @KingJames Fuck you Youre a stupid nigger that would be living on the streets if you couldnt play bball Niggers r so dumb.,ethnicity,ethnicity,African Americans,harmful,high,"The tweet contains racist slurs and attacks on a person's ethnicity, with the intent to cause harm.",True
117,Walked into the room to see two girls that bullied in high school....I was not expecting that,age,not_cyberbullying,none,neutral,none,"The tweet expresses a neutral, non-abusive sentiment about a past experience with bullying.",True
118,@rhythmixx_ :hobbies include: fighting Mariam,other_cyberbullying,other_cyberbullying,Mariam,harmful,high,"The tweet contains a threatening statement towards Mariam, indicating a high level of harm.",True
119,"RT @AlejandroDaGr8: Not by the Guardians of the Galaxy, X-Men, Avengers, Justice League, Thundercats or Ninja Turtles.",other_cyberbullying,not_cyberbullying,none,neutral,none,This tweet is a neutral statement expressing disagreement with a list of superheroes.,True
120,There is nothing they could have done which would have excused this behavior by the police. You are victim blaming. How would you feel if the police did that to your kids? These cops have less self control an average middle school school yard bully.,age,other_cyberbullying,none,harmful,high,"The tweet uses strong language to criticize the police and compares them to a bully, implying a lack of self-control and maturity.",True
121,"@dankmtl Again, idiot, none of that changes the ratio of Muslims to Christians in Palestine. Only Muslim bigotry and abuse changes it.",religion,ethnicity,Muslims,harmful,high,The tweet contains a derogatory term and a false accusation of bigotry against Muslims.,True
122,“@madddierusssell: @ellsbelllls fuck off nigger” i'm fucking asian you dumb slut,ethnicity,ethnicity,African Americans,harmful,high,The tweet contains a racial slur targeting African Americans.,True
123,#MKR the audience goes boooooo! The producers clap their hands with glee!,not_cyberbullying,not_cyberbullying,none,neutral,none,"This tweet is a neutral, non-abusive comment about a TV show.",True
124,girl who bullied me in high school: “hey girl!! have you ever thought about being your own boss?!”,age,not_cyberbullying,none,neutral,none,"The tweet is a sarcastic comment about someone's past behavior, but it does not contain any bullying or harassment.",True
125,I know another reason I was bullied so bad was my chest. For my class I was one of the first to develop. I was skinny and large chested. Until High School some girls were jealous so they treated like shit for it.,age,other_cyberbullying,none,harmful,medium,"The tweet describes being bullied due to physical appearance, specifically body development and chest size, which is a form of harassment not specifically targeting a protected group.",True
126,"@hypatiadotca @GlennF i almost typed ""is it in the cloud"" forgetting that i have keyboard input word replace for cloud to butt.",not_cyberbullying,not_cyberbullying,none,neutral,none,"The tweet is a humorous, non-abusive comment about a personal experience.",True
127,@EqualityMen The motive doesn't lessen the outcome.,gender,other_cyberbullying,none,harmful,low,"The tweet is a critical and somewhat aggressive response, but it does not target a specific group or attribute.",True
128,It is fun watching GG trying to make us fight. Quit trying to make fetch happen. It's never going to happen. @Spacekatgal @TheQuinnspiracy,not_cyberbullying,not_cyberbullying,none,neutral,none,"The tweet is a humorous, lighthearted comment that does not contain any bullying or harassment.",True
129,"I have no intent on linking to the articles where he stated he was backing out. They were an attempt to save face, not an apology.",other_cyberbullying,not_cyberbullying,none,neutral,none,The tweet expresses a neutral opinion without any intent to harm or harass.,True
130,"Here's a big lesson to learn right now in the beginning, quiet the voices of this world. Read the precious word of God, find a mature Christian woman to mentor you, and fall ever more in love with Jesus. He is worthy.",religion,not_cyberbullying,none,neutral,none,"The tweet is a positive and encouraging message, promoting spiritual growth and mentorship without any form of harassment or bullying.",True
131,"@macstein no jor, I bully Ў☺ΰ in a subtle way, leave d details to me",not_cyberbullying,other_cyberbullying,none,harmful,low,"The tweet contains a veiled threat and a subtle insult, indicating a low-level cyberbullying attempt.",True
132,This girl said I bullied her in high school I’ve never in my life bullied anybody I might’ve talked about a mf but I ain’t ever been a bully,age,not_cyberbullying,none,defensive,high,The tweet denies bullying and appears to be a defensive response to an accusation.,True
133,"Oh, honey. You have no fucking CLUE the amount of assholes I've had to knock in the dirt when I had longer more vibrant hair. From high school bullies to abusive family members. Hair is not a determination of who's left standing after a fight.",age,other_cyberbullying,none,harmful,high,"The tweet contains aggressive language and a threatening tone, but it does not target a specific group based on religion, age, gender, or ethnicity.",True
134,https://t.co/iyr1qwhg5p - all these people bragging about  whedon having blocked them. How is that something to brag about?,other_cyberbullying,other_cyberbullying,none,harmful,low,"The tweet is mocking people who were blocked by Joss Whedon, implying they are inferior or insignificant.",True
135,"it’s so funny seeing the girl that bullied me and made my high school experience a living hell post all these positive, uplifting, and inspiring things about “being kind to everyone, always.” coughcoughhypocritecoughcough.",age,other_cyberbullying,none,harmful,high,"The tweet is a personal attack and insult, targeting the person's hypocrisy rather than their identity or characteristics.",True
136,"@AhleFars To win a modern war you have to have educated people, not Madrassa rats.",religion,religion,Muslims,harmful,high,"The tweet uses a derogatory term to insult people who attend Islamic schools, indicating a high level of harm and intensity.",True
137,@DianH4 Islam doesn't answer anything.  It pretends to answer with illogical and delusional superstition.,religion,religion,Muslims,harmful,high,"The tweet attacks Islam and Muslims with derogatory language, indicating a high level of harm.",True
138,"U know, those times John Key made jokes about gay red shirts & Prison Rape & pulled a womans ponytail as a ""Joke""",gender,gender,LGBTQ+ individuals,harmful,high,The tweet targets LGBTQ+ individuals with derogatory language and references to past incidents of bullying.,True
139,"Friends, as an Iranian who was born in a Muslim country and grew up with Muslims, I recommend you Do not let our Muslims pollute your country. Look carefully at Iran and see what Muslims have done to a nation in forty years. Deport these idiots to their own country. Islam is",religion,ethnicity,Muslims,harmful,high,"The tweet contains a racist slur and a call to deport a specific ethnic group, indicating a high level of harmful intent.",True
140,"@CherguiaMbark Mostly it shows how vile, inhuman, digusting, and barbaric that religion is. #Islam",religion,religion,Muslims,harmful,high,"The tweet contains a derogatory statement about Islam, targeting Muslims with a strong intent to harm.",True
141,@Glinner @TURBOCUNT twitter rage has a point. but rage + mob mentality causes some people to lose good sense.,gender,other_cyberbullying,none,harmful,low,"The tweet implies that some people are losing their sense due to a mob mentality, which can be perceived as a derogatory statement.",True
142,"Tw: bullying Okay fluff tsukkiyama au where kei and tadashi have been dating for 5 years now. Tsukkishima isn't as affectionate as yamaguchi so there's some instances that yamaguchi gets insecure. Not only that, some of the students in his schools bullies him.",age,other_cyberbullying,none,harmful,low,"The tweet describes bullying behavior, but it does not target a specific group based on religion, age, gender, or ethnicity.",True
143,And idiots like you can only notice who is Hindu or Sikh or Muslim. Shows your mentality. Don’t know about Hindus but you are certainly not a Punjabi. Now get lost pls. And don’t bother to comment again on my tweets.,religion,ethnicity,Punjabis/Hindus/Muslims/Sikhs,harmful,high,The tweet targets specific ethnic and religious groups with insults and condescending language.,True
144,My fav part of skimming GG tweets is seeing so many people insist that they are unable to develop their views with experience.,other_cyberbullying,other_cyberbullying,none,harmful,medium,"The tweet is condescending and dismissive, implying that others are intellectually inferior.",True
145,"As a young black girl, I was bullied relentlessly for having a diverse group of friends. She just reminds me of the some of the black girls who bullied me daily walking to junior high.",age,other_cyberbullying,none,harmful,high,The tweet describes bullying experiences but also contains a harmful and hurtful statement about black girls who bullied the author.,True
146,"Yet, a Black Man, who heard a white man at a retail store call someone a Nigger, casually and without fear because of the climate you create, got Checked for it and you racebait it to your followers for victimization purposes. This is both Alarming and Disgusting to see.",ethnicity,other_cyberbullying,none,harmful,high,"The tweet expresses outrage and disgust towards a specific incident of racism, but also accuses the person of 'racebaiting' and being a victim, which is a form of harassment and bullying.",True
147,@mystyr_e we'll have more info out about this soon. ;),other_cyberbullying,not_cyberbullying,none,neutral,none,The tweet is a neutral and friendly response with no bullying or harassment.,True
148,"@edgeofthesandbx @batchelorshow @FearDept I'm talking total extermination, bragged about right there in the book.",religion,other_cyberbullying,none,harmful,high,"The tweet contains a threatening and violent statement, targeting no specific group, but rather making a general threat.",True
149,Anyone get off really spouting that Muslim would or wouldn't take over fucking America as if women would fight this fucking hard & just let that fucking happen you fucking idiots same thing with Christianity same thing with any religion get the fuck over it and move on to reality,religion,other_cyberbullying,none,harmful,high,"The tweet contains aggressive language and insults targeting people who believe in various religions, but the primary focus is on the behavior and opinions rather than the religion itself.",True
150,@slabdogs I think the tweet picker is struggling!,not_cyberbullying,not_cyberbullying,none,neutral,none,"The tweet is a neutral comment expressing concern about a tool, without any intent to harm or bully.",True
151,"I think best song in the world is eagle-hotel califoniya( 1994-04-25,26)",not_cyberbullying,not_cyberbullying,none,neutral,none,The tweet is a neutral statement expressing a musical opinion without any abusive or harassing content.,True
152,One day only! $5 for your first month Come simp ur big titty goth gf at https://onlyfans.com/devynndesirae! #onlyfans #onlyfanslink #onlyfanspromo,ethnicity,not_cyberbullying,none,neutral,none,The tweet is a promotional message for a social media platform and does not contain any bullying or harassment.,True
153,I happen to be I'm still just some dumb nigger to a good portion of the population so fuck it. I don't even know what sparked this I guess,ethnicity,ethnicity,African Americans,harmful,high,"The tweet contains a racial slur, indicating a high level of harmful intent towards African Americans.",True
154,"BLOG: #Bullying, ¿un viejo fenómeno con nuevo nombre?   http://cnn.mx/e0001Q3",not_cyberbullying,not_cyberbullying,none,neutral,none,"The tweet is a neutral news article link about bullying, without any abusive language or targeting.",True
155,"If Hart has tweeted that Emily’s face was a “fraternity’s billboard for date rape”, something tells me that she and Howard would have a problem with it, but hey it’s gay people, it’s just a “homosexual-related joke”. Clearly you have no respect for gay people!",gender,gender,gay people,harmful,high,"The tweet contains a derogatory comment about gay people, implying a lack of respect and using a homophobic slur.",True
156,"Read UNHRC report on India, you will know what Modi did to Muslims, so my views are not personal whole world is talking about it. you are too blind to accept it. 2. In protest some idiots get a chance to create havoc, it is true everywhere, doesn't mean all protestors are bad.",religion,other_cyberbullying,none,harmful,medium,"The tweet contains derogatory language and insults towards people who disagree with the author, but does not target a specific group based on religion, age, gender, or ethnicity.",True
157,@0xabad1dea sorry. >.>,other_cyberbullying,not_cyberbullying,none,neutral,none,The tweet is a neutral expression of apology and does not contain any bullying or harassment.,True
158,"WOW, what a read Bill Barr Was a Sick and Sadistic Kid Who Was A Fascist ""High School Tormentor"" and Bully, Classmate Recalls. https://buzzflash.com/articles/bill-barr-was-a-sick-and-sadistic-kid-who-was-a-fascist-high-school-tormentor-and-bully-classmate-recalls-to-buzzflah",age,not_cyberbullying,none,neutral,none,The tweet is a news article summary and does not contain any personal attacks or harassment.,True
159,"Many many congratualtion to our Israeli friends, may u dominate and demolish the islamic terrorism",religion,ethnicity,Muslims,harmful,high,"The tweet contains a derogatory and threatening statement targeting Muslims, promoting violence and domination.",True
160,"And you don’t know that I don’t like a bargain day. I’ve gone to Black Friday for the past 11 years. You don’t know anything about my political beliefs, either. Never said I was advocating for pure socialism or against any form of capitalism. Critiquing society is healthy",ethnicity,not_cyberbullying,none,neutral,none,The tweet expresses a personal opinion and defends against misconceptions without containing any form of harassment or bullying.,True
161,"nevr trust a bitch who calls women ""females""",gender,gender,women,harmful,high,"The tweet uses derogatory language to target women, indicating a high level of harm.",True
162,Wtf this is clarify that the serial has no pork in it so the Muslims can eat it you idiots,religion,other_cyberbullying,none,harmful,high,"The tweet contains derogatory language and insults towards unspecified people, but the primary intent is to mock or provoke rather than targeting a specific group.",True
163,"@tekayfotuwan @bidetofevil okay, sure. whatever you say.",other_cyberbullying,not_cyberbullying,none,neutral,none,The tweet is a neutral response with no intent to harm or bully.,True
164,"You need Jesus! RT @loveee_tdale “@tayyoung_: FUCK OBAMA, dumb ass nigger” watch ya mouth.",ethnicity,other_cyberbullying,none,harmful,high,"The tweet contains profanity and derogatory language, but the primary targets are not a specific group, rather the language itself is abusive.",True
165,"and in a twisted turn of events, the girls that bullied me in high school are begging me to join their pyramid scheme... i’m sorry i just can’t find value in you making money off of me working out? #DontWantUrFizzyStick",age,other_cyberbullying,none,harmful,medium,"The tweet contains a negative and condescending tone towards people who engage in pyramid schemes, but it does not target a specific group based on religion, age, gender, or ethnicity.",True
166,"Very healthy and very normal to call a female colleague—30 years younger than you and who you've never spoken to before—a ""fucking bitch"" because you disagree with her assertion that economic hardship is connected to crime.",gender,gender,women,harmful,high,The tweet contains a derogatory and misogynistic slur targeting a female colleague.,True
167,So Twitter is calling Kat crazy eyes!!!! Bless you Twitter! She literally has the craziest fucking eyes I've ever seen. #mkr,gender,other_cyberbullying,Kat,harmful,high,"The tweet contains a derogatory nickname and insults Kat's physical appearance, indicating a high level of harm.",True
168,"At this moment in time, I am unaware of any effort he has made into this space. I'm tied in w/many orgs. His name has never once come up.",not_cyberbullying,other_cyberbullying,none,harmful,medium,"The tweet implies a lack of effort or relevance, which can be perceived as a form of online harassment.",True
169,"The word #Nigger was created by #Colonists to dehumanize, attack and draw fear from Black slaves. It is a disgusting word meant to hurt. It was never a word meant to be used for endearment. And for those who want to debate on this, you’re going to risk wasting your time.",ethnicity,ethnicity,Black people,harmful,high,The tweet contains a racial slur and aims to educate about its origins and impact.,True
170,"@TedYoho NO MORAL COMPASS IN REPUBLICAN PARTY? NO MORAL COMPASS IN YOUR REPUBLICAN FLORIDA PARTY. DID YOUR MAMA AND DADDY TEACH YOU TO CALL WOMEN YOU DISAGREE WITH ""BITCH"" FEMALE DOG. DID YOUR DADDY CALL YOUR MAMA ""BITCH""? WAS IT AT YOUR DADDYS FEET YOU LEARNED THIS. WWJD",gender,gender,women,harmful,high,The tweet uses a derogatory term to insult a woman and implies she was taught to use such language by her father.,True
171,"I wish for every self identified female a parent who replies, 'YES! because that's not HER name,' when folks say but all they did was call HER a bitch. Did she have to beat they ass to a pulp? #CivilizedTribesKILLme #TrumpVirus #MaskUp",gender,gender,women,harmful,high,The tweet contains derogatory language ('bitch') and a threat of violence ('beat they ass to a pulp') targeting women.,True
172,Hit the snooze button 5 times this morning. I think I broke my own record.,not_cyberbullying,not_cyberbullying,none,neutral,none,"The tweet is a lighthearted and humorous post about the speaker's morning routine, with no intent to harm or harass anyone.",True
173,@Lakeside_ why are you and @IzienTheFreak bullying me this evening..the SI unit of evil ? That's a tad much :(,other_cyberbullying,other_cyberbullying,none,harmful,low,"The tweet accuses two individuals of bullying, but does not target a specific group or use derogatory language.",True
174,Weird how all the girls that bullied me in high school are all pregnant now,age,gender,women,harmful,low,"The tweet targets women with a derogatory implication, implying they are inferior or less capable due to their reproductive choices.",True
175,"Pitiable.. It was bcoz their existence was in danger...First of all why were ISIS,Al Quida,SIMI and numerous Islamic terrorist organizations got created. Wasn't is Jihad that has been driving them and causing a great threat and damage to humanity..where did it come from ?",religion,other_cyberbullying,none,harmful,high,"The tweet contains a derogatory and accusatory tone towards a specific group, Islamic terrorist organizations, without directly targeting a particular individual or group of people.",True
176,@TheCodySimpson u care sooo much for people who get bullied everyday like me plzz retweett,other_cyberbullying,not_cyberbullying,none,helpful,none,"The tweet is a sympathetic and supportive message, not a bullying or harassing statement.",True
177,"One more Down = Humanity & World Saved from Radical Islamic Muslim Evil Reproducing Pigs Chinese Virus, Invaders, Infiltrators, Dead Animal Eaters Bio Jihad Hinduphobia pogrom unleashed by Infiltrators, Rapists, Bombers, Squatters, Allaah U Gabbars, Killers, Terrorists Murderers",religion,ethnicity,"Muslims, Chinese, Hindus",harmful,high,"The tweet contains multiple ethnic slurs and attacks targeting Muslims, Chinese people, and Hindus.",True
178,"Bsdk, these festivals are being celebrated since many years. Before your Muslims comes to my Bharat. And there's nothing pollution but, For you idiots it's oky when Bl00d of innocent Animals flows on roads even on a single festival. Festivals will continue. Kya ukadna ukadlo.",religion,ethnicity,Muslims,harmful,high,"The tweet contains ethnic slurs and attacks on Muslims, indicating a high level of harmful intent.",True
179,@Jonn_eBooks Damn Feminazi,gender,gender,feminists,harmful,high,"The tweet uses a derogatory term to attack feminists, indicating a high level of harm and intensity.",True
180,School blues. School bullies who gave out the blues... Jesus. What a society...,age,other_cyberbullying,none,harmful,low,"The tweet expresses frustration and criticism towards a societal issue, but does not target a specific group.",True
181,@sampepper WHEN YA MAKING THAT VLOG ABOUT U BEING GAY.Once no more rape jokes I told Ya lad just tell them YOU LOVE CATCHING YOU DONT PITCH,gender,other_cyberbullying,none,harmful,high,"The tweet contains aggressive language and threats, targeting the person's behavior and making a demand, but does not contain any specific attack on a protected group.",True
182,Lmfao! @starrawassfuck pull out with somee kool-aid! #blackstatus love this girl always mkes me laugh!,not_cyberbullying,not_cyberbullying,none,neutral,none,"The tweet is a lighthearted and playful comment, expressing admiration and amusement.",True
183,@SilverMillsy that was the best link i could find for it. :P,other_cyberbullying,not_cyberbullying,none,neutral,none,"The tweet is a neutral, friendly response with no bullying or harassment.",True
184,"While planning my entire life around getting home before dark, I absolutely have time to applaud men for not raping. #BlameOneNotAll",other_cyberbullying,gender,men,harmful,high,"The tweet implies that men are inherently prone to rape, perpetuating a sexist stereotype.",True
185,"@brvden ANWAY, don't say nigger, and don't be a dumb fuck. bye",ethnicity,ethnicity,African Americans,harmful,high,The tweet contains a racial slur targeting African Americans.,True
186,"Some lady cut us off Coworker ""damn bitch why don't you watch where the fuck you going, yea you dumb bitch, stupid fucking nigger""",ethnicity,gender,women,harmful,high,The tweet contains misogynistic language and derogatory terms targeting women.,True
187,"@zip i haven't heard anything, and i tend to have my ear to the ground with such things.",other_cyberbullying,not_cyberbullying,none,neutral,none,"The tweet is a neutral response to another user, expressing a lack of knowledge or awareness.",True
188,See these dumb ass niggers ate all my dinner and now im hungry fuck man >:(,ethnicity,ethnicity,African Americans,harmful,high,"The tweet contains a racist slur, targeting African Americans with a derogatory term.",True
189,"@z0mgItsHutch So when we make a rape joke, or a gay joke, or a racist joke, even ironically, there is someone in the room who is reinforced",gender,other_cyberbullying,"victims of rape, gay people, and people of color",harmful,high,"The tweet mentions jokes that are hurtful to various groups, implying that they can cause harm even when made ironically.",True
190,@TimOfLegend just heard about yesterday. Well done. :),other_cyberbullying,not_cyberbullying,none,neutral,none,The tweet is a congratulatory message with no negative or harassing content.,True
191,"@Cactus_Soup90 tweetdeck is owned by twitter, and was bought around the time that devpolicy was changed.",not_cyberbullying,not_cyberbullying,none,neutral,none,The tweet is a factual statement about the ownership of TweetDeck and its relation to a policy change.,True
192,Thank you for proving my point. The anti Jewish state in tow with with the anti Muslim state too. No UN states (and more non UN) recognize Artsakh? Come on you're just an idiot now.,religion,other_cyberbullying,none,harmful,high,"The tweet contains a personal attack and insults, but does not target a specific group based on religion, age, gender, or ethnicity.",True
193,"Nah, if I call a girl a girl a bitch she gone be boo-hoo’n and getting extra and shit. So ima just call you a female",gender,gender,women,harmful,high,The tweet uses derogatory language to target and demean women.,True
194,@So_Avant_Garde your a bully lmao,other_cyberbullying,other_cyberbullying,none,harmful,low,"The tweet contains a derogatory term and a negative intention, but it does not target a specific group based on religion, age, gender, or ethnicity.",True
195,dont feed me that bullshit about how a person is fucked up if they find race jokes funny or gay jokes funny or rape jokes funny,gender,other_cyberbullying,none,harmful,high,"The tweet expresses strong disapproval and outrage towards people who find certain types of jokes funny, without specifically targeting a particular group.",True
196,RT @wetsprocket: @mcfartle Someone is paying money to get @freebsdgirl reported to twitter. Twitter.,other_cyberbullying,other_cyberbullying,none,harmful,low,"The tweet is reporting harassment, but does not contain any explicit bullying language or targeting of a specific group.",True
197,Not true but when world colored by bigotry/racism viewpoint THAT is ALL U will EVER see! Me thinks U protest 2 much?!,ethnicity,other_cyberbullying,none,harmful,medium,"The tweet contains a condescending tone and an accusation of being overly sensitive, which is a form of harassment.",True
198,"@DeaniesWienies ""the whole equality thing is getting out of hand."" I'll just leave this here",not_cyberbullying,other_cyberbullying,none,harmful,low,"The tweet expresses a negative and dismissive sentiment towards equality, but does not target a specific group.",True
199,"Attorney General Barr kept a smug look on his face, like have they audacity ask me those questions. I am Trump man, we will run this country as we see fit. He enjoy the bullying. He was probably a fat bully in school.",age,other_cyberbullying,Attorney General Barr,harmful,high,"The tweet contains personal attacks and insults towards Attorney General Barr, with no specific reference to his age, gender, ethnicity, or religion.",True
200,"Except for the b***** next to me who have no etiquette. They bullied young middle/high school girls out of their front row spots, invaded everyone’s personal space, and tried jumping over the gate and ONTO stage. They deserved to be thrown out",age,other_cyberbullying,none,harmful,high,"The tweet contains aggressive language and a demand for physical removal, but does not target a specific group based on religion, age, gender, or ethnicity.",True
201,#BlameOneNotAll bunch of 1st world feminists dictating to a third one country in sexist &racism way how a male positive HT is bad for women,other_cyberbullying,gender,feminists,harmful,high,"The tweet targets feminists with sexist and misogynistic language, blaming them for promoting sexism and racism.",True
202,"#BlameOneNotAll because I have to make everything about me. Yes, even your traumas are about me, and if they aren't, I'll make them.",other_cyberbullying,other_cyberbullying,none,harmful,high,"The tweet displays manipulative and gaslighting behavior, attempting to shift the focus onto the speaker and belittle others' experiences.",True
203,they look like the type of ppl who would bully me in middle school,age,other_cyberbullying,none,harmful,low,The tweet implies a general threat of bullying without specifying a particular group or characteristic.,True
204,"Your understanding of good and evil is a little warped my friend - head chopping, child rape, dressing women in black sheets, gay killing and slave trading are in fact evil, all are prevalent in countries you love, like Syria, Libya etc. You are a joke and detached from truth.",gender,other_cyberbullying,none,harmful,high,"The tweet contains a personal attack and insults, but targets the person's worldview and moral compass rather than a specific characteristic.",True
205,"Retreating to being a ""character"" is the last refuge of a scoundrel. Also, rape jokes, trans jokes, anti gay jokes, etc.",gender,other_cyberbullying,none,harmful,high,"The tweet contains a list of derogatory jokes targeting various groups, indicating a pattern of harassment.",True
206,@theheraldsun Depends if these 2 cesspools came from a house that taught them integrity and morals as a child ... Sadly not 😕 #toxickat #mkr,gender,other_cyberbullying,none,harmful,high,"The tweet uses derogatory language to insult the individuals' upbringing and character, without targeting a specific group.",True
207,@iamshapit I love it when men need to create a system of inequality because they know they can't compete with women at home or at work,gender,gender,men,harmful,high,"The tweet contains a derogatory statement targeting men, implying they are inferior to women.",True
208,yea ion let no female walk over me and duhh I’m not gonna call my girl a bitch but if you acting like one you gonna get address like you acting like one idgaf you not finna act and think it’s ok,gender,gender,women,harmful,high,"The tweet contains derogatory language and threats towards women, indicating a high level of harm and aggression.",True
209,@Taurmaurils oh my gosh. that's got to be difficult.,other_cyberbullying,not_cyberbullying,none,neutral,none,"The tweet expresses sympathy and concern, without any abusive or harassing language.",True
210,"People Laugh, Bully, Tease, Make Fun Of You Only Because They Are Jealous Of You. And Are Insecure. Kill Them With Kindness.<3",not_cyberbullying,other_cyberbullying,none,harmful,low,"The tweet uses a general statement to advise dealing with bullies, without targeting a specific group.",True
211,@AnonMnom @LBigmann Source.,not_cyberbullying,other_cyberbullying,none,harmful,low,"The tweet appears to be a dismissive or mocking response, which can be considered cyberbullying.",True
212,"@Nanny_KFC nite u too,miz u ja sissy ^_^",not_cyberbullying,gender,men,harmful,low,The tweet contains a derogatory term 'sissy' targeting men.,True
213,"Yeah back at middle school to junior high, i was bullied and considered a weirdo for drawing sonic :') I was nicknamed as 'sonic girl' and had no friends for like most of the years I spent at that awful school.",age,not_cyberbullying,none,neutral,none,"The tweet describes a past experience of bullying, but it is not directed at anyone in particular and is more of a personal reflection.",True
214,"@jkronenwetter18 I'm sure the commentators you DON'T find attractive make less money, because your opinion matters so much.",gender,other_cyberbullying,none,harmful,low,The tweet is a form of harassment through condescending language and mocking tone.,True
215,the fact ateez went from pirates boy to school bullies boy really sends,age,other_cyberbullying,none,harmful,high,"The tweet expresses a strong negative sentiment towards a group of people, specifically fans of a K-pop group, without targeting a specific protected characteristic.",True
216,"If I had your face, I'd be MADD too though. RT @tayyoung_: FUCK OBAMA, dumb ass nigger http://lockerz.com/s/259510987",ethnicity,other_cyberbullying,none,harmful,high,"The tweet contains hate speech and harassment, but it is not specifically targeting a particular group based on religion, age, gender, or ethnicity.",True
217,deepdown nahii upar se maan lete hai hinduism galat hai but give me some reason to leave it n if u think islam is right then why islamic terrorism around the world? why terroristorganisation set up in the name of islam because allah loves terrorist or u r hidingsomethinginhuman,religion,religion,Hindus,harmful,high,"The tweet attacks Hinduism and implies that Islam is superior, using derogatory language and making unfounded accusations.",True
218,"ELI best rap Album iceprince, not sentimental at all. Its worth it",not_cyberbullying,not_cyberbullying,none,neutral,none,The tweet is a neutral opinion about a music album and does not contain any bullying or harassment.,True
219,"Thousands of Indians, both Muslims n non Muslims r getting far far far better treatment with high quality food n diet than in India. Have you seen a single video of Indians abroad complaining of police brutality, lack of food, treatment? Idiot.",religion,ethnicity,Indians,harmful,high,"The tweet contains a derogatory term and insults directed at Indians, a specific ethnic group.",True
220,Idk anything about Idina Menzel except that she gives off the exact vibe of every show choir girl that bullied me in high school,age,other_cyberbullying,none,harmful,low,"The tweet is a form of bullying by recalling past negative experiences, but it does not target a specific group based on religion, age, gender, or ethnicity.",True
221,@JanielleeeStarr MUST PUNISH YOU AH . FOR BULLYING PRISCILLA >:],other_cyberbullying,other_cyberbullying,none,harmful,high,"The tweet is a threat of punishment for bullying, indicating harassment or intimidation.",True
222,African Americans do not support you Trump Hispanics do not support you Trump American Muslims do not support you Trump Puerto Ricans most definitely do not support you Trump American Indians hate you Trump don't support you either 90% of the country think you're an idiot,religion,ethnicity,"African Americans, Hispanics, American Muslims, Puerto Ricans, American Indians",harmful,high,"The tweet contains racist and ethnic slurs targeting multiple ethnic groups, with the intention of causing harm to Trump's reputation and character.",True
223,"N niggas wanna ask why i don't fuck wit people, yah dumb ass niggers don't know how to act!!",ethnicity,ethnicity,African Americans,harmful,high,"The tweet contains racist slurs targeting African Americans, indicating a high level of harmful intent.",True
224,"@RecycledTexan I give one fuck about impressing a ""WHITE NIGGER""! This is your language, it's in your dictionary ""PALE NIGGER""! R U DUMB?",ethnicity,ethnicity,African Americans,harmful,high,The tweet contains racist slurs targeting African Americans.,True
225,@CALMicC he kept me informed on stuff id missed and seemed ok. I liked him.,other_cyberbullying,not_cyberbullying,none,neutral,none,The tweet expresses a positive sentiment and does not contain any bullying or harassment language.,True
226,"How about a quote from Biden’s friend who called him son. “Yet, Mr. President, we talk about racial equality. I assert that the Negro race is an inferior race. The doctrine of white supremacy is one which, if adhered to, will save America.” Source:",ethnicity,ethnicity,African Americans,harmful,high,"The tweet quotes a statement that asserts the Negro race is inferior, promoting white supremacy and racism.",True
227,Dumb nigger fuck always comes in my room uses my piano and plays one song @Rowellisous,ethnicity,ethnicity,African Americans,harmful,high,"The tweet contains a racist slur and a derogatory tone, targeting African Americans.",True
228,"Amazing how Reuben never seems to get anybody from @middxfa liking his tweets or replying in support of his comments. None from @refsupportuk either, or any of his 'friends' and associates.",religion,other_cyberbullying,none,harmful,medium,"The tweet is a form of online harassment, targeting Reuben's social interactions and relationships, without referencing any protected characteristic.",True
229,Stop acting dumb and grow the fuck up you little ignorant piece of nigger,ethnicity,ethnicity,African Americans,harmful,high,"The tweet contains a racial slur, targeting African Americans with a high level of intensity and harmful intent.",True
230,Idiot idolater there are 59 Muslim majority countries and no need for you to divide the world purely and very sharply into religious basis,religion,other_cyberbullying,none,harmful,high,"The tweet contains a derogatory term and a condescending tone, but it is not specifically targeting a person's religion or faith.",True
231,#oomf keeps bullying me :(,other_cyberbullying,other_cyberbullying,none,harmful,low,"The tweet expresses frustration and feeling bullied, but does not specify the reason or target group.",True
232,to incessant needlepoint in a neo-communist FemiNazi Gulag!,gender,gender,feminists,harmful,high,"The tweet uses derogatory terms to attack feminists, indicating a high level of harmful intent.",True
233,"@ANN_Lynzee and most rational people don't. but there's enough grouped that if they repeat it often enough, ppl forget to look for a source.",other_cyberbullying,other_cyberbullying,none,harmful,low,"The tweet implies that a group of people is irrational, but does not specify a particular group, making it a form of general harassment.",True
234,"Alton Tip-Off Classic tonight, 6:00pm Northwest Academy vs. O'Fallon. 7:30pm Jacksonville vs. Alton",not_cyberbullying,not_cyberbullying,none,neutral,none,This tweet is a neutral announcement of a sports event with no bullying or harassment content.,True
235,Wese sochne ki bt ha India khtm hoa tou tm log kahan Zalel ho gy? Even India py Muslims rule for 800 years. We rule over you idiot,religion,ethnicity,non-Indians,harmful,high,"The tweet contains a derogatory statement targeting non-Indians, implying they would be inferior or helpless without India.",True
236,I fucking hate that I've been locking myself out all this week,other_cyberbullying,not_cyberbullying,none,neutral,none,The tweet expresses frustration and annoyance but does not contain any abusive language or targeting of a specific group.,True
237,YES BYE @KeyonMorris: I'm not sexist but if we ever get a woman president I'm moving out the country,gender,gender,women,harmful,high,"The tweet expresses a threat to move out of the country if a woman becomes president, implying a discriminatory attitude towards women.",True
238,@allstars_Mandoo I'm neither teasing or bulling you oppa ^^ princess fiona wouldn't do that! :D (aka me ^^) Lets go then ^^~,other_cyberbullying,not_cyberbullying,none,neutral,none,The tweet is a friendly and playful message with no intent to harm or bully.,True
239,RT @HajiIshak1: RT @deaannnaa_:Katie and Nikki are frkn annoying stfu #MKR you're not even hot lol stop  RT:@.vid.http://t.co/cRzO2P219y,gender,other_cyberbullying,none,harmful,high,"The tweet contains derogatory language and insults towards two individuals, Katie and Nikki, without targeting any specific protected group.",True
240,@brookemarielane Haha!  Ditto!  I'm actually posting a pumpkin recipe this week.  #CantGetEnough!,not_cyberbullying,not_cyberbullying,none,neutral,none,The tweet is a friendly and neutral comment about a shared interest.,True
241,"I have been called Bassboy, garden boy, house negro, white zombie the list is endless.",ethnicity,other_cyberbullying,none,harmful,high,"The tweet describes a pattern of derogatory nicknames, indicating a general experience of harassment rather than targeting a specific group.",True
242,@Taurmaurils WATCH THIS IT IS AMAZING https://t.co/qEliaGvI24,other_cyberbullying,not_cyberbullying,none,neutral,none,"The tweet is a neutral, friendly message sharing a link without any abusive content.",True
243,I was bullied pretty hard before high school. Girls bully by isolating you and crushing your self worth. When I started high school I had zero friends left.,age,gender,girls,harmful,high,"The tweet describes girls as bullies, implying a negative stereotype about females.",True
244,"i used to get bullied so badly in middle school by these two girls bc of my acne.. i cried a lot... i didn't see them again until high school but dAMN, karma got them back bc they ended up with worse acne than what i ever had. they shouldn't have been mean to me.",age,other_cyberbullying,none,harmful,low,"The tweet contains a negative and vindictive comment about two individuals who bullied the author in the past, but does not target a specific group based on religion, age, gender, or ethnicity.",True
245,Those white painted up imposters so called Native Americans are not the Real Indigenous Indians of the USA. We are the Only Negros who are Hebrew!!! All blacks in America are not Hebrews. They have imported a lot of foreign niggas to culture rape us and replace us. GENOCIDE!!!,ethnicity,ethnicity,Native Americans and African Americans,harmful,high,"The tweet contains racist and ethnic slurs targeting Native Americans and African Americans, and accuses them of cultural replacement and genocide.",True
246,@SFtheWolf there are better ways to make that comic & not scare off all your female customers.,not_cyberbullying,gender,women,harmful,low,"The tweet implies that the comic's content is off-putting to female customers, targeting them with a negative stereotype.",True
247,@DGFurr @CNN @marcorubio Yep! ANOTHER FALSE FLAG JUST LIKE IRAQ. WE AINT IDIOTS YOU KNOW. US MEDIA MUST CUT THE CRAP AND BS!,other_cyberbullying,other_cyberbullying,none,harmful,high,"The tweet contains aggressive language and accusations of deception, but does not target a specific group based on religion, age, gender, or ethnicity.",True
248,"THINKING CHALLENGE: What percentage of school age kids (K - 12th grade) have experienced bullying or been a bully, themselves? #FurlowEC #MoraineValley #SchoolsAndDelinquency",age,not_cyberbullying,none,neutral,none,"The tweet is a neutral, informative question about bullying statistics and does not contain any abusive language or intent.",True
249,Zakula I had hoped that maybe there was a brain in your head. I was mistaken. My bad. You say there’s no sharia law? Then what are no go zones unless you’re Muslim. She did marry her brother. It’s been proven. You’re in denial and the idiot.,religion,other_cyberbullying,none,harmful,high,"The tweet contains multiple insults and derogatory comments targeting Zakula's intelligence and behavior, without referencing any specific protected characteristic.",True
250,"At least people were afraid to laugh at me cause I was the weird girl. Which usually you'd think it was the opposite, but luckily after being bullied bad in jr high, I learned how to give off a douchey vibe to get people to back off. At least to my face",age,other_cyberbullying,none,harmful,medium,"The tweet describes the author's experience with bullying and their strategy to cope with it, but does not target a specific group.",True
251,@MrAlMubarak Allah the terrorist can stick what he wants up his giant  ass.,religion,religion,Muslims,harmful,high,"The tweet contains a derogatory and violent comment targeting a Muslim individual, using Allah as an insult.",True
252,"The film ends where it started with Nimbe murdering his school bully in the glare of everyone. It was his final unraveling as a gangster, completing a total turnaround for a mummy's boy. #NIMBE",age,not_cyberbullying,none,neutral,none,"The tweet is a neutral review of a film, discussing its plot and characters without any abusive or harassing language.",True
253,RT @yungturd: there should b an app that tells you when the best time to walk into guitar center is without being raped by 14 yr old's guit…,not_cyberbullying,other_cyberbullying,none,harmful,high,"The tweet contains a threat of physical harm and harassment, targeting a specific group (in this case, the general public), but the primary focus is on the behavior rather than a specific demographic.",True
254,"Idiot. I lived there for over 30 years. You are lying. They do not have their own police force. They might have a neighborhood watch like the Muslims, the LGBTQ, the students at Columbia, the Guardian Angels and so on. Stop being an idiot.",religion,other_cyberbullying,none,harmful,high,"The tweet contains derogatory language and insults, but the target is not a specific group based on religion, age, gender, or ethnicity.",True
255,You made a good point about NATO's war crimes against humanity. Unfortunately with the same breath you promote NATO's dirty narrative that demonizes the word Jihad. Terrorists are NOT Jihadists. Jihad is a sacred struggle not terrorism.,religion,other_cyberbullying,none,harmful,medium,"The tweet criticizes and corrects the author's narrative, but does so in a confrontational and accusatory manner, which can be considered cyberbullying.",True
256,I refuse to step foot in Hip Hop Chicken. Them fuck ass egyptians profiting off you dumb niggers. I will not drink the koolaid.,ethnicity,ethnicity,Egyptians and African Americans,harmful,high,"The tweet contains racist slurs targeting Egyptians and African Americans, indicating a high level of harmful intent.",True
257,@jwillmitch318 @Magnusxxn @AdamHorowitzLA Adultery:canon. Rape jokes:canon. Man ignoring a woman's requests 2 stay away:canon. BUT OH NO GAY,gender,gender,LGBTQ+ individuals,harmful,high,"The tweet targets LGBTQ+ individuals with a derogatory tone, implying that their existence is less important than other forms of immorality.",True
258,@BlackGirlTia This is a list of lies and baloney that you are presenting.  It has zero to do with the Quran and Hadiths.,religion,other_cyberbullying,none,harmful,high,"The tweet contains aggressive language and insults, targeting the person's credibility and argument, but not a specific protected group.",True
259,“@ouchnolarry: Things to not joke about • mental illnesses • suicide • self harm • rape” •making fun of gay people •people's weight,gender,other_cyberbullying,LGBTQ+ individuals and people with weight issues,harmful,high,"The tweet lists topics to avoid joking about, then explicitly mentions making fun of gay people and people's weight, indicating a harmful intent to mock and belittle these groups.",True
260,RT @rrangel_04: Hate the girls who act like they're your friend yet lowkey want your nigga,gender,gender,women,harmful,high,"The tweet contains derogatory language targeting women, implying they are deceitful and manipulative.",True
261,And u have all these Black cops playing house nigger to the white Sargent it was fuckin disgusting if you ask me ...,ethnicity,ethnicity,African Americans,harmful,high,The tweet contains a racist slur and a derogatory term targeting African Americans.,True
262,"@vex0rian @Sir5000 @StormsOnSaturn yeah, i've got a cron to kick it. it must not be kicking it properly.",not_cyberbullying,other_cyberbullying,none,harmful,low,"The tweet contains a derogatory term and a threat, indicating a low-level cyberbullying incident.",True
263,"Spreading “kindness” and “blm” when they themselves are the bullies and racist scumbags who literally made me want to end it all in secondary school, leaving life long body issues, mental health issues etc. And also spread a rumour that her ex (who happened to be black) hit her-",age,other_cyberbullying,none,harmful,high,"The tweet contains accusations of bullying, racism, and spreading rumors, with a focus on the perpetrator's actions rather than targeting a specific group.",True
264,@iSpeakCharming NIGGA YOU DUMB AS SHIT. FELTON IS ASS. PAYLESS PG. FAGOT. YOU A WELFARE DUMB NIGGER. JUST GO FUCK YOURSELF,ethnicity,ethnicity,African Americans,harmful,high,The tweet contains multiple racist slurs targeting African Americans.,True
265,se eu confessar que tô começando a gostar de fonk algm vai fazer bullying ??,not_cyberbullying,other_cyberbullying,none,harmful,low,"The tweet expresses concern about potential bullying, but does not target a specific group.",True
266,They are just auditioning to work @FUNimation where gay jokes and rape jokes are tolerated. No surprise.,gender,gender,LGBTQ+ individuals,harmful,high,"The tweet contains a derogatory comment about gay individuals, implying that they are not taken seriously.",True
267,@donnabrazile Christian woman ??? Right waste of flesh,religion,gender,women,harmful,high,The tweet contains a derogatory comment targeting a woman based on her gender and faith.,True
268,Mocked me about being short and wearing thick glasses. I felt as though I was back in high school being bullied by the mean girls. :( And this was from a woman who was at least 20 years older than I was at the time.,age,other_cyberbullying,none,harmful,high,"The tweet describes a bullying experience, but the target is not specified by a protected characteristic, and the focus is on the emotional impact rather than a specific trait or group.",True
269,HAPPY BIRTHDAY @Charalice_ !! ur one of the first sam friends i made i honestly love u to pieces and i hope you have the happiest and best birthday like u deserve <33,ethnicity,not_cyberbullying,none,neutral,none,The tweet is a friendly and celebratory message with no bullying or harassment.,True
270,"I have lost a best friend today, all because of DUMB FUCKS. Hey Ashley go fuck yourself with a piece of shit, then go eat a nigger.",ethnicity,other_cyberbullying,none,harmful,high,"The tweet contains highly abusive and profane language, targeting no specific group, but rather expressing anger and frustration.",True
271,I hate doing lab write ups. Dumb ass science bullshit.. fuck your labs nigger. ,ethnicity,other_cyberbullying,none,harmful,high,"The tweet contains profanity and derogatory language, but the target is not a specific group based on religion, age, gender, or ethnicity.",True
272,"you’re an idiot. you’re minimizing the movement by bringing up such unnecessary context . disgusting. innocent lives will always matter. don’t care if that person was a shia muslim, sunni Muslim, ahmadi. whatever y’all wanna say.",religion,other_cyberbullying,none,harmful,high,"The tweet contains aggressive language and insults, targeting the person's behavior rather than their identity or group affiliation.",True
273,RT @davidjones720: OBAMA and his love for golf is greater that love for CHRISTIANS or Jews ! http://t.co/LludcU5jSP,religion,other_cyberbullying,Christians and Jews,harmful,high,"The tweet attacks Obama's priorities, implying he favors golf over Christians and Jews, without using explicit slurs or insults.",True
274,"Lol! RT @retrowill3 Why are you mad Fat Girl RT @tayyoung_: FUCK OBAMA, dumb ass nigger",ethnicity,other_cyberbullying,none,harmful,high,"The tweet contains hate speech and derogatory language, but it is not specifically targeting a particular group based on religion, age, gender, or ethnicity.",True
275,@NATgotemall never that not me lls,not_cyberbullying,not_cyberbullying,none,neutral,none,The tweet appears to be a nonsensical or confusing message with no apparent intent to harm or harass.,True
276,That's what his stupid ass get. ðð https://t.co/UOn2vjNu3P,other_cyberbullying,other_cyberbullying,none,harmful,high,"The tweet contains a derogatory insult, indicating a high level of harmful intent.",True
277,"MC, don't lie blatantly.. I don't rely on Wikipedia and mainstream media. They twist the story like anything. Do you remember Moola Genocide, Kashmir Genocide, Godhra Genocide? Did Hindu's kill Muslim? Don't be a idiot. We are not oppressor. We are safe guarding our culture.",religion,other_cyberbullying,none,harmful,high,"The tweet contains aggressive language and accusations, but the primary target is not a specific group based on religion, age, gender, or ethnicity, but rather a person's perceived behavior and lack of knowledge.",True
278,@NNdabbour64 And I would never go near a country with blasphemy laws.,religion,religion,Muslims,harmful,low,"The tweet implies criticism and disapproval of countries with blasphemy laws, which are often associated with Islamic law.",True
279,MTV VMAs: Kevin Hart jokes he was bullied to host sans pay [Video] http://t.co/p6gmXNT,not_cyberbullying,not_cyberbullying,none,neutral,none,"The tweet reports on a celebrity's statement about being bullied, but does not contain any bullying content itself.",True
280,with faith n hope belief,other_cyberbullying,not_cyberbullying,none,neutral,none,The tweet expresses a positive sentiment and does not contain any form of bullying or harassment.,True
281,@suranie Exactly.  Merkel is defending this.  And the protesters are called Islamophobes for being against it. http://t.co/08ZwRcTo88,religion,other_cyberbullying,none,harmful,medium,"The tweet is cyberbullying because it labels protesters as Islamophobes, implying they are bigoted, without providing evidence or context.",True
282,@baroqueout babe that was a fucking terrible thing to have happen and in no way your fault.,other_cyberbullying,not_cyberbullying,none,helpful,none,"The tweet is a supportive and empathetic message, expressing sympathy for the person's misfortune.",True
283,Standing up for those that are afraid.,other_cyberbullying,not_cyberbullying,none,neutral,none,"The tweet expresses support and solidarity, without any negative or abusive content.",True
284,there isn’t one and I doubt you’d know since this is the first time ur seeing a pride flag im so proud of you gowri sending you love,ethnicity,not_cyberbullying,none,neutral,none,"The tweet expresses support and pride, with no bullying or harassing language.",True
285,@SuperSpacedad @ggautoblocker ❤️❤️😊,other_cyberbullying,not_cyberbullying,none,neutral,none,The tweet contains positive emojis and does not contain any abusive or harassing language.,True
286,"U see the biggest problem we have in our country is that everything is about racist..racism is a weapon use to cover up the wrong of others..to be found not guilty just use racism to escape..all South Africans is racist white,black,colored and every other racist in South Africa.",ethnicity,ethnicity,South Africans,harmful,high,"The tweet makes a generalization that all South Africans are racist, regardless of their ethnicity, and uses derogatory language to describe them.",True
287,"I've seen liberals get mad for criticizing them over mocking Trump and Putin by making them a gay couple, or making prison rape jokes about people who worked under Trump.",gender,other_cyberbullying,none,harmful,high,"The tweet contains derogatory and mocking content targeting individuals with opposing political views, but does not specifically target a protected group.",True
288,No it's called racism. Perhaps read the definition in a dictionary. This covers most bases of racism so you don't come across a complete idiot in future Btw don't make assumptions that all Muslims are religious or to what level. Or those of other religions.,religion,ethnicity,Muslims,harmful,high,"The tweet contains a racist slur and makes assumptions about Muslims, indicating a high level of harmful intent.",True
289,"@brianfenton eh, it doesn't bother me.",other_cyberbullying,not_cyberbullying,none,neutral,none,"The tweet is a neutral response to a person, expressing indifference rather than any form of bullying or harassment.",True
290,the way men call women bitches and females don't sit right with me,gender,gender,women,harmful,medium,"The tweet expresses disapproval of derogatory language used by men against women, indicating a harmful intent towards men who engage in this behavior.",True
291,He told to destroy radical Islamic Terrorism not Islam fool or do u believe that all Islamic ppl r radicals then u cry later that Terrorism has no any religion. Hypocrite,religion,other_cyberbullying,none,harmful,high,"The tweet is a form of online harassment that attacks the person's argument and labels them a hypocrite, without targeting a specific group.",True
292,RT @coltonodoherty I hate it when girls are in a bad mood so what i'm trying to say is I hate girls,gender,gender,women,harmful,high,"The tweet expresses a derogatory sentiment towards women, indicating a high level of harm.",True
293,"You’re no different than the idiot liberals who boycott anyone who deviates from their exact worldview. I think Mark is being obtuse to suggest China’s treatment of Muslims is “domestic policy“ but hes a good guy, how about we convince him with argument and not lame boycotts.",religion,other_cyberbullying,none,harmful,medium,"The tweet contains derogatory language and insults towards a group of people (liberals) and an individual (Mark), but it is not based on a specific protected characteristic.",True
294,HIGH SCHOOL. FUCKING. BULLIES!!,age,other_cyberbullying,none,harmful,high,"The tweet contains strong profanity and a general insult towards high school students, indicating a high level of cyberbullying intent.",True
295,"Persona 5 is a game that has themes of: Rape, sexual harassment and abuse, murder, and suicide, but a joke scene featuring two gay predators is where you draw the line?",gender,other_cyberbullying,LGBTQ+ individuals,harmful,high,"The tweet targets LGBTQ+ individuals with a derogatory joke, implying predatory behavior.",True
296,stan got this A+ last word before blocking me: Ever heard of caustic #sarcasm? Rename yourself @yesyoureaBellend Thanks Awfully *mwah!* xxx,not_cyberbullying,other_cyberbullying,none,harmful,high,"The tweet contains aggressive language and insults, but they are not based on any protected characteristic.",True
297,I 've never seen such an overly-entitled toddler tantrum bullshit review from a supposed professional before. It reads like a high school mean girl post she bullied the schools newsletter into including coz she mad about something,age,other_cyberbullying,none,harmful,high,"The tweet uses derogatory language to insult the author's professionalism and maturity, without targeting a specific group.",True
298,"Le dan color con los tuiteros que almorzaron con Piñera.Tanto bullying,si hubieran sido ustedes los invitados habrían ido igual. #Esonomás.",not_cyberbullying,other_cyberbullying,none,harmful,medium,"The tweet contains bullying language and criticism towards a group of people, but it is not based on any specific characteristic such as religion, age, gender, or ethnicity.",True
299,"We never ashamed to be called black. The first African to get its independence from the white terrorist. You all have one of the colors of our flag , green,yellow and red. And check what the WHO chairman said. I'm negro I'm black there is more",ethnicity,ethnicity,blacks,harmful,high,"The tweet contains a derogatory term 'white terrorist' and a racial identity declaration, indicating a high level of harmful intent towards a specific ethnic group.",True
300,tbh i don’t think he was really a “villain” i think his character was just trying not to disappoint his parents. he was more of the high school bully character,age,not_cyberbullying,none,neutral,none,"The tweet is a neutral analysis of a character's motivations, without any intent to harm or bully.",True
301,Kat and Andre are now more hated than Adam and Carol. #mkr,not_cyberbullying,other_cyberbullying,none,harmful,low,"The tweet expresses a negative sentiment towards individuals, but does not target a specific group based on religion, age, gender, or ethnicity.",True
302,RT @finicalgal: Stuffing up instant couscous should be an immediate elimination.,not_cyberbullying,not_cyberbullying,none,neutral,none,This tweet is a neutral comment about cooking and does not contain any bullying or harassment.,True
303,@jwinno #AskJosh Can you tweet me so I can fangirl in the middle of class? <33 Love you.,not_cyberbullying,not_cyberbullying,none,neutral,none,The tweet is a friendly and harmless message between two individuals.,True
304,"I apologize Mahmut, but there about 40 million muslims who would like to have a word with you about ""leaving the scholars aside."" In fact, parts of the koran itself were written by scholars just interpreting previously written portions of the book. You sir, are an idiot.",religion,religion,Muslims,harmful,high,"The tweet contains a derogatory term and insults a Muslim individual, targeting their faith.",True
305,"So you mean to tell me that this so called free Black man was operating like a white man at white supremacy’s peak, you don’t think that’s it’s a smear campaign so y’all negros and white supremaist can say “Blacks owned slaves too”. To further villains the victims?",ethnicity,other_cyberbullying,Blacks,harmful,high,"The tweet contains derogatory language and a smear campaign against Black people, with the intent to harm and belittle their historical experiences.",True
306,"Big Boobs. A Thread. I had breasts before most of the girls in the locker room in 6th grade, and was bullied; I was groped in 8th grade, and by high school, I wore hoodies so people would leave me alone. That was a them problem that I internalized, falsely believing people would",age,gender,women,harmful,high,"The tweet describes the author's experiences with bullying and harassment related to their physical appearance, specifically their breasts, which is a form of sexism and misogyny.",True
307,I heard Dumb niggers can fuck the most. Who knew ?,ethnicity,ethnicity,African Americans,harmful,high,"The tweet contains a racist slur targeting African Americans, indicating a high level of harm and intensity.",True
308,But saying that beef means that Africans hate black Americans is not good. It’s not justifiable. I was bullied by a BA girl in high school. I would be out my damn mind to bring that smoke to every BA girl i encountered.,age,other_cyberbullying,black American girls,harmful,high,The tweet contains a personal anecdote of bullying and a threat of retaliation against a group of people.,True
309,Why do you care? It has nothing to do with you! You are a mom of two girls! Be a role model not some stupid middle school bully!,age,gender,women,harmful,high,"The tweet targets a woman, using derogatory language and implying she is a bad role model due to her daughters' age.",True
310,in elementary school I got bullied for liking sabrina the teenage witch and high school musical because they were for girls so when years later I started feeling like a girl I knew I had to bury those thoughts real fucken deep,age,gender,women,harmful,high,"The tweet describes past bullying based on the victim's interest in traditionally feminine activities, and later implies self-bullying related to their gender identity.",True
311,I am tired of having feels. When do I get to go full robot?,not_cyberbullying,not_cyberbullying,none,neutral,none,"The tweet expresses frustration and a desire for emotional numbness, but does not contain any bullying or harassing language.",True
312,"#HURT LMFAOOO TELL US WHY YOU MAD BITCHHH“@Authentic_PIINK: You mad? “@tayyoung_: FUCK OBAMA, dumb ass nigger””",ethnicity,ethnicity,African Americans,harmful,high,The tweet contains a racial slur targeting African Americans.,True
313,"@Tiny_Xoxo bully , inns report yu to the Twitter authorities",other_cyberbullying,other_cyberbullying,none,harmful,low,"The tweet contains a generic insult and a threat to report the user to Twitter authorities, indicating harassment.",True
314,i still can’t believe people blame their past violence towards dark skinned black women on self hate tbh...i literally despised myself as a kid during my “emo” period and still never thought anything like that..let alone tweeted it,ethnicity,other_cyberbullying,none,harmful,high,"The tweet expresses strong criticism and disapproval of a particular behavior or mindset, without targeting a specific group.",True
315,"The bullies were another case, starting from school to tuition centers, then street OMG how did I survive all of this :'( how .. I'll write chapters about it all but would rather cut it short. Happy birthday and God bless you!",age,other_cyberbullying,none,harmful,medium,"The tweet describes a personal experience of bullying, but does not contain any specific attacks or slurs targeting a particular group.",True
316,Ctfu So Tru >>>>>> “@FyoTweets: They be like so you said shut the fuck up you dumb nigger Haha I be weak when they say the Shit you said”,ethnicity,ethnicity,African Americans,harmful,high,"The tweet contains a racial slur, indicating a high level of harmful intent towards African Americans.",True
317,"Worm of Islamic militant http://jihad.my language is good .look at Ur language .u said a great man bhagat a terrorist .Hinduism a stone age , then I can say worm of Islamic jihad ( which is not humanity)",religion,other_cyberbullying,none,harmful,high,"The tweet contains derogatory language and insults towards a specific ideology, but not targeting a specific group based on religion, age, gender, or ethnicity.",True
318,"Yo, @TychoBrahe, where were you when we were getting run out of our homes? Not famous enough for you?",other_cyberbullying,other_cyberbullying,none,harmful,high,"The tweet is a personal attack with a threatening tone, targeting someone's perceived lack of fame.",True
319,Girl you special like a met you in a slow class 😉,not_cyberbullying,not_cyberbullying,none,neutral,none,"The tweet is a friendly and lighthearted comment, not intended to harm or bully.",True
320,Getting bullied online is tough I remember one time this girl in high school bullied me on Tumblr everyday because I was a weird virgin and didn't want to have sex with her she came on too strong smdhhh I deserve it now tho,age,other_cyberbullying,none,harmful,medium,"The tweet describes a past experience of online harassment, but does not contain any specific attacks or slurs targeting a particular group.",True
321,"Colonial newspapers contributed to the perpetuation of slavery. Advertised 250 years ago today: ""RUN away, a NEGRO MAN named BILLY ... generally called White hand Billy, from a burn on his hand."" (South-Carolina & American General Gazette 4/20/1770)",ethnicity,other_cyberbullying,none,educational,none,This tweet is a historical reference to slavery and does not contain any bullying or harassment.,True
322,Grizzlies can't beat a team that's trying to freaking tank! So damn pathetic!,other_cyberbullying,other_cyberbullying,none,harmful,high,"The tweet contains aggressive language and insults directed at a sports team, but does not target a specific group based on religion, age, gender, or ethnicity.",True
323,"YOU LIL STUPID ASS BITCH, I AIN'T FUCKIN WIT YOU!",other_cyberbullying,gender,women,harmful,high,The tweet contains a misogynistic slur and derogatory language targeting a female individual.,True
324,Gay/Rape/HIV/AIDS/Race Jokes aren't funny...,gender,other_cyberbullying,none,harmful,high,"The tweet expresses strong disapproval of certain types of jokes, but does not target a specific group or individual.",True
325,"Salty af too! Lol @JayJTheKidd: Damn you mad bro? RT @tayyoung_: FUCK OBAMA, dumb ass nigger",ethnicity,ethnicity,African Americans,harmful,high,The tweet contains a racial slur targeting African Americans.,True
326,I want that nigger that called me last night to come out here so i can use my nigger knocker on him ha ha dumb fuck nut ha ha,ethnicity,ethnicity,African Americans,harmful,high,"The tweet contains racist slurs and threats, targeting African Americans.",True
327,"Yo lemme break something down to y’all cause niggas is so dumb my mans on camera fuckin this racist man’s wife or whatever... check it out family, SHE COULD FUCK YOU AND STILL BE RACIST AND CALL U ALL KINDS OF NIGGERS",ethnicity,other_cyberbullying,none,harmful,high,"The tweet contains derogatory language and harassment, targeting no specific group, but rather engaging in a heated argument.",True
328,Whiny manbabies.,other_cyberbullying,other_cyberbullying,men,harmful,low,"The tweet uses derogatory language to insult men, targeting their masculinity.",True
329,@truaemusic @mattybboi83 @Number10gov Islam cannot be reformed because it's vileness is too deep in the religion.,religion,religion,Muslims,harmful,high,"The tweet attacks and insults the Islamic faith, implying it is inherently vile.",True
330,Yeah it’s called being Tone Deaf and advocating for White Supremacy. According to the great negro Bomani Jones,ethnicity,ethnicity,African Americans,harmful,high,"The tweet uses a racial slur and implies that the person is promoting white supremacy, targeting African Americans.",True
331,As a Christian I support BJP Islamic radicals are the real threat here !! India stayed as a secular country only because of Hindu majority .If Islam was majority there won't be any secularism . Radical Islamists must be dealt with iron fist,religion,ethnicity,Muslims,harmful,high,The tweet contains a derogatory term 'Islamic radicals' and implies that Muslims are a threat to India's secularism.,True
332,I remember getting bullied by two girls in high school but when I defended myself for the first time I was told I don’t respect women and had to get grounded.,age,gender,women,harmful,medium,"The tweet implies that defending oneself against female bullies is seen as disrespecting women, perpetuating a sexist stereotype.",True
333,Well if it's her responsibility to keep herself safe then thats exactly what she did when she took the picture of thr license plate. But you called her a bitch for that. Then again any guy who calls women females is automatically trash anyway so I'm not surprised you don't get it,gender,gender,women,harmful,high,"The tweet contains derogatory language and sexist slurs, targeting women.",True
334,Stfu about Ariel the decision has been made already lol calling black people niggers over a decision that we had no say on is disgusting stfu it honestly getting real annoying,ethnicity,other_cyberbullying,none,harmful,high,"The tweet contains abusive language and harassment, but it is not specifically targeting a particular group based on religion, age, gender, or ethnicity.",True
335,Someone outside just asked me if I'm the woman that wrote @TheBlockBot :| // cc @oolon,not_cyberbullying,not_cyberbullying,none,neutral,none,"The tweet is a neutral, non-abusive expression of confusion and is not targeting any specific group.",True
336,1) Babar was invader who killed million of Hindus & demolished ram temple 2)The Godhra Train Burning 3)Tahhir Hussain MC All above u mentioned is because of peaceful community.stop support ing radical islamic terrorism,religion,other_cyberbullying,none,harmful,high,"The tweet contains inflammatory and accusatory language targeting a community, but does not specifically target a protected group.",True
337,Found out the girl who bullied me throughout high school now has 3 kids and is married and still living in our home town. All before 25. Damn ma’am.,age,other_cyberbullying,none,harmful,high,"The tweet contains a derogatory comment with a tone of mockery and disdain, targeting the person's life choices and accomplishments.",True
338,"She aint got nothing better to but be mad...lilRT @MrsLarson2U: This bitch smdh.....RT @tayyoung_: FUCK OBAMA, dumb ass nigger",ethnicity,other_cyberbullying,none,harmful,high,"The tweet contains multiple instances of hate speech and derogatory language, targeting no specific group, but promoting a toxic and aggressive atmosphere.",True
339,RACISM is wen u select your white clothes to wash 1st and save the black and colored ones for last wash..lmao,ethnicity,ethnicity,people of color,harmful,low,"The tweet uses a racial stereotype to mock people of color, implying they are lazy and dirty.",True
340,@shaner38 I said it for months.  Didn't know how good McKinnon was...,gender,not_cyberbullying,none,neutral,none,The tweet is a neutral statement expressing surprise or admiration for someone's performance.,True
341,@MillerMENA Why is anyone surprised that Putin had Nemtsov shot. Putin bombed Russian apartment buildings to start the Chechen war.,not_cyberbullying,other_cyberbullying,none,harmful,high,"The tweet contains a serious accusation of murder and a reference to a violent historical event, which is a form of cyberbullying.",True
342,"Very homophobic, said he would prefer his own son dead than gay. Told a representative that he wouldn't rape her because she was too ugly to deserve rape. Planned false flag attacks on military bases to increase funding to the military (but said it was a joke when found).",gender,gender,LGBTQ+ individuals,harmful,high,"The tweet contains homophobic slurs and threats, indicating a high level of harm towards the LGBTQ+ community.",True
343,I’m glad I wasn’t in high school when VSCO girls were a thing they definitely would have bullied me,age,other_cyberbullying,VSCO girls,harmful,low,"The tweet implies that VSCO girls would have bullied the author, but does not contain explicit attacks or slurs.",True
344,"Ope, please watch the ‘Rape Jokes’ stand up set by @cameronesposito! Especially if you’re gay and grew up religious. You’ll feel so seen.",gender,other_cyberbullying,none,harmful,low,"The tweet contains a potentially insensitive joke about rape, but it's not directed at a specific group.",True
345,@Polzie @moshanthi who should we bully?,not_cyberbullying,other_cyberbullying,none,harmful,high,"The tweet suggests and encourages bullying, without specifying a target group.",True
346,Catching the last BART home. So excited! What a productive evening. :),not_cyberbullying,not_cyberbullying,none,neutral,none,"The tweet expresses excitement and productivity, with no indication of bullying or harassment.",True
347,Ummm.... what? Have you even been to any muslim nation. Y’all act like the US ain’t riddin with pedophiles. Just look at the idiots in power. Also maths was discovered by arabs read a book then come talk to me.,religion,other_cyberbullying,none,harmful,high,"The tweet contains general insults and accusations, targeting no specific group, but rather expressing a general attitude of hostility and disdain.",True
348,"RT @tauriqmoosa: Oh, is the Witcher 3 a game that let's you play as a lesbian of colour? That is remarkable! http://t.co/HfQLh0U04Z",other_cyberbullying,not_cyberbullying,none,neutral,none,The tweet is a positive and neutral comment about a video game character's representation.,True
349,"White Man Roger Stone sentenced as a criminal, also called > > journalist Roland Martin a “Negro” > Megyn Kelly a “nice set of cans” Felon & Racist & Misogynist Who else can be best buddy with @realDonaldTrump ??? Law & Order??? Are you #MAGA peeps kidding me?",ethnicity,other_cyberbullying,none,harmful,high,"The tweet contains multiple instances of derogatory language and insults targeting various individuals, but not based on any specific protected characteristic.",True
350,girls named madison in middle school after they bully the autistic kid,age,other_cyberbullying,none,harmful,high,"The tweet is bullying because it publicly shames and criticizes individuals for their behavior, without targeting a specific protected group.",True
351,"@AntiDARKSKINNED: Don't start with that I'm brown"" bullshit. You are black, you are a nigger. You are filthy & disgusting.""...........oh",ethnicity,ethnicity,black people,harmful,high,The tweet contains a racial slur and derogatory language targeting black people.,True
352,When the girl who bullied you in high school for liking Harry styles is now posting on social media about how much she likes his music,age,other_cyberbullying,none,harmful,low,"The tweet is a passive-aggressive jab at someone's past behavior, but not explicitly targeting a protected group.",True
353,I like bullying my sister's friend.. :)),other_cyberbullying,other_cyberbullying,none,harmful,low,"The tweet contains a lighthearted but still bullying statement about a person, indicating a low-level intent to harm.",True
354,RT @davidsgallant: Valve gave the ability to prevent specific curators from appearing on their games' pages. Devs: you know what to do abo…,not_cyberbullying,not_cyberbullying,none,neutral,none,This tweet is a neutral discussion about a gaming feature and does not contain any bullying or harassment.,True
355,Seabreeze High School: Justice for African American Special Needs Student - Bullied by Savannah and Chelsea - Sign the Petition! http://chng.it/QNWRgLhC via @Change I’m disgusted to watch this stupid video that two girls created for some dumb likes. Let me trip their dumb asses.,age,other_cyberbullying,none,harmful,high,"The tweet contains derogatory language and a threat towards two individuals, Savannah and Chelsea, but the motivation is not based on their age, gender, ethnicity, or religion.",True
356,@rikumemes Your work is fucking terrible tbh fuck them,other_cyberbullying,other_cyberbullying,none,harmful,high,"The tweet contains strong profanity and insults, but does not target a specific group based on religion, age, gender, or ethnicity.",True
357,@iMoRTaLMonkeyyy @BrokenTourneys its simple math u dumb black nigger ass hoe pussy bitch dumb fuck cunt,ethnicity,ethnicity,black people,harmful,high,The tweet contains racist slurs and derogatory language targeting black people.,True
358,"Bitch you're mad ? Oh RT @tayyoung_: FUCK OBAMA, dumb ass nigger",ethnicity,gender,women,harmful,high,"The tweet contains a derogatory term targeting a female and includes a racial slur, indicating a high level of harm.",True
359,@KirinDave nope. I play WoW. GW sux.,not_cyberbullying,other_cyberbullying,none,harmful,low,"The tweet contains a derogatory statement about a game, but no personal attack or slur.",True
360,"They won't stop their Hindu Hatred, we must start our Hindu Assertion everyone in school has a school bully, we only respected him out of fear, nothing else Hs must reach that level of fearfulness among others",age,other_cyberbullying,none,harmful,high,"The tweet contains threatening language and a call to action that promotes fear and intimidation, but it does not target a specific group based on religion, age, gender, or ethnicity.",True
361,@OscarDelaHopia Me too.  Too late now. Heheh.,not_cyberbullying,other_cyberbullying,none,harmful,low,"The tweet implies mockery and ridicule towards Oscar DelaHopia, but the reason for the ridicule is unclear.",True
362,@sajid_fairooz @IsraeliRegime Yes they are Jew hating barbarians.,religion,ethnicity,Jews,harmful,high,The tweet contains a racist slur targeting Jews.,True
363,"You love your country like you love your kids - unconditionally. 1619 comes into your house, tears down the pictures on the fridge, and replaces them with social media screenshots about your kids from bullies and mean girls at school.",age,other_cyberbullying,parents,harmful,high,The tweet is cyberbullying parents by describing their children being bullied on social media.,True
364,seriously colin stop smiling/smirking. frowning looks better on you. #mkr,gender,other_cyberbullying,none,harmful,low,"The tweet is a form of harassment, making a personal comment about someone's appearance.",True
365,HOLY SHIT,other_cyberbullying,not_cyberbullying,none,neutral,none,The tweet contains an expletive but lacks any targeted or abusive content.,True
366,"Are in idiot! Have u ever met a muslim?? and who is attaching Christianity your own Christians are doing that.... being cristian means what to you?? Love thy neighbor?? If you know a anything about Islam its about love, forgiveness, family, making decisions with your heart...",religion,other_cyberbullying,none,harmful,high,"The tweet contains aggressive language and insults, but the primary target is not a specific group, rather a general attitude or behavior.",True
367,Niggers on twitter is just dumb as fuck,ethnicity,ethnicity,African Americans,harmful,high,The tweet contains a racist slur targeting African Americans.,True
368,"Kat on not winning people's choice: ""I can't believe this! Obviously those campers were voting strategically."" #mkr #delusionalcow",gender,other_cyberbullying,Kat,harmful,high,"The tweet contains a derogatory comment and insult directed at Kat, indicating a high level of harmful intent.",True
369,"Thank you so much! It’s so annoying l don’t even want respect just common human decency, I just feel like it needs too be spoken about more like in the cod days it went from “your mum is gay” to now getting rape threats it’s just beyond a joke now",gender,other_cyberbullying,none,harmful,high,"The tweet expresses frustration and disgust towards the escalation of online harassment, particularly rape threats, without targeting a specific group.",True
370,"@eZhenKHJEN Walao you see la, you bad friend, bully again :( :( :( I am lor, don't deny the truth!",other_cyberbullying,other_cyberbullying,none,harmful,high,"The tweet contains aggressive language and accusations of bullying, but does not target a specific group based on religion, age, gender, or ethnicity.",True
371,"The girls you worship on Love Island are the same kinda girls that bullied you in high school, shut up x",age,gender,women,harmful,high,"The tweet targets women and contains a derogatory message, implying they are responsible for past bullying.",True
372,Going after people with who support other political candidates...what did we call those folk growing up? What were we taught those people are called in school? I'll let you Google it...I'll give you a hint bully...its not from America.,age,other_cyberbullying,none,harmful,high,"The tweet is a form of harassment and intimidation, targeting people with opposing political views, without specifically targeting a protected group.",True
373,"This dude beats on women, belittles them down to just being a vagina for his sexual wants, talks about rape incest & pedophiles like it’s a joke, and says being gay is a mental illness. Then tweets about dismantling toxic masculinity... Niggas really are delusional.",gender,gender,women,harmful,high,"The tweet contains derogatory language and slurs targeting women, as well as misogynistic and sexist comments.",True
374,Please stop being gullible dumb niggers falling into society trends fuck society shit is not set up for niggas and that's that,ethnicity,ethnicity,black people,harmful,high,The tweet contains racist slurs and attacks on a specific racial group.,True
375,How's the game portraying it's only openly gay characters as predators for a rape joke not homophobic? Lmao,gender,gender,LGBTQ+ individuals,harmful,high,"The tweet implies that openly gay characters are being portrayed in a negative and stereotypical manner, perpetuating harmful LGBTQ+ stereotypes.",True
376,RT @peteevansnot: OK - get this off my FB page asap! #paleo #mkr http://t.co/n3Y2cItgLV,not_cyberbullying,not_cyberbullying,none,neutral,none,This tweet is a request to remove a post from the author's Facebook page and does not contain any bullying or harassment.,True
377,@ashleylynch @join_oapi just the site :),other_cyberbullying,not_cyberbullying,none,neutral,none,"The tweet is a neutral, friendly response with no bullying or harassment.",True
378,@ICONIaMmE there is this girl tht has the same name as u and people r saying she killed herself cuz of bullying and she was a GRANDer :(,other_cyberbullying,other_cyberbullying,none,harmful,high,"The tweet contains a disturbing and false rumor about a girl being bullied, which is a form of cyberbullying.",True
379,Can help all those in workplace bullying situations to find a comfortable place to exist. http://www.equalityedge.org.uk,other_cyberbullying,not_cyberbullying,none,helpful,none,"The tweet offers support and resources for workplace bullying victims, without any abusive or harassing content.",True
380,let's see what Ash and Camilla are up to. #mkr http://t.co/i0LbGhkU9F,not_cyberbullying,not_cyberbullying,none,neutral,none,"This tweet is a neutral, casual comment about two individuals, with no intent to harm or harass.",True
381,"Please produce a recent example of a white Democrat calling someone a ""negro"" dismissively and not getting called on it.",ethnicity,other_cyberbullying,none,harmful,high,"The tweet promotes and seeks an example of racist language, which is a form of cyberbullying.",True
382,A lot of it was bs though. My friend went to school with him and said he was a bully,age,not_cyberbullying,none,neutral,none,"The tweet does not contain any bullying or harassment language, but rather a neutral statement about someone's past behavior.",True
383,@Arlen weird. i have an address on my account. not sure if i need to add that to my wishlist or not.,not_cyberbullying,not_cyberbullying,none,neutral,none,"The tweet is a neutral, non-abusive question about a user's account settings.",True
384,RT @fruitondabottom: Because women have no voice!  #letwomenspeak #WomenAgainstFeminism http://t.co/jbTpUaMO1b,gender,gender,women,harmful,high,"The tweet expresses a derogatory sentiment towards women, implying they have no voice.",True
385,"RT“@tayyoung_: FUCK OBAMA, dumb ass nigger” somebody better talk to her before I go ham on her ass...",ethnicity,ethnicity,African Americans,harmful,high,The tweet contains a racist slur targeting African Americans.,True
386,Hope u had 100000000 pages written dor Islamic terrorism . Its shame u cant bear brahmanical terror for few yrs ! Whr as kept spreading Islamic terror since decades,religion,other_cyberbullying,none,harmful,high,"The tweet contains a personal attack and insult, but it is not specifically targeting a particular group based on religion, age, gender, or ethnicity.",True
387,It’s not a gay rape joke which I often complain about. It’s an observation about a man that has frequently claimed he can’t control his libido. I simply made an observation that he won’t be having sex in prison. So get that right. Thanks.,gender,gender,LGBTQ+ individuals,harmful,medium,The tweet contains a derogatory implication about a man's sexual orientation and behavior.,True
388,"i was bullied in primary school for having no friends (THANKS AUTISM) and being fat and having acne since like, around 10 yrs old. then in early high school i was bullied because a girl thought i was a lesbian and also didnt like me for some reason?",age,other_cyberbullying,none,harmful,high,"The tweet describes experiences of bullying, but the bullying is not based on any specific protected characteristic, rather on perceived social issues and personal traits.",True
389,@NerdieJoseph Make sure he's the bully in the neopet playground. B),not_cyberbullying,other_cyberbullying,none,harmful,low,"The tweet is a threat of bullying in a virtual environment, targeting no specific group.",True
390,michael clifford from 5sos fuck you you dumb ass nigger i h8 you follow me . @Michael5SOS x452,ethnicity,ethnicity,African Americans,harmful,high,"The tweet contains a racial slur, indicating a high level of harmful intent towards African Americans.",True
391,"RT @TheQuinnspiracy: Since gators are yelling at me for responding to a fan and making this, if you wanna fund me off patreon heres a link …",other_cyberbullying,not_cyberbullying,none,neutral,none,The tweet is a response to criticism and does not contain any bullying or harassment language.,True
392,"Olha que absurdo, na minha escola pode ir de chinelo de qualquer marca, menos Havainas, isso é preconceito, Bullying.!! kkk",not_cyberbullying,other_cyberbullying,none,harmful,medium,"The tweet accuses someone of bullying by excluding a specific brand of flip-flops, implying unfair treatment.",True
393,"AND HAVE A MOTHERFUCKING SEAT \_ ""@iHate_Humans: STFU! tRT @tayyoung_: FUCK OBAMA, dumb ass nigger""",ethnicity,ethnicity,African Americans,harmful,high,The tweet contains a racial slur targeting African Americans.,True
394,@lilbeastunleash who knew that was how to do it! #MKR,not_cyberbullying,not_cyberbullying,none,neutral,none,The tweet is a congratulatory message with no abusive or harassing content.,True
395,Yo guys. Did you know I was a convicted felon? That's new.,other_cyberbullying,other_cyberbullying,none,harmful,high,The tweet is a form of harassment by publicly sharing personal and potentially damaging information about the target.,True
396,@kyleedoo @SmithKayt fuck you dumb nigger. #Truth,ethnicity,ethnicity,African Americans,harmful,high,The tweet contains a racial slur targeting African Americans.,True
397,"@samred no rush or anything. like i said, it's been up for a while. i just noticed, though. :)",not_cyberbullying,not_cyberbullying,none,neutral,none,"The tweet is a neutral, non-abusive response to another user.",True
398,"RT @GreyUmopepisdn: When a radical feminist or SJW tries to argue with you, try these tips. #WomenAgainstFeminism http://t.co/UP62bkHAEL",gender,gender,feminists,harmful,high,The tweet targets feminists with a derogatory term and promotes a movement against them.,True
399,"@dllvllHllvllb @hyperion5182 @PolitiBunny @TheBlockBot she's not on the autoblocker, and i don't run blockbot. blocking manually for now. :)",not_cyberbullying,not_cyberbullying,none,neutral,none,"The tweet is a neutral response to a request for blocking, with no abusive language or intent.",True
400,pvp with bebbit #warcraft #selfie http://t.co/q4Bjfy8t7t,other_cyberbullying,not_cyberbullying,none,neutral,none,This tweet appears to be a friendly gaming-related post with no indication of bullying or harassment.,True
401,"Also, to the news that GG is doing a bay area meetup...",other_cyberbullying,not_cyberbullying,none,neutral,none,This tweet is a casual announcement about a meetup and does not contain any bullying or harassment.,True
402,"Yall remember when it was trendy to do that kool aid dip dye hair and all the popular girls in middle/early high school did it and would post shit like ""yeah I dye my hair crazy colors, I'm me and I'm not sorry "" meanwhile the actual scene kids were being bullied",age,other_cyberbullying,none,harmful,medium,"The tweet expresses a negative sentiment towards a group of people who were popular in middle and early high school, implying they were fake or superficial.",True
403,"O da, zaboravio sam na to. Imagine being all giddy and excited about magic and a bunch of racist bullies break your arms and piss on your clothes in your new school because your parents live in Liverpool",age,other_cyberbullying,none,harmful,high,"The tweet describes a violent and humiliating experience, but it does not target a specific group based on religion, age, gender, or ethnicity.",True
404,http://t.co/IiibIFWNuW (via @selenamarie) #stopwadhwa2015,other_cyberbullying,other_cyberbullying,none,harmful,low,"The tweet contains a link to a potentially negative article and uses a hashtag that may be associated with harassment, but it does not contain any explicit attacks or slurs.",True
405,@ICONicHavanaL yeah it sux i hate it then ppl bully me cuz of it seriously theres no reason for that,other_cyberbullying,other_cyberbullying,none,harmful,low,"The tweet expresses frustration and victimhood due to bullying, but does not specify the target group.",True
406,"@Liban_93 is fuckn Twitter Bully, die slow u grenade launcher",other_cyberbullying,other_cyberbullying,none,harmful,high,"The tweet contains a violent threat and profanity, indicating a high level of harmful intent towards the person being addressed.",True
407,Facts by a fellow Unionist. The “Magic Negro” was taken from an article from a Black reporter from the LA Times who called Obama that because of phenomenal white support,ethnicity,other_cyberbullying,none,harmful,medium,"The tweet uses a derogatory term to mock and belittle a political figure, but the target is not a specific group, rather a political stance or ideology.",True
408,i like the first one but if ur feeling confident go for the second option !,ethnicity,not_cyberbullying,none,neutral,none,"The tweet is a neutral and friendly comment, offering advice without any intent to harm or bully.",True
409,"Mumbai: BJP leader Kirit Somaiya meets @KarishmaBhosal3 , a girl who was bullied for raising voice against the blaring of azaan in high volume from a neighbourhood mosque in her area.",age,not_cyberbullying,none,neutral,none,"The tweet reports on an incident of bullying, but does not contain any bullying language itself.",True
410,RT @SimplyLaurax3: PLEASE help find my friend's sister.. Signal boost the shit out of this so we can get her home. http://t.co/8JMu8VljI8,not_cyberbullying,not_cyberbullying,none,helpful,none,"The tweet is a request for help and support, not a bullying or harassing message.",True
411,She feels it’s ok to make lame jokes about how jailed prisoners ‘are gay?’ This from someone who’s herself gay & knows that making light of anal sex in jail is staple fodder for anti-gay zealots everywhere?! Outrageous. This is like a sexual assault survivor making rape jokes.,gender,other_cyberbullying,none,harmful,high,"The tweet criticizes someone for making jokes about a sensitive topic, comparing it to sexual assault, and implies they are insensitive and irresponsible.",True
412,But a whole million for a GTi? Nah fam that nigger dumb as fuck. Id rather buy a performance pack GTi and an Audi S3 with that money.,ethnicity,ethnicity,African Americans,harmful,high,The tweet contains a racial slur targeting African Americans.,True
413,K! Now I see why coaches get mad when the players go out late at night. #Exhausted,not_cyberbullying,not_cyberbullying,none,neutral,none,"The tweet expresses a neutral opinion about coaches and players, without any bullying or harassing language.",True
414,"Yep, that's the case for several girls I met or know. Some go the other way and consciously copy everything they can to be the ""best"" at high-status hyper-femininity things so they become too cool to be bullied. Almost become a trend setter so people copy them instead.",age,gender,women,harmful,low,"The tweet implies that women engage in hyper-femininity to avoid being bullied, perpetuating a negative stereotype.",True
415,Nope! Coons are what southern racist white ppl called all Black People. You’re talking about a House Negro. Just saying,ethnicity,ethnicity,Black People,harmful,high,The tweet contains a racist slur and derogatory term ('House Negro') targeting Black People.,True
416,This is like. If you have a little sibling and you give them shit because they’re annoying and make your life miserable but all of a sudden the school bully starts picking on them and you’re like. Wait hold on. Only I can do that. Back off. That’s how I feel about Trump and TW rn,age,other_cyberbullying,Trump supporters,harmful,high,"The tweet contains aggressive language and a demand for others to 'back off' in a derogatory manner, targeting Trump supporters.",True
417,"@KivaBay that's usually how it goes. a word of advice? screen cap all the awesome. print it out, or keep it in a folder for bad days.",other_cyberbullying,not_cyberbullying,none,neutral,none,"The tweet provides advice and encouragement, without any form of harassment or bullying.",True
418,girls who bullied you in high school be like: why doesn’t everyone just try being KIND to others,age,other_cyberbullying,bullies,harmful,low,The tweet is a passive-aggressive comment targeting individuals who bullied the author in the past.,True
419,First bus ride as a Warrior and I get my phone! #eatshitsunshine!,not_cyberbullying,not_cyberbullying,none,neutral,none,The tweet is a celebratory post with no negative or harassing content.,True
420,prison rape jokes also reinforce stereotypes that gay men & black men (the majority of the prison population) are sexually predatory,gender,other_cyberbullying,gay men and black men,harmful,high,"The tweet contains derogatory stereotypes and implies predatory behavior towards gay men and black men, which is a form of cyberbullying.",True
421,Dumb T- fine We gon call ha ugly so he put his head up nd like 10 mins later dis bitch sees him U- omg tt us that youu Nd I turned nd I didn't know what his ex looked like nd ion care if he has female friends T- hi Casey M- whose this babes U- Casey his ex M- hi.,gender,other_cyberbullying,none,harmful,low,"The tweet contains derogatory language and insults, but they are not specifically targeting a particular group based on religion, age, gender, or ethnicity.",True
422,"Years ago? He's a narcissistic, public school big head & bully, (albeit it'd be easy to knock him out etc.), who regularly refers to a couple of prominent Brexiteers, e.g. Digby Jones & Mark Francois, as fat, dumpy etc. I despise O'Brien.",age,other_cyberbullying,none,harmful,high,"The tweet contains derogatory language and insults towards a public figure, but not based on any protected characteristic.",True
423,"P.s. Never feel guilty for telling teachers & for getting bullies in trouble. They’ll try to pretend they were joking to get away with it & to make you feel bad, don’t fall for it. I also think bullies should be removed from schools until they can learn to behave themselves.",age,other_cyberbullying,bullies,harmful,high,"The tweet targets bullies and advocates for their removal from schools, indicating a harmful intent towards a group of individuals.",True
424,@stefapie i don't like chocolate. :(,other_cyberbullying,not_cyberbullying,none,neutral,none,The tweet expresses a neutral opinion about chocolate without targeting any group.,True
425,I'm not saying every black person is a nigger but the trashy thugs are. It's disgusting what this world has come to bc of them.,ethnicity,ethnicity,black people,harmful,high,The tweet contains a racist slur and makes a derogatory generalization about a racial group.,True
426,Imagine a black woman getting pregnant by a white man she let call her nigger while fucking smh disgusting,ethnicity,ethnicity,black people,harmful,high,The tweet contains a racist slur and targets black people with derogatory language.,True
427,I mean some friends do some gay shit as jokes so i guess it's fine as long as you don't rape me tbh,gender,gender,LGBTQ+ individuals,harmful,high,"The tweet contains derogatory language and a threat, targeting LGBTQ+ individuals with a harmful intent.",True
428,Back at good old HRC tonight! time to bully @KatieHalliday haha,not_cyberbullying,other_cyberbullying,none,harmful,low,The tweet contains a lighthearted but still bullying tone towards @KatieHalliday.,True
429,OMG SHUT UP DRASKO AND BIANCA #MKR #FINALFIVE,other_cyberbullying,other_cyberbullying,none,harmful,high,"The tweet contains aggressive language and demands silence, indicating a high level of cyberbullying intent.",True
430,"Vele Lol @Djranx Khaba lenja!RT @BosSsDj:Me and the crew just caught a nigger tryna jack a car and gave him a beating at rosebank,Dumb Fuck!",ethnicity,ethnicity,black people,harmful,high,"The tweet contains a racial slur, indicating a high level of harmful intent towards a specific ethnic group.",True
431,"I don’t think I ever heard the term “gamer girl” until after high school either, so I was never bullied for that as a teen",age,not_cyberbullying,none,neutral,none,The tweet is a personal reflection and does not contain any bullying or harassment.,True
432,"No one ever writes a book called ""Men, Stop Being an Asshole in Relationships"" or ""She Just Wants to Be Treated Like a Human Being for Once""",not_cyberbullying,gender,men,harmful,high,"The tweet uses a derogatory phrase to criticize men, implying they need to change their behavior.",True
433,"Freedom of speech does not mean it's okay to joke about rape, use derogatory terms and talk about killing gay peeps. https://twitter.com/lilcuteybunny/status/630200717957967876",gender,gender,LGBTQ+ individuals,harmful,high,"The tweet contains derogatory terms and threats against gay people, indicating a high level of harm and hostility.",True
434,RT @pulpark: Possible Solutions to the Problem of the Public's General Lack of Knowledge About Islam http://t.co/t6C5Ur1Swe #Mo #tcot #sioa…,not_cyberbullying,not_cyberbullying,none,neutral,none,This tweet shares a link to an article about Islam and does not contain any bullying or harassing language.,True
435,“not all muslims are from islam you idiot” i love her i rlly do,religion,other_cyberbullying,none,harmful,low,"The tweet contains a derogatory term and insult, but it is not specifically targeting a particular group based on religion, age, gender, or ethnicity.",True
436,My schools bully shat himself,age,other_cyberbullying,none,harmful,low,"The tweet contains a derogatory insult, but it does not target a specific group based on religion, age, gender, or ethnicity.",True
437,It was such a pleasure to catch up with my mentor and former boss Colin Fassnidge. #MKR #4InHand #Fourfourteen... http://t.co/ckSSefyifz,not_cyberbullying,not_cyberbullying,none,neutral,none,The tweet is a friendly and positive message about catching up with a former boss.,True
438,"@ThelmaSleaze there's also another WoC in that video. i really don't think you watched it. faux outrage is in, though.",other_cyberbullying,gender,women of color,harmful,medium,"The tweet targets women of color with a condescending and dismissive tone, implying they are faking outrage.",True
439,Every single one is a girl that would have bullied me in high school.,age,gender,girls,harmful,low,"The tweet targets girls based on a perceived history of bullying, implying a negative stereotype.",True
440,@terryocarroll but i've seen tank girl. :P,other_cyberbullying,not_cyberbullying,none,neutral,none,"The tweet is a lighthearted and playful comment, not intended to harm or bully.",True
441,Muslims fighting for a Christian woman’s right just showcases their values and nothing more. Your comments represents your religious sentiments...,religion,other_cyberbullying,Muslims,harmful,medium,"The tweet implies that Muslims are hypocritical and their actions are driven by their religious sentiments, which is a form of criticism and belittling.",True
442,My old primary school bully liked my TikTok How ya doing,age,not_cyberbullying,none,neutral,none,"The tweet is a neutral, friendly comment from someone who was a bully in the past, now interacting with the victim in a positive manner.",True
443,"@PsychBarakat @PhilipMills8 @jncatron No, it's anti semitism.  This Palestinian leader clearly tells you that it is a religious war by....",religion,ethnicity,Jews,harmful,medium,"The tweet contains a reference to anti-Semitism, targeting Jews, and implies a harmful intent.",True
444,Schilling can’t resist hitting Twitter to defend a Congressman’s right to call one of his female peers a “fucking bitch.” Strange thing to feel the need to defend. How’s your video game company going Curt?,gender,gender,women,harmful,high,"The tweet defends a Congressman's derogatory comment towards a female peer, using a misogynistic slur.",True
445,"@MaDaSaHaTtEr_17 @buttercupashby Another lie about the ""few bad seed"" All the polls show Muslim extremism. http://t.co/XIHmeTALon",religion,ethnicity,Muslims,harmful,high,"The tweet contains a derogatory term and a generalization about Muslim extremism, targeting Muslims and intending to cause harm.",True
446,#MileyCyrus Miley Cyrus Shocks With Insensitive 'Date Rape Joke' And 'Gay Comments' [WATCH VIDEO] http://ift.tt/1l1jjlf,gender,other_cyberbullying,none,harmful,high,"The tweet is cyberbullying because it reports and mocks Miley Cyrus for making insensitive comments, without directly targeting a specific group.",True
447,"Luca it honestly feels like hell during the time but everything passes. School is over before you know it. Play the game of school politics, once you leave you never have to see your bullies again. Find strength in your strengths and hobbies and the ppl who love you. Xxxxx",age,not_cyberbullying,none,neutral,none,"The tweet offers words of encouragement and advice, without any form of harassment or bullying.",True
448,"If white people suddenly want to call Blacks ""Negroes"" at this moment in history, it can only be an example of color aroused antagonism. I'd gladly be called a ""Negro"" IF whites would acknowledge that Negroes are not from a distinct ""race"" or subspecies from whites and others.",ethnicity,ethnicity,Blacks,harmful,medium,"The tweet uses a derogatory term 'Negroes' to refer to Blacks, implying a negative connotation and historical context of racism.",True
449,christian girls posting “be kind” on their stories are the ones who bullied me in high school,age,gender,women,harmful,medium,"The tweet targets Christian women, implying they are hypocritical and bullied the author in the past.",True
450,Yeah same. U people can't tolerate india growth and hate india. But ur islamic terrorism don't have any rights to speak about India? First stop supporting terrorism. Pakistan is islamic terrorism big threat to world,religion,ethnicity,Pakistanis,harmful,high,"The tweet contains racist and ethnic slurs targeting Pakistanis and Muslims, and accuses them of being a threat to the world.",True
451,"@BigOleFiggletin I can remember when My Muslim brother 'Khabib' embarrassed mcgregor in front of thousands of people, what is your achievement, who are you, I know you are a liar and a loser with pathetic mentality and a fat idiot.",religion,ethnicity,Muslims,harmful,high,The tweet contains a derogatory term and insults targeting Muslims.,True
452,Why your brother from Bangladesh and mynamar come to India.They are the worst poorest on Earth.Why do you want to go to Europe because muslims made their own country hell by terrorism. You idiot don't know about hindi it is from Sanskrit the oldest of all languages.,religion,ethnicity,people from Bangladesh and Myanmar,harmful,high,The tweet contains racist and ethnic slurs targeting people from Bangladesh and Myanmar.,True
453,Girls who graffiti bar bathroom stalls were bullied in high school. Sorry I don’t make the rules.,age,not_cyberbullying,none,neutral,none,"The tweet expresses a neutral, non-abusive opinion about a past experience.",True
454,"I specifically noted this issue is bigger than Mark Kern throwing out his nerd cred and saying his opinion is more important because of it. This is the same guy who bashed on a female celebrity because he was bullied IN HIGH SCHOOL by girls, and as such he says they aren't gamers",age,other_cyberbullying,Mark Kern,harmful,high,The tweet is cyberbullying because it mocks Mark Kern's past experiences and uses them to discredit his opinions.,True
455,Anti-feminist YouTuber doubles down on vile Jess Phillips rape joke while leaping to the defence of a gay men’s rights activist,gender,gender,women,harmful,high,"The tweet targets Jess Phillips, a woman, with a rape joke and sexist language.",True
456,"@BieberNiggas ok, thanks. it's just i was bullied for being skinny, and forced myself to drink gross weight-gain shakes 5 times a day!",other_cyberbullying,other_cyberbullying,people who are skinny,harmful,high,"The tweet describes being bullied for a physical characteristic, which is a form of harassment not specifically targeting religion, age, gender, or ethnicity.",True
457,@dazzacamilo shares Australia PM announces new counterterror measures: Tony Abbott says st... http://t.co/1DMZ7nxqa3 by @AJEnglish #arab,other_cyberbullying,other_cyberbullying,none,harmful,low,"The tweet contains a link to a news article about counterterror measures, but the hashtag #arab could be perceived as targeting Arabs in a negative context.",True
458,RT @J_Cassinelli In 1814 women had no rights. In 1914 women fought for rights. In 2014 women were always right. It's a new year. #notsexist,gender,not_cyberbullying,none,neutral,none,The tweet is a neutral statement about women's rights and does not contain any bullying or harassment.,True
459,@alphadogg__ E depois você sofreria bullying facilmente também... Põe alphadog :),not_cyberbullying,other_cyberbullying,none,harmful,low,"The tweet contains a derogatory nickname and a threat of bullying, but it does not target a specific group based on religion, age, gender, or ethnicity.",True
460,"muslim people embarrass me. you idiots use this “what about the middle east” buIIshit everytime blm is bought up, as if somalia was not one of the hardest hit countries due to bombing. don’t use the struggles of middle eastern people to hid the fact that you are RACIST.",religion,other_cyberbullying,none,harmful,high,"The tweet contains insults and accusations of racism, but does not target a specific group based on religion, age, gender, or ethnicity.",True
461,Why do people think that being Muslim is a race? Lmaoo you guys are idiots,religion,other_cyberbullying,none,harmful,high,"The tweet contains derogatory language and mocking tone, targeting the ignorance of the audience rather than a specific group.",True
462,"Honestly really happy that I still enjoy the Mighty Boosh as much if not more than I did as a teenager. It's good when things hold up. Shame about the blackface though. And the gay jokes. And the trans jokes. And the rape jokes. And them using the word ""retard"". Ahhh, the 2000s.",gender,other_cyberbullying,none,harmful,high,"The tweet criticizes the Mighty Boosh for its outdated and offensive content, including racist, homophobic, transphobic, and ableist language.",True
463,@azharyogaswara mana arsenal lo ry? Cuman jadi bahan bully an wkakaka,not_cyberbullying,other_cyberbullying,none,harmful,low,"The tweet contains a derogatory comment and a threat of bullying, targeting no specific group.",True
464,"@tbtrill ..costumes (dumb as fuck), held a rally, then someone passing by said nigger and everyone lost their minds.",ethnicity,ethnicity,African Americans,harmful,high,"The tweet contains a racial slur, indicating a high level of harmful intent towards African Americans.",True
465,Sending someone to jail for stealing tylenol is pretty ridiculous.,not_cyberbullying,not_cyberbullying,none,neutral,none,"The tweet expresses a negative opinion about a sentence, but does not contain any bullying or harassing language.",True
466,that meme about mean girls in school becoming nurses is 100% true because this girl who bullied me and hated me from elementary school-high school is a nurse at my aunts care facility now.,age,other_cyberbullying,none,harmful,high,"The tweet contains a personal, hurtful anecdote about past bullying, but it does not target a specific group based on religion, age, gender, or ethnicity.",True
467,@LyndseyBoo wow!! Leave lyndsey phone alone!!! #bully's! #pervs,other_cyberbullying,other_cyberbullying,none,harmful,high,"The tweet contains derogatory language and threats, but does not target a specific group based on religion, age, gender, or ethnicity.",True
468,RT @ChristineLockw2: Twitter makes me laugh....Better than the series ;)))))) Very funny 👏👏👏👏👏  #MKR,not_cyberbullying,not_cyberbullying,none,neutral,none,The tweet is a positive and lighthearted comment about a TV series.,True
469,@IAmThe1Teacher Tell it to the Islamofascists.,religion,religion,Muslims,harmful,high,"The tweet uses a derogatory term to insult Muslims, indicating a high level of harmful intent.",True
470,MRN. http://t.co/R9Sv0ogFQn,not_cyberbullying,other_cyberbullying,none,harmful,low,"The tweet contains a derogatory term, but the target group is unclear, so it's classified as other_cyberbullying.",True
471,"Oh, no. Please don't sue me. I'm shaking in my bright pink UA sneakers. https://t.co/zn5tktwG7P",not_cyberbullying,other_cyberbullying,none,harmful,low,"The tweet contains a sarcastic and mocking tone, implying the recipient is being threatened or intimidated, but the content is not specifically targeting a protected group.",True
472,"RT @gabronies I'm not sexist, but I cannot picture Thor being anything else then the character HE is now.",gender,gender,men,harmful,low,"The tweet implies that Thor should be male, perpetuating a gender stereotype.",True
473,YOU NIGGER IT WASNT INDISPUTABLE DUMB FUCK I SHOULD BST A NUT ON YOUR WIFEY AND KIDS NOW LOL RT @MikeHillESPN: ARE YOU SERIOUS????,ethnicity,ethnicity,African Americans,harmful,high,"The tweet contains a racial slur and a threat, indicating a high level of harm and intensity.",True
474,"Some people find that stuff funny, even if its not comedy and who can tell them not to like it? Rape jokes, gay jokes, and jokes about poc are great when done right. Its not haha rape is funny. For dark humour to work, you have to be aware that these types of things are bad",gender,other_cyberbullying,none,harmful,medium,"The tweet contains jokes about sensitive topics, including rape, gay people, and people of color, which can be considered hurtful and harassing, even if the author claims they are done in a 'dark humor' context.",True
475,"Yall wanna know how deep racism is in this country? I know a black nurse that works with Alzheimer’s patients, and they forget EVERYTHING. I’m talking names, dates, their own family...but you know what they nevrt forget? Using nigger or colored girl when talking to her...smh",ethnicity,ethnicity,black people,harmful,high,The tweet contains a racial slur and targets black people with a derogatory stereotype.,True
476,"@tayyoung_: FUCK OBAMA, dumb ass nigger Ha you mad..... OH OKAY LOL",ethnicity,ethnicity,African Americans,harmful,high,"The tweet contains a racial slur targeting African Americans, indicating a high level of harmful intent.",True
477,he is our generations donald glover except gay and did not spend his early 20s making rape jokes and is socially aware and makes an effort to not offend with his jokes,gender,other_cyberbullying,none,harmful,medium,"The tweet is cyberbullying because it makes a derogatory comparison to someone, implying they are inferior due to their past actions and jokes.",True
478,If a Man RAPE Another Man: GAY.. . . . . . . . If a Man RAPE 11 Men: #GAYLE #joke,gender,other_cyberbullying,none,harmful,high,"The tweet contains derogatory language and a joke about rape, targeting no specific group but promoting a harmful and offensive message.",True
479,"Sir Stone pelting Allah hu akbar krte hue, Saare terrorists grp like jaish e mohammad means army of mohammad lashkar, Isis flag says la illaha illallah and shit. These Maulvis asking to violate lockdown are doing that on the name of quran and Allah. why to cover all these facts?",religion,other_cyberbullying,none,harmful,high,"The tweet contains derogatory language and accusations against a group of people, but the target is not explicitly defined by a specific characteristic such as religion, age, gender, or ethnicity.",True
480,the gay superhero shit and the rape hero had me weak. Like how nigga even come up with these jokes,gender,other_cyberbullying,none,harmful,high,"The tweet contains derogatory language and expresses disdain for certain types of content, but does not target a specific group based on religion, age, gender, or ethnicity.",True
481,@radarecho Ain't that the truth....Have fun!!!,not_cyberbullying,not_cyberbullying,none,neutral,none,The tweet is a neutral and friendly response with no bullying or harassment.,True
482,"Kat and Andre, I really hope you are eliminated next  #mkr #feistyfoodies #badsports",not_cyberbullying,other_cyberbullying,none,harmful,low,"The tweet expresses a desire to see the individuals eliminated from a competition, which is a form of harassment.",True
483,RT @AlejandroDaGr8: Amazing how a deadly criminal mastermind assassin who can escape from cuffs in seconds got caught by two Paul Blarts.,other_cyberbullying,other_cyberbullying,none,harmful,high,"The tweet is cyberbullying because it mocks and insults a person, making a derogatory comparison to a fictional character.",True
484,"@all the girls who bullied me in high school, what’s up with it now",age,gender,women,harmful,low,"The tweet targets women who bullied the author in high school, implying a past conflict.",True
485,#MileyCyrus Miley Cyrus makes date rape joke onstage at GAY http://ift.tt/1skdYZ0,gender,other_cyberbullying,Miley Cyrus,harmful,high,The tweet is cyberbullying because it mocks and publicly shames Miley Cyrus for making a joke about date rape.,True
486,@MorseLyA hehe. That was actually super helpful! I'm saving for later so I can review and think about it.,other_cyberbullying,not_cyberbullying,none,neutral,none,The tweet is a positive and appreciative response to someone's content.,True
487,"Fuck you, fuck you very very mu~ch, Lily Allen. Your latest video is racist and awful and does nothing to promote ""feminism."" Christ.",not_cyberbullying,other_cyberbullying,Lily Allen,harmful,high,"The tweet contains strong profanity and insults directed at Lily Allen, criticizing her video and implying she is not a good feminist representative.",True
488,CONADET: Disco praise,not_cyberbullying,not_cyberbullying,none,neutral,none,"The tweet appears to be a neutral statement, possibly a sports-related comment, with no apparent intent to harm or bully.",True
489,"@_Hermit_Thrush_ hey herm don't retweet me amidst a bunch of people making gay jokes and rape threats, thanks",gender,gender,LGBTQ+ individuals,harmful,high,"The tweet contains rape threats, which are a form of gender-based cyberbullying targeting the LGBTQ+ community.",True
490,"Well lol, I'm not THAT old. So it was already a well established fact at that point...if anything, it's very much been eroded as a right in the past 10-15 years or so. So I had no memory of it not being available. But I knew that a lot of older Black folks were actually opposed.",ethnicity,not_cyberbullying,none,neutral,none,"The tweet is a neutral discussion about age and a historical fact, without any intent to harm or bully.",True
491,"And you guys are the wannabe in the world school who can able to get famous no matter how hard he try, so they start licking balls of the famous/bully kids to get some attention #india_suck_balls",age,other_cyberbullying,none,harmful,high,"The tweet contains derogatory language and insults towards a group of people, but the target is not explicitly defined by a specific characteristic such as age, gender, ethnicity, or religion.",True
492,@Clashoftherats Liar. Those Hadith come from the USC Muslim student association Hadith web site. And here is more. http://t.co/v9w4T4izgk,religion,other_cyberbullying,none,harmful,high,"The tweet is cyberbullying because it calls someone a liar, which is a form of harassment, but it does not target a specific group based on religion, age, gender, or ethnicity.",True
493,"#mkr Was out shopping so I just caught up on the Ep. Does anyone think ""bobble head"" when they see Lloyd? Kat- still a cunt,still can't cook",gender,gender,women,harmful,high,The tweet contains a derogatory term ('cunt') targeting a female individual.,True
494,"Whenever you joke about the gay community, pitbulls, domestic violence, rape culture, and/or racism, I will call you out. Deal with it.",gender,other_cyberbullying,none,harmful,high,"The tweet threatens to call out individuals for various forms of harassment and bullying, indicating a confrontational and aggressive tone.",True
495,He puts a statement and people in the comments section are debating if he meant muslims or kashmiri pandits. He meant both you idiots and therein lies the problem.,religion,other_cyberbullying,none,harmful,high,"The tweet contains derogatory language and insults towards people engaging in a debate, but does not target a specific group based on religion, age, gender, or ethnicity.",True
496,I was legit screaming my lungs out!!!!  Fuck I HATE THIS!! ð­ https://t.co/mjhdnrMOHX,other_cyberbullying,not_cyberbullying,none,neutral,none,The tweet expresses frustration but does not contain any abusive language or targeted attacks.,True
497,Or the support radical Christians give to Saudi Arabia. And the weapons we sell them to murder Muslims. Or the tens of thousands of civilians killed by the failed war in Afghanistan.,religion,other_cyberbullying,radical Christians and Muslims,harmful,high,"The tweet contains accusatory language and criticism of specific groups, but does not contain direct attacks or slurs targeting a person's religion or faith.",True
498,"@ummsuhaym @logicalmind11 This would be another good example of terrorism.  Control through fear, violence, brutality http://t.co/9yklLhS1G6",religion,other_cyberbullying,none,harmful,high,"The tweet accuses someone of terrorism, implying violent and harmful behavior, without directly targeting a specific group.",True
499,RT @RenoLace: Holy fuck the Hardy Boys!!!! #WrestleMania,other_cyberbullying,not_cyberbullying,none,neutral,none,"The tweet is a neutral expression of surprise or frustration, without any intent to harm or bully.",True
500,he got his start with rape jokes and using gay slurs a lot so hes always been trash,gender,gender,LGBTQ+ individuals,harmful,high,"The tweet uses a gay slur to insult the person, indicating a high level of harm and intent to bully.",True
501,I don't give a damn about pride month or gay slang because my sexuality doesn't define my interests or the way I speak Also you think I owe anything to some random black trans woman on the street because she happens to share the skin color/gender identity as past activists? No.,ethnicity,other_cyberbullying,LGBTQ+ individuals and black trans women,harmful,high,"The tweet contains derogatory language and dismissive tone towards LGBTQ+ individuals and black trans women, while also making a condescending comment about past activists.",True
502,"rape is not a joke, neither is suicide, gay is not an insult, and the ""R word"" should not be used under any circumstance. got it? good.",gender,gender,LGBTQ+ individuals,harmful,high,"The tweet addresses derogatory language targeting the LGBTQ+ community, specifically using 'gay' as an insult.",True
503,Being called racial slurs is better than having your stuff stolen and vandalized all the time and being knocked around and hit and tripped constantly. The school would even fine my parents for “lost” textbooks even though said books were stolen or destroyed by bullies.,age,other_cyberbullying,none,harmful,high,"The tweet describes a pattern of harassment and physical bullying, but does not contain any specific attacks or slurs targeting a particular group.",True
504,@Salon @TheMuslimGuy Objecting to this is what the PC morons of Salon call racism. http://t.co/pEPfxlLKfu,religion,other_cyberbullying,none,harmful,high,"The tweet uses derogatory language to insult Salon's readers, implying they are close-minded and intolerant.",True
505,I got to be more active on twitter in fact I'm going to be more active,not_cyberbullying,not_cyberbullying,none,neutral,none,The tweet is a positive statement about the user's intention to be more active on Twitter.,True
506,"RT @guiltyx: ""@JillPantozzi: Please report this: https://t.co/IZmfm1cqQc"" Abuse of @Twitter API and privacy hack, @support @freebsdgirl @Th…",not_cyberbullying,other_cyberbullying,none,harmful,medium,"The tweet reports abuse and a privacy hack, indicating cyberbullying behavior.",True
507,".@ArchSuriel ""I hope nobody notices my rape joke and gay joke that I made in the past week before I change my avatar to the red equal sign""",gender,gender,LGBTQ+ individuals,harmful,high,"The tweet contains a gay joke, which is a derogatory and hurtful comment targeting the LGBTQ+ community.",True
508,@BRIGHTPRIMATE @ChrisWarcraft give it time.❤️,other_cyberbullying,not_cyberbullying,none,neutral,none,"The tweet is a neutral, friendly response with no bullying or harassment.",True
509,"Gay, Transgender, and he had quite a few rape jokes some I'm gonna assume a lot of women",gender,gender,women,harmful,high,The tweet contains derogatory comments and rape jokes targeting women.,True
510,Her attitude is a common one these days - that anything other than total deference to black political preferences is racism. A reasonable person could look at the hash made by Democrat run cities in the past few months and decide life might not be better with them in power.,ethnicity,other_cyberbullying,Democrats,harmful,medium,"The tweet uses derogatory language to imply that Democrats are incompetent and that their policies are detrimental, which is a form of cyberbullying.",True
511,@AdoreZoey: How u gone bring ur side bitch to a game where You know Ya gf friends at ?! 😩😩😩😩 I SWEAR!!!!!,gender,other_cyberbullying,none,harmful,high,"The tweet contains aggressive language and insults, targeting the person's behavior and relationships, but does not contain any specific attacks on a protected group.",True
512,@TheDanaAddams http://t.co/gcOZosqtCJ,other_cyberbullying,not_cyberbullying,none,neutral,none,This tweet appears to be a simple retweet with no abusive content.,True
513,@RacistAfricans fuck up. You opinion is voided after your insensitive word choice. Dumb ass group. Nigger=ancient Egyptian for king.,ethnicity,ethnicity,Africans,harmful,high,The tweet uses a racial slur and makes derogatory comments about a group's opinion and intelligence.,True
514,@PolitiBunny @crash_matrix @dsmyxe @AaronWorthing nope. didn't have you blocked. but thanks for letting me know that i should. :),other_cyberbullying,not_cyberbullying,none,neutral,none,"The tweet is a response to a suggestion to block someone, and does not contain any bullying or harassment language.",True
515,I forgot my snap story wasn't private and one of my high school bullies just watched the entire thing. Ma'am are you fucking lost ?,age,other_cyberbullying,none,harmful,high,"The tweet contains a derogatory and aggressive insult, but it is not targeted at a specific group based on religion, age, gender, or ethnicity.",True
516,Dalits and Muslims own some of the stores there..you idiot. Kaise kaise gadhe paal rakhe hai humne!!,religion,ethnicity,Dalits and Muslims,harmful,high,"The tweet contains ethnic slurs and attacks on Dalits and Muslims, indicating a high level of harmful intent.",True
517,There's always that one idiot in the class! STFU ðð,other_cyberbullying,other_cyberbullying,none,harmful,high,"The tweet contains a derogatory term and an aggressive tone, targeting no specific group but aiming to insult and belittle.",True
518,"okay so for context, lisa is a friend of mine who sorta gets bullied by some other girls cuz ""ShE's KoREaN"", ""xi jingpin xDDdDDDDDd"" and ""hAahahahaHaa weeb lolololl why is ur voice so high lmaooooooooo"", like bruh ur 17 or 16 the fuck is wrong w u",age,other_cyberbullying,none,harmful,high,"The tweet contains a mix of derogatory comments and insults targeting Lisa's perceived identity and behavior, but not specifically her age, gender, ethnicity, or religion.",True
519,[110830/TRANS] Strong Heart - Donghae Being Bullied - vampiremochi: Awwww… Teukie hyung~~~ poor nano ~~~... http://t.co/JIAjHWj,not_cyberbullying,not_cyberbullying,none,neutral,none,"The tweet expresses sympathy and affection towards a celebrity, without any negative or harassing content.",True
520,@Marcus_Hokage @MasterrOfPuppet Astolfo Hitler?! Essa criança vai sofrer Bullying!!!!!,not_cyberbullying,other_cyberbullying,none,harmful,high,"The tweet is a threat of bullying, but it does not target a specific group based on religion, age, gender, or ethnicity.",True
521,"Idiot , the case has been seen by journalists. Your Pakistani sponsored terrorists have killed him. What tortures are done to Baluch Muslims by Pakistani Muslims?Chi chi Shame on you. I think you are not a genuine Muslim. Allah wants peace not terrorism.Tell your terror baps.",religion,ethnicity,Pakistani Muslims,harmful,high,"The tweet contains racist and ethnic slurs targeting Pakistani Muslims, accusing them of terrorism and violence.",True
522,"Not all hindus voted them,or at least not because they will do this to muslims...and secondly calling an entire nation immoral,evil and inhumane..wow..just the same way of calling pak a terrorist nation..there are idiots on both sides of the border..i am sure you are not kashmiri",religion,other_cyberbullying,none,harmful,high,"The tweet contains derogatory language and insults towards a nation and its people, without targeting a specific group based on religion, age, gender, or ethnicity.",True
523,wait the girl that bullied me in high school has a boyfriend and i don’t... it’s a cruel world people !!!!,age,other_cyberbullying,none,harmful,medium,"The tweet expresses frustration and resentment towards a past bullying experience, but does not target a specific group or individual.",True
524,@harmlesstree2 @MaxBlumenthal Not only them. Mohammed ejected the other 2 Jewish tribes from Medina and later slaughtered them at Khybar.,religion,other_cyberbullying,Muslims,harmful,high,"The tweet contains a historical reference used to insult and harm Muslims, promoting a negative and biased view of their faith.",True
525,"@Gabe_Fox oh, no worries!",other_cyberbullying,not_cyberbullying,none,neutral,none,The tweet is a friendly and neutral response with no bullying or harassment.,True
526,"@tayyoung_: FUCK OBAMA, dumb ass nigger you made bro",ethnicity,ethnicity,African Americans,harmful,high,"The tweet contains a racial slur targeting African Americans, indicating a high level of harmful intent.",True
527,Nope biggest mistake ever . 4 year college degree mandatory . Brute force bullies with low IQ will get us nowhere . If they are vets that's a plus but bachelors degree a must. Why should we be policed by pre college drop outs high school bullies ?,age,other_cyberbullying,"pre-college dropouts, high school bullies",harmful,high,"The tweet insults and mocks individuals who did not complete a college degree, implying they are unintelligent and incapable of contributing.",True
528,"sharing #suaju After Nancy Binay Skin Colour Puns, Gay Filipino Comedian's Rape Joke Incurs .. #comedian #comedy http://dld.bz/cAr7x",gender,other_cyberbullying,Nancy Binay,harmful,high,"The tweet contains a derogatory comment and a rape joke targeting a public figure, indicating cyberbullying.",True
529,"The original issue was the damn people in the video coughing like idiots, but everyone chose to focus on me requesting to not be lumped in with those morons. I would never lump “all muslims” in with osama bin laden...its the same damn thing and you’re not seeing that.",religion,other_cyberbullying,none,harmful,high,"The tweet contains aggressive language and accusations, but the target is not a specific group or individual, rather a perceived attitude or behavior.",True
530,- Fuck #ColumbusDay. Lyin dirty low down no good thief. You ah dumb nigger if you celebrate.,ethnicity,ethnicity,African Americans,harmful,high,The tweet contains a racial slur and a derogatory statement targeting African Americans.,True
531,"I don't get homophobic Christians voting for Duterte. They be like, ""Boo gay people! Yey misogynistic killer who jokes about rape!"" dafuq",gender,gender,LGBTQ+ individuals,harmful,high,"The tweet contains homophobic slurs and attacks on LGBTQ+ individuals, criticizing their voting choices.",True
532,"#IAmAFeminist because people still use the words gay, girly, feminine, etc as insults and still use rape as a joke",gender,gender,LGBTQ+ individuals and women,harmful,high,"The tweet highlights the derogatory use of terms targeting LGBTQ+ individuals and women, indicating a high level of harm.",True
533,"@solri i lived in a weird place, though - village in the middle of nowhere, ~25 ppl population. not avg US experience.",other_cyberbullying,not_cyberbullying,none,neutral,none,"The tweet is a neutral, non-abusive statement about the author's past experience.",True
534,It was upsetting to see acted out what I'm willing to bet is the fantasy of *many* GamerGaters. Putting a loud feminist in her place.,other_cyberbullying,gender,feminists,harmful,high,"The tweet targets feminists with the intention of putting them in their place, indicating a high level of harm.",True
535,"Colin, are you having a lend? 7 for main and dessert? Little skill was demonstrated throughout. #MKR",not_cyberbullying,other_cyberbullying,none,harmful,medium,"The tweet contains a critical and mocking comment about the person's cooking skills, which is a form of cyberbullying.",True
536,@kaepsinging lmAO we called her out on her gay/rape jokes n she was a giant baby about it and got her followers on us,gender,gender,LGBTQ+ individuals,harmful,high,"The tweet contains homophobic slurs and insults, targeting LGBTQ+ individuals.",True
537,"I'll take a happily married gay man over a sexist, thrice married, philandering, straight man accused of sexual assault and rape any day.",gender,gender,men,harmful,high,"The tweet targets men with derogatory language and sexism, implying they are more likely to be philandering and accused of sexual assault.",True
538,''Good for nothing bum'' - School Prefect from Bully,age,other_cyberbullying,none,harmful,high,"The tweet contains a derogatory insult with no specific target group, indicating general harassment.",True
539,Kerstin is being a food bully.,other_cyberbullying,other_cyberbullying,none,harmful,low,"The tweet is a form of harassment, but it does not target a specific group based on religion, age, gender, or ethnicity.",True
540,@ANN_Lynzee *exactly*,other_cyberbullying,other_cyberbullying,none,harmful,low,"The tweet is a form of online harassment, using a sarcastic tone to mock someone.",True
541,"Your school girl crush on the arrogant bully Cuomo is cute but, it’s clouding your vision. It was his call to send them to the nursing homes. Sorry",age,other_cyberbullying,none,harmful,high,"The tweet contains a personal attack and insult, targeting Cuomo's actions and character, without referencing any protected characteristic.",True
542,FUCK NIGGERS.! dumb ass faggot ass pussies.! that's why I only friend a couple of them and not the hopeless hood rat ass fakes.!,ethnicity,ethnicity,African Americans,harmful,high,The tweet contains racist slurs and derogatory language targeting African Americans.,True
543,Cool. Cool. Great that AIPAC are supportive of the radical right Christians who support Israel just because they believe it will hasten End Times. #putz,religion,other_cyberbullying,none,harmful,high,"The tweet contains derogatory language and insults, targeting a specific ideology or group, but not a protected characteristic.",True
544,@annie_fd_xxx oh no need for bullying bbz! Okay hang on x,not_cyberbullying,not_cyberbullying,none,neutral,none,"The tweet is a response to a situation, expressing concern and asking the person to wait, without any abusive language or intent.",True
545,"Most humans are complete idiots. In this instance, do I condone their behaviour - ABSOLUTELY NOT. But why are they *muslim* idiots. Not just actual idiots. Also, feel free to name who you mean and not just say specific communities. It's just the one community.",religion,ethnicity,Muslims,harmful,high,"The tweet contains a derogatory term targeting Muslims, indicating a high level of harm and intensity.",True
546,#MKR REALLY WISH KAT WOULD JUST GO TO SUDDEN DEATH FULL STOP.,gender,other_cyberbullying,none,harmful,high,"The tweet expresses a strong desire for someone to leave a show, indicating harassment or annoyance.",True
547,"True Islam is what the Muslims of Pakistan and ISIS are doing, The Quran only orders the killing of Kafirs, Even in India, Shaheen Bagh has become a hub of terrorist activities, #ShaheenBagh #शाहीनबाग़",religion,religion,Muslims,harmful,high,The tweet targets Muslims by associating them with terrorism and misinterpreting Islamic scripture.,True
548,"@Xanthe_Cat nice to know I made him mad, then 😜",not_cyberbullying,not_cyberbullying,none,neutral,none,"The tweet is a neutral, non-abusive comment expressing a lighthearted sentiment.",True
549,https://t.co/6MnvsJQvsC,other_cyberbullying,other_cyberbullying,none,harmful,low,"The tweet contains a link to an unknown content, which could potentially be bullying or harassment, but the intent is unclear without further context.",True
550,"Locking down my personal account some more. If you were following me before but you're not anymore, sorry. :\",other_cyberbullying,not_cyberbullying,none,neutral,none,The tweet is a neutral statement about account settings and does not contain any bullying or harassment.,True
551,Fuck Nieq and Braie. Them some dumb niggers,ethnicity,ethnicity,African Americans,harmful,high,"The tweet contains a racial slur, targeting African Americans with the intention of causing harm.",True
552,"All I know is before the war in Afghanistan, The Muslims were very liberal and there wasn't fanatical idiots around, they were imprisoned, all of a sudden the West West needed them to fight the Russians, next thing you know everyone was teaching fanatical culture",religion,ethnicity,Muslims,harmful,high,"The tweet contains a derogatory term and a negative stereotype about Muslims, implying they are 'fanatical' and 'idiots'.",True
553,"RT""@tayyoung_: FUCK OBAMA, dumb ass nigger"" lmao shut yo ass up and go get some nigger dick lmao",ethnicity,ethnicity,African Americans,harmful,high,The tweet contains racist slurs and language targeting African Americans.,True
554,"RT @tayyoung_: FUCK OBAMA, dumb ass nigger http://bit.ly/M71NtB @youtube",ethnicity,ethnicity,African Americans,harmful,high,The tweet contains a racist slur targeting African Americans.,True
555,#MileyCyrus Miley Cyrus causes controversy with date-rape 'joke' at GAY club gig in London http://ift.tt/1jlu9Qd,gender,other_cyberbullying,none,harmful,high,"The tweet is cyberbullying because it publicly mocks and criticizes Miley Cyrus for a joke, with a link to further information.",True
556,@Religiolizer The problem is that the cathedral doesn't understand that he prophet Mohammed declared war on all humanity 1400 years ago.,religion,religion,Muslims,harmful,high,"The tweet contains a derogatory statement about the Prophet Mohammed, targeting Muslims and expressing a harmful intent.",True
557,I Been rocking w you since ur first irl vs fredo and the way u went from one of the most hated TO THE MOST LOVED IN THE COMMUNITY. I’m proud of u bro frfr,ethnicity,not_cyberbullying,none,neutral,none,The tweet is a congratulatory message expressing admiration and pride for the recipient's growth in popularity.,True
558,The BLM at it again.They don’t understand history.Frederick Douglass was a spokesman for the Black People.They are just ripping and tearing at anything that represents the past.,ethnicity,other_cyberbullying,BLM supporters,harmful,medium,"The tweet is cyberbullying because it uses a derogatory tone to attack a social movement, BLM, without targeting a specific individual or group based on religion, age, gender, or ethnicity.",True
559,Rape jokes Students asking for props for their Columbine outfits Gay men asking for 50's housewife jewelry #SpiritHalloween I love my job,gender,other_cyberbullying,none,harmful,high,"The tweet contains references to violent and disturbing topics, including rape jokes and a Columbine reference, which are intended to be hurtful and shocking.",True
560,If you told me that the girl who bullied me in high school would be in a bar laughing with my boss in front of me in 2019 I would’ve been like nah but here we are,age,other_cyberbullying,none,harmful,medium,"The tweet expresses resentment and anger towards a past bully, but does not contain any explicit attacks or slurs targeting a specific group.",True
561,"Yo, windows people. Is there any free app (other than puppet) that will allow me to define apps to install on new PCs?",not_cyberbullying,not_cyberbullying,none,neutral,none,The tweet is a neutral question seeking information and does not contain any bullying or harassment.,True
562,Sorry y'all. I needed that.,other_cyberbullying,not_cyberbullying,none,neutral,none,The tweet expresses a neutral sentiment and does not contain any bullying or harassment language.,True
563,@harmlesstree2 That's a huge pile of shit. The only reason they would do that is so they could force them to pay Jizya.,not_cyberbullying,ethnicity,Muslims,harmful,high,"The tweet contains a derogatory reference to the Islamic practice of Jizya, implying a negative stereotype about Muslims.",True
564,@sartoni83 I laid the bike down intentionally vs having a worse accident. I was bruised but fine.,not_cyberbullying,not_cyberbullying,none,neutral,none,"The tweet is a neutral, personal account of a non-violent incident with no intent to harm or harass.",True
565,I call female friends bitches when they piss me off. And guess what? I call male friends bitches at the same rate. I’m an equal opportunity offender and proud of it!!,gender,gender,women,harmful,high,"The tweet uses derogatory language targeting women, implying disrespect and hostility.",True
566,@shehzilk @watan71969 At least Churchill got it right. http://t.co/Bjgk9PdUUO,not_cyberbullying,other_cyberbullying,none,harmful,low,"The tweet is cyberbullying because it mocks and insults a person's opinion, but does not target a specific group.",True
567,"Do you not understand Vaush is arguing and making an issue a thing he doesn’t understand. He bullied the girl he debated in a stream days later, he made a comment about “is it bad optics to ban black people” and he unintentionally argues for white supremacy",age,other_cyberbullying,Vaush,harmful,high,"The tweet accuses Vaush of bullying and making racist comments, indicating cyberbullying behavior.",True
568,I Am The Victim Bria ! I Just Be Chillin' Trying Not To Get Bullied Or Hoed. Lol,other_cyberbullying,other_cyberbullying,none,harmful,low,"The tweet expresses a victim's sentiment and uses colloquial language to describe being bullied, but does not target a specific group.",True
569,@dawlaa_account There was no random bombardment with chemical weapons. The ISIS chemical weapons were blown up.,not_cyberbullying,other_cyberbullying,ISIS supporters,harmful,high,"The tweet is a derogatory statement targeting ISIS supporters, implying they are responsible for a heinous act.",True
570,It's because the BLM Antifa & other Radical Protesters are immune from the Chinese Virus we all know that by now The only ones that catch the Chinese Virus are Christians Republicans & all other American that don't support the Far Left Marxis agenda,religion,ethnicity,Chinese,harmful,high,"The tweet targets Chinese people with a derogatory term and implies they are immune to the virus, promoting a harmful stereotype.",True
571,@sschinke http://t.co/wFqbTK0LGf,other_cyberbullying,other_cyberbullying,none,neutral,none,"This tweet appears to be a neutral, non-abusive comment with a link, lacking any explicit bullying or harassment content.",True
572,"@m1sp hey, do you have a good way to consume multiple json dumps into a single corpus? i've been just hacking it together.",not_cyberbullying,not_cyberbullying,none,neutral,none,"The tweet is a neutral, friendly question seeking help with a technical task.",True
573,@initials_games Big news! Wait does kat actually still think she can cook? #mkr,gender,other_cyberbullying,none,harmful,low,"The tweet is mocking someone's perceived abilities, specifically cooking, in a public setting.",True
574,Remember when the IDIOT GOVERNOR of Borno got a letter from WAEC telling him to relocate two batch of students from Maiduguri (Muslims) and Chibok (Christians) because of Boko Haram? The IMP relocated the Muslims and you know what happened to the Chibok Girls! Who was blamed?,religion,other_cyberbullying,none,harmful,high,"The tweet contains derogatory language and insults towards a public figure, but the primary target is not a specific group, rather the tone and intent are to mock and criticize.",True
575,"Wait, wait, wait. So white folks can't help being racist? I am asking bc me & mine have been saying that for years - like, we think racism is bred in your genes; kind of like ur yellow hair & strangely colored eyes. If u could shout out an affirmative, we'd surely appreciate it.",ethnicity,other_cyberbullying,white people,harmful,high,"The tweet contains a derogatory and racist comment about white people, implying they are inherently racist.",True
576,@elfwreck i'm alone at home please explain how am i no letting women open such gates and im judging everone here male/female #Blameonenotall,other_cyberbullying,gender,women,harmful,high,"The tweet contains a derogatory statement towards women, implying they are not capable of performing a task.",True
577,Y’all didn’t know gay dudes got hands they’ve been fighting school bullies since kids *low-key*,age,gender,gay men,harmful,low,The tweet targets gay men with a derogatory stereotype about their physical strength.,True
578,“Is that a rape joke or a gay joke? I need to know if it’s okay to laugh”,gender,gender,LGBTQ+ individuals,harmful,high,"The tweet implies that the speaker is unsure if it's acceptable to laugh at a joke that might be about rape or a gay person, perpetuating a harmful and insensitive attitude towards LGBTQ+ individuals.",True
579,the girls who bullied me in high school are the same girls that can’t read analog clocks,age,other_cyberbullying,none,harmful,medium,"The tweet contains a derogatory comment about the girls' intelligence, but it is not based on any specific protected characteristic.",True
580,i was referring to u saying josie words doesn’t sit right with me so i added onto it. im guessing english isn’t ur first language? ‘find something else?’ u just admitted to being an ableist. chile how does it feel to be one? i wanna know.,ethnicity,other_cyberbullying,none,harmful,high,"The tweet contains aggressive language and accusations of ableism, but does not target a specific group based on religion, age, gender, or ethnicity.",True
581,"@sredrow2 you're a bully! Guess I should pass along the ""get well soon"" bear http://yfrog.com/h3meaudj",other_cyberbullying,other_cyberbullying,none,harmful,low,"The tweet is a general insult, but lacks specific targeting of a protected group.",True
582,@KivaBay @tonitonirocca YES I WANT COLORING BOOKS PLEASE PLEASE PLEASE,other_cyberbullying,not_cyberbullying,none,neutral,none,"The tweet is a friendly and enthusiastic request for coloring books, with no bullying or harassment.",True
583,I got this dumb ass fucking nigger in my lab group and he's dumb as fuck,ethnicity,ethnicity,African Americans,harmful,high,"The tweet contains a racial slur, indicating a high level of harm and intensity towards African Americans.",True
584,@V3nomResurge damn nigger where the fuck did you come from did you crawl out of there ass just to talk shit?!? Stfu and mind ur own dumb ass,ethnicity,ethnicity,African Americans,harmful,high,"The tweet contains a racial slur and a derogatory tone, targeting African Americans.",True
585,I was played a ton of sports as a child. I even played rep basketball. I was bullied by the girls at high school basketball try-outs and didn’t make the team. So I stopped taking gym classes and playing sports and developed chronic depression I’ve struggled with for twenty years.,age,not_cyberbullying,none,neutral,none,"The tweet describes a personal experience of bullying, but it is not directed at anyone and does not contain any abusive language.",True
586,She calls out Pak for terrorism in K. How is that same as whitewashing Islamic terrorism. Anyhow u r free to form your own opinion. Why do I care?,religion,other_cyberbullying,none,harmful,medium,"The tweet contains a confrontational tone and an accusation of hypocrisy, but does not target a specific group based on religion, age, gender, or ethnicity.",True
587,"RT @Chippydagod: planking is for dumb niggers, did yall know thats what the master use to do to blak slaves. Black people wake the fuck up!!",ethnicity,ethnicity,Black people,harmful,high,The tweet contains a racist slur and a derogatory statement targeting Black people.,True
588,Not single person. 90% bomb blast in india done my Indian mujahedeen but still Hindus never went against local muslim population. u people only abuse Hindutva saying it is RSS term but when We talk about Islamic terrorism you say-'No Bro Terrorism is nothing to do with Islam',religion,other_cyberbullying,none,harmful,high,"The tweet contains a defensive and accusatory tone, criticizing others for not condemning Islamic terrorism, but does not directly target a specific group.",True
589,"RT @Quinnae_Moon: The ease with which one can dogpile others is scary, not least because we all think we're acting as individuals rather th…",other_cyberbullying,not_cyberbullying,none,neutral,none,The tweet is a neutral commentary on online behavior and does not contain any bullying or harassment.,True
590,@SmooveCac the fuck that mean you dumb monkey ass nigger,ethnicity,ethnicity,African Americans,harmful,high,The tweet contains a racial slur targeting African Americans.,True
591,Well... The Hoes might pull this off.... Pardon the pun!! #mkr,gender,gender,women,harmful,low,"The tweet uses a derogatory term to refer to women, indicating a low-level harmful intent.",True
592,"Funny dev joke, y/n? My sense of humor is weird.",other_cyberbullying,not_cyberbullying,none,neutral,none,The tweet is a lighthearted and humorous comment with no intent to harm or bully.,True
593,Give that advice to your bully husband. Go save the children in Puerto Rico that have been left with homes or schools,age,other_cyberbullying,none,harmful,high,"The tweet contains aggressive language and a demand for someone to take action, but it does not target a specific group based on religion, age, gender, or ethnicity.",True
594,Um... why are you so up in arms about Trump being called an atheist?! Christians are labeled all the fvcking time by folks like you even though a lot of us do NOT support Trump or the GOPs radical ideas. damn find something real to be offended over...,religion,other_cyberbullying,Christians,harmful,high,"The tweet contains aggressive language and insults towards people who are upset about Trump being called an atheist, targeting Christians in the process.",True
595,Idiot lady is just propagating lies.. Where are RSS goons? Can you identify RSS and Muslims separately in the video ?,religion,other_cyberbullying,none,harmful,high,"The tweet contains derogatory language and insults towards an unspecified person, with no specific targeting of a protected group.",True
596,"I mean it's make the tournament more interesting I'm kind of expecting him to sweep it, unless eye patch wolf is that bully from Connors school",age,other_cyberbullying,none,harmful,low,"The tweet contains a derogatory term ('bully') that implies negative behavior, but it's not targeted at a specific group.",True
597,.@tim_geelen @eaballesty Not true.  Feminism is also about getting free stuff and using benevolent sexism/chivalry to their advantage.,gender,gender,feminists,harmful,medium,"The tweet targets feminists with a derogatory statement, implying they use sexism to their advantage.",True
598,"RT @_stux_: generally by the people who are smart enough to at least realise saying ""feminazi"" makes you look like a fucking prick to anyon…",other_cyberbullying,gender,feminists,harmful,high,The tweet uses a derogatory term to insult and demean feminists.,True
599,Victoria: idk why she cries so easy and looks like the girl that bullied in high school and became a nurse,age,other_cyberbullying,none,harmful,high,"The tweet is a personal attack on Victoria's character, implying she is weak and untrustworthy.",True
