id,tweet_text,label,pred_label,target_group,intent,intensity,explanation,parse_ok
0,Every friend I had in middle school and high school were only my “friends” because they couldn’t bully me and I wasn’t scared of them and the other half was friends with me cause they was scared of the hoes I was friends with,age,other_cyberbullying,none,harmful,high,"The tweet contains derogatory language and insults towards people, specifically using the term 'hoes' to demean and belittle others, indicating a high level of harmful intent.",True
1,"It's like faking being humble, but then, in the next breath, being upset that people can disagree with you. Must just be personal agendas.",other_cyberbullying,other_cyberbullying,none,harmful,medium,"The tweet implies criticism and condescension toward someone's behavior, with a tone that is slightly aggressive and judgmental.",True
2,It's TIME... Kitchen HQ starts NOW WA! !#HungryCampers #MKR http://t.co/sWQ44IsGMS,not_cyberbullying,not_cyberbullying,none,neutral,none,"This tweet appears to be a promotional message for a cooking show, with no indication of bullying or harassment.",True
3,Mr President tayyip erdogan Dear Mr idiot Even the man who creat your country didn't change Hagia Sophia and you asshole try to make a show here Be a Muslim if you are and bring back the ppl rights,religion,ethnicity,Turks,harmful,high,"The tweet contains ethnic slurs and insults targeting the Turkish President and by extension, the Turkish people.",True
4,"#PrayForSun i never knew you but you seemed like such a sweet, genuine and caring girl. i know what its like to be bullied to the point where you dont want to live anymore so it just really affects me ig. fly high angel, rest in peace you deserved so much better..",age,not_cyberbullying,none,neutral,none,"The tweet expresses condolences and sympathy for the deceased, without any insulting or harmful language.",True
5,"I hope Twitter rips you a new one. You make me sick. @jimboslice_13 @ry_casper ""how to discribe rape. His dick was hungry!"" #notsexist",gender,other_cyberbullying,none,harmful,high,"The tweet contains threatening language and explicit content, but it is not specifically targeting a protected trait such as religion, age, gender, or ethnicity.",True
6,I really hate tweeting about Turkey but y’all are making me do it. Non-Turkish Muslims need to stop treating Muslim Turks as idiots. We get what’s symbolism and what’s not. What you don’t understand is what we’ve been through. You did not live through what we did.,religion,other_cyberbullying,Muslim Turks,harmful,medium,The tweet contains a condescending tone and implies that non-Turkish Muslims are ignorant of the experiences of Muslim Turks.,True
7,RT @Drebae_: How you hate somebody you never even spoke to? Bitches be Jealous & MAADDDDDDD. https://t.co/fiis4emg01,other_cyberbullying,gender,women,harmful,high,"The tweet uses derogatory language ('bitches') and implies jealousy, targeting women in a derogatory manner.",True
8,"@ldstarr18 @AC360 But there are many ideologies, and Islam declared war on the human race 1400 years ago. http://t.co/ntOJwO4Lnt",religion,ethnicity,Muslims,harmful,high,"The tweet makes a generalization about Islam and declares war on the human race, which is a harmful and inflammatory statement targeting Muslims.",True
9,"Racism is like a stain on ur colored clothes, u can't bleach it Kuz it ain't white.",ethnicity,ethnicity,people of color,harmful,high,"The tweet uses a racist analogy to convey a message, targeting people of color and implying that racism is an inherent and unchangeable aspect of their identity.",True
10,@Salon @TheMuslimGuy Do the BB brains at Salon understand that the rape of slave girls was approved and practiced by Mohammed. #Islam,religion,religion,Muslims,harmful,high,"The tweet targets Muslims by referencing their faith and implies that their prophet approved of a harmful practice, with a high level of intensity and harmful intent.",True
11,"bullied for being soft and friendly back in elem days. bullied for being close to girls and not acting like my jerk guy classmates (drinking, smoking, watching porn and all the straight toxic masculinity stuff) in High school.",age,other_cyberbullying,none,harmful,medium,"The tweet describes past experiences of bullying, but does not target a specific protected trait or group, instead focusing on the author's past behavior and societal expectations.",True
12,"In high school I used to get bullied by a special ed girl bitch would dead ass hit me, and like fuck was I supposed to do",age,other_cyberbullying,individuals with special needs,harmful,high,"The tweet contains derogatory language and a violent threat towards an individual with special needs, indicating a high level of harm and intensity.",True
13,"RT @a_man_in_black: @freebsdgirl and at 1:46:00 on this stream he says people in GG should doxx you, me, and srh? https://t.co/fSDalWjH9G",not_cyberbullying,other_cyberbullying,none,harmful,medium,"The tweet is referencing a potential threat of doxxing, which is a form of harassment, but does not specifically target a protected trait.",True
14,black parade tease and anything beyonka has realesed in the past YEARS LFMAOO gurl bye,ethnicity,other_cyberbullying,Beyoncé,harmful,high,"The tweet contains a derogatory tone and language, with the use of 'gurl bye' and 'LFMAOO', indicating a high level of harm towards Beyoncé.",True
15,@ryloxify PDP being careful. He's gone from rape jokes since EVERYBODY called him out of it to expanding his vocab to words like Gay & Nigga,gender,other_cyberbullying,none,harmful,high,"The tweet contains derogatory language and implies hypocrisy, but does not target a specific protected trait or group.",True
16,"@DavidRomeiPHD @ALWiss5 Anything an American does defines America, anything a Muslim does is an aberration? Idiot!",religion,ethnicity,Muslims,harmful,high,"The tweet contains a derogatory term and implies that Muslims are inherently abnormal, targeting them based on their ethnicity and religion.",True
17,The link between a culture which condones sexist jokes & number of women that suffer rape & murder is not headline grabbing but a recognized integrated national approach which aims to reduce violence against women https://www.ourwatch.org.au/what-we-do/national-primary-prevention-framework,gender,other_cyberbullying,women,harmful,medium,"The tweet implies a link between sexist culture and violence against women, which can be perceived as blaming or shaming women for being victims of rape and murder.",True
18,"i’m gonna cry if my kidneys are fucked up tho tbh. i finally healed from my high school abuse/trauma from bullies my parents and exes bro, i’m into school i wanna work i have a cool lil bro..:::: like why now",age,other_cyberbullying,none,harmful,low,"The tweet expresses frustration and distress, but does not target a specific group or individual with a protected trait.",True
19,Even satan is confused about Muslims who enforce LGBT thing into religion. Support whatever the fuck you want without mentioning religion/claiming it’s a part of the religion you idiots.,religion,other_cyberbullying,none,harmful,high,"The tweet uses derogatory language and insults to express frustration with a particular group's actions, but does not target a protected trait such as religion, age, gender, or ethnicity.",True
20,"I'm friends with Atheists, Episcopalians, Catholics, Muslims & Jewish people and a big part of our friendship is not calling each other idiots. There is a proverb that you catch more bees with honey than with vinegar, but my mother-in-law assures me beer catches even more.",religion,not_cyberbullying,none,neutral,none,"The tweet is a lighthearted, humorous anecdote that does not target or insult any specific group or individual.",True
21,#asskickery hahahahaha #mkr #mkr2015 #mkrsexylloyd,not_cyberbullying,other_cyberbullying,none,harmful,low,"The tweet contains a derogatory slang term, but it does not target a specific protected trait or group.",True
22,"@MartinSenyszak you can have three errors, known errors, unknown errors and unknown unknown errors",not_cyberbullying,other_cyberbullying,none,harmful,low,"The tweet is sarcastic and implies criticism, but it does not target a specific protected trait or group.",True
23,"Finally! Like, haven't you been waiting since school started for this?!?!",not_cyberbullying,not_cyberbullying,none,neutral,none,"The tweet is a lighthearted and sarcastic expression of excitement, not targeting any specific group or individual.",True
24,"What tonight's outcome means: White people still consider black people ""niggers."" End. Of. Story. Disgusting place we live in.",ethnicity,ethnicity,black people,harmful,high,"The tweet uses a racial slur to express disgust and outrage, targeting black people with a harmful and insulting tone.",True
25,Since when did a box of band-aids cost 8 dollars #TF,not_cyberbullying,other_cyberbullying,none,harmful,low,"The tweet expresses frustration and criticism, but in a general and non-specific manner, targeting a product or situation rather than a protected group.",True
26,"BLM is a radical organization with Marxist goals. Amazon et al. tell us even on their entertainment venues that they support it. It's anti-Christian, anti-capitalist, anti-police just for starters.",religion,other_cyberbullying,BLM supporters,harmful,medium,"The tweet attacks BLM supporters with derogatory labels and associations, implying they hold radical and anti-Christian views.",True
27,that moment when your elementary school bullies slide in your dms >>>>>>>> I LOVE IT,age,other_cyberbullying,none,harmful,low,"The tweet expresses a negative sentiment towards being bullied in the past, but in a joking manner, which can be perceived as mocking or making light of bullying experiences.",True
28,Judgement time #mkr #hungrycampers,not_cyberbullying,not_cyberbullying,none,neutral,none,"The tweet appears to be a neutral comment referencing a TV show or competition, with no apparent intent to harm or bully any individual or group.",True
29,"If there is one thing in life we can count on, it's if you ask a question regarding opinions on Apple products, no one will agree.",other_cyberbullying,not_cyberbullying,none,neutral,none,The tweet expresses a neutral opinion about people's disagreement on Apple products without targeting any specific group or individual.,True
30,People getting all mad at Racists Getting Fired is my favorite mouse squeak of white supremacy,not_cyberbullying,other_cyberbullying,none,harmful,high,"The tweet uses sarcasm and a metaphor to express disdain for racism, but its tone is aggressive and mocking, targeting the ideology rather than a specific group.",True
31,"I'm 30, happily married with 2 kids. In school I was 6'3 and weigh 190 my senior year. the onlytime.somine.tried to bully me I threw their moped in the school dumpster. Nice try though",age,not_cyberbullying,none,neutral,none,"The tweet is a defensive and boastful response to past bullying, with no intent to harm or insult any protected group.",True
32,"Honestly we wouldn't have given you the attention you're craving for but put this at the back of your mind,you're an idiot,a loser and a psycho. It takes alot of foolishness for someone who claim to be a Muslim to be fighting with clear words of Allah publicly without having....",religion,other_cyberbullying,none,harmful,high,"The tweet contains severe insults and personal attacks, but they are not specifically targeting a protected trait such as religion, age, gender, or ethnicity.",True
33,"Guys, piece of advice, rape jokes are NEVER funny. I don't know much about women as a gay man, but that I tell you with certainty.",gender,gender,women,harmful,medium,"The tweet targets women with a statement about rape jokes, implying that women are the primary victims of such jokes, and the speaker's tone is cautionary and slightly condescending.",True
34,"If I ever went to prision in the US, I would want to go to the school shooter's ward, just so I can bully their socially awkward white asses.",age,other_cyberbullying,people with social awkwardness,harmful,high,"The tweet targets individuals with social awkwardness, using derogatory language and expressing a desire to bully them, indicating a high level of harmful intent.",True
35,@FanTaStIK_Zae2 big ass bully!,other_cyberbullying,other_cyberbullying,none,harmful,high,"The tweet uses a derogatory term to insult someone's behavior, but does not target a protected trait.",True
36,"School was never good for my mental health, at least High School. I got bullied by all the pretty girls, and they always treated me like a fucking gremlin. And I was constantly told that I just had to put up with it, completely destroying my self confidence to what it is now.",age,gender,women,harmful,high,"The tweet describes being bullied by 'all the pretty girls', implying a group of women, and expresses lasting harm to the author's self-confidence.",True
37,@98Halima @johnnygjokaj @somersert @cdnKhadija @BilalIGhumman @rfrankh53 And why do we care about this guy?,not_cyberbullying,other_cyberbullying,none,harmful,low,"The tweet is a derogatory comment targeting a specific individual, but it does not specify a protected trait.",True
38,@warrenleightTV @CizzymacHD pretty entertaining that they think NYS isn't a hashtag used to justify harassment. ^.^ Good job.,other_cyberbullying,other_cyberbullying,none,harmful,low,"The tweet mocks the idea that a hashtag is used to justify harassment, implying that the users are engaging in or condoning harassment.",True
39,We've normalized gay jokes and now we're about to do the same thing with rape. Ang korni.,gender,gender,women,harmful,high,"The tweet makes a comparison between gay jokes and rape, implying that women are being targeted with a similar level of disrespect and insensitivity.",True
40,"Disgusting ignorance RT @tayyoung_ FUCK OBAMA, dumb ass nigger",ethnicity,ethnicity,African Americans,harmful,high,"The tweet contains a racial slur targeting African Americans, indicating a high level of harmful intent.",True
41,@WalidShoebat Most Muslims instinctively understand that Islam cannot survive in light of day and must be protected by blasphemy laws #Islam,religion,ethnicity,Muslims,harmful,medium,"The tweet targets Muslims with a derogatory implication that their faith cannot survive in the light of day, suggesting a need for protection through blasphemy laws.",True
42,RT @shariaunveiled: A Muslim Man in India Attempts Murder of His 10-Year-old Daughter by Burying Her Alive http://t.co/BO7d9XL3ht,not_cyberbullying,other_cyberbullying,none,harmful,high,"The tweet shares a disturbing news article without adding any commentary, but the act of sharing it can be seen as promoting or sensationalizing the content, which may be considered cyberbullying.",True
43,RT @ismisecaz: My housemate was inspired. #mkr http://t.co/YrtSVNPknK,not_cyberbullying,not_cyberbullying,none,neutral,none,The tweet is a retweet of a post with no negative or harassing content.,True
44,Why is it that UN are keeping quite over the killing of Christians in Nigeria. A 70 years Christian woman was rapped early this morning and beheaded by Fulani herdsmen in a place called Ebonyi in the Eastern Nigeria. It is the right time to divide so that Christians can have peac,religion,other_cyberbullying,none,harmful,high,"The tweet expresses outrage and demands action against violence, but its tone and language are not directed at a specific protected trait or group, and instead focuses on a specific event and its consequences.",True
45,Rebecca Black removed from school after being bullied by classmates http://n360.to/noc85c (via @news360app) #isitFridayyet,age,not_cyberbullying,none,neutral,none,The tweet reports on a bullying incident but does not contain any bullying language or intent.,True
46,@IchbinUjjaini @AvijitSinha5 @shivendushekhar @geetv79 I don't want to argue with u all idiots who r using beef eatâ¦ https://t.co/oUP9nfWsEF,other_cyberbullying,ethnicity,beef eaters (likely Hindus),harmful,high,"The tweet targets a group based on their dietary preference, which is often associated with a specific religion or ethnicity, and uses derogatory language.",True
47,"high fashion twitter girls go to school wearing leggings and slip on vans, get bullied all day, come home, log into their bella hadid avi twitter account to call people fat in group chats and post pictures of cindy kimberly and tweet about the coke they don’t do",age,other_cyberbullying,people who are overweight or perceived as such,harmful,high,"The tweet targets individuals who are overweight or perceived as such, using derogatory language and mocking their behavior, with the intent to harm and humiliate.",True
48,"Whoever is ""their"" in your mentioned tweet are jerks, a whole green flag doesn't look good to my eyes. Minorities are our backbone. Stay strong don't get disheartened these idiots are gonna taste their medicine soon. I being a Muslim and being a Pakistani support you.",religion,other_cyberbullying,none,harmful,high,"The tweet contains derogatory language and threats towards unspecified individuals, but does not target a specific protected trait.",True
49,"@scalzi George R.R. Martin, why are you tweeting from John Scalzi's account?",other_cyberbullying,other_cyberbullying,George R.R. Martin,harmful,low,"The tweet is accusing George R.R. Martin of impersonating another person, which is a form of harassment.",True
50,"Very offensive audio got leaked of Dragonball actors making sex jokes, rape jokes, racist, pedo, and homophobic jokes. Including a four minute skit of a gay orgy with every offensive thing they could think to throw in it.",gender,other_cyberbullying,Dragonball actors,harmful,high,"The tweet contains explicit and derogatory language targeting the actors, but the primary focus is on the offensiveness of their jokes rather than a protected trait.",True
51,"One of my pet peeves is when people call female-identity if individuals “Son of a Bitch.” Like no, that’s a daughter",gender,gender,trans women,harmful,high,The tweet uses derogatory language to mock and correct a perceived misgendering of a trans woman.,True
52,the second reminds me of the girl who bullied me in junior high and I’m just waiting for you to call me a bitch or trip me in gym class so depends on the vibe you want I guess,age,gender,women,harmful,medium,"The tweet contains a derogatory term ('bitch') and implies a threat of physical harm, targeting women.",True
53,18 bats,not_cyberbullying,other_cyberbullying,none,harmful,low,"The tweet is a derogatory and insulting comment, but it does not target a specific protected trait or group.",True
54,Brutal Simplicity.,not_cyberbullying,not_cyberbullying,none,neutral,none,"The tweet is a neutral phrase with no apparent reference to a person or group, and does not contain any language that could be considered bullying or harassment.",True
55,"Can't get over the tweets threatening to ""assassinate the nigger"" - you dumb fucks grow up no one cares if your daddy is crying",ethnicity,ethnicity,African Americans,harmful,high,"The tweet contains a racial slur and threats of violence, indicating a high level of harm and hostility towards African Americans.",True
56,RT @davidalice Why are LA women so bitchy? #notsexist,gender,gender,women,harmful,low,"The tweet uses a derogatory term to describe women, implying a negative stereotype.",True
57,"I’m the hot girl who bullied little bitches like you in high school. I’m so good at putting men in their place, I don’t even have to say a single word to do it. You already feel my power. - findom femdom finsub cashslave -",age,gender,women,harmful,high,"The tweet contains derogatory language targeting women, specifically those who are perceived as being bullied or intimidated by the author.",True
58,Damn @Faxxu_ thanks for lending me that Lambo for my cousin’s high school prom. It really made it so he wouldn’t get bullied anymore and is now prom king and is now dating his dream girl! All thanks to you and your generosity,age,not_cyberbullying,none,neutral,none,"The tweet is a genuine expression of gratitude and appreciation, with no negative or harmful intent towards any individual or group.",True
59,"I too was bullied by a girl everyday at school from 2nd grade threw high school. Being shy, I never fought back. I'm definitely a stronger person today. I've never forgotten her. Kindness is best.",age,not_cyberbullying,none,neutral,none,"The tweet shares a personal experience of being bullied, but it does not contain any language or tone that targets or harasses a specific group or individual.",True
60,"You can't prove a fact because facts are already proven...... Stupid argument! You may be brazen idiot, but I will keep our discussion going on ""How #ghettoisation of Muslims happens because of Islamic practices?"", starting with #Survey reports",religion,other_cyberbullying,Muslims,harmful,high,"The tweet uses derogatory language and implies that Muslims are responsible for their own ghettoization, promoting a harmful stereotype.",True
61,"Wishing my Dad the Happiest of Birthdays and a Blessed Year. Thank you for everything you’ve taught me from math, to not missing a day of school, never back down from a bully, Business, the Power of Real Estate…",age,not_cyberbullying,none,neutral,none,"The tweet is a heartfelt birthday message to the author's father, expressing gratitude and appreciation without any negative or harmful content.",True
62,"Go lose some weight RT @tayyoung_: FUCK OBAMA, dumb ass nigger",ethnicity,ethnicity,African Americans,harmful,high,"The tweet contains a racial slur targeting African Americans, indicating a high level of harmful intent.",True
63,@parveen_n @YouTube This is what you should learn about #Islam and #Muslims. http://t.co/ZLiSomON1p,not_cyberbullying,other_cyberbullying,Muslims,harmful,low,"The tweet is bullying by implying that the recipient needs to learn about their own faith, with a condescending tone.",True
64,Going to get Taylor swifts new cd and lay my sick ass in bed and listen to it,not_cyberbullying,not_cyberbullying,none,neutral,none,The tweet is a neutral statement about listening to a music album and does not contain any bullying or harassment.,True
65,"Yeah Zahra. As a brown person you must comment every time a an idiot who happened to be Muslim does something. While we are at it, Ewan any comment on the KKK and their actions?",religion,other_cyberbullying,none,harmful,medium,"The tweet is bullying because it uses sarcasm and condescending language to mock someone's perceived overreaction to a Muslim individual's actions, and also shifts the focus to another unrelated group (KKK) to deflect criticism.",True
66,@ldstarr18 @AC360 If freedom of expression undermines peace we should give up freedom? http://t.co/4KufcibN1k,not_cyberbullying,not_cyberbullying,none,neutral,none,"The tweet is a neutral, rhetorical question that does not target any specific group or individual.",True
67,RT @Sir5000: @freebsdgirl Summer? But it's…hm. http://t.co/ckP0hUzQPr,not_cyberbullying,not_cyberbullying,none,neutral,none,"The tweet is a retweet of a comment about the weather, without any insulting or harmful language.",True
68,"@KellyTurner99 @buellerishere @isra_jourisra @fei989 To say, ""don't hate Islam"" is as dumb as saying ""don't hate Nazism"".",religion,other_cyberbullying,Islam,harmful,high,"The tweet uses a comparison to Nazism, implying that Islam is equivalent to a highly criticized ideology, and is therefore highly derogatory and hurtful.",True
69,@Polo_ProphED fuck off you dumb nigger,ethnicity,ethnicity,African Americans,harmful,high,"The tweet contains a racial slur, indicating a high level of harmful intent towards African Americans.",True
70,"You called that one right Fat Boy has been rendered totally inert, he was exposed as the House Negro and even White Supremacist don't respect Race traitors",ethnicity,ethnicity,African Americans,harmful,high,"The tweet uses a derogatory term and labels the person as a 'Race traitor', indicating a high level of harm and targeting of a specific ethnic group.",True
71,"And Hilary was Secretary of State not president lol. But will one trump supporter care - nope, because they support him because of greed and racism and that’s it. And I include the insane religious bigotry of the radical “evangelical Christian Right” cult as part of racism.",religion,other_cyberbullying,radical “evangelical Christian Right” cult,harmful,high,"The tweet targets a specific group with derogatory language, accusing them of racism and bigotry, with no neutral or friendly intent.",True
72,"We've all been there, right?",other_cyberbullying,not_cyberbullying,none,neutral,none,"The tweet is a neutral, rhetorical question with no apparent intent to harm or target a specific group.",True
73,Man this is a smack in the face to all colored people if u still believe racism doesn't exists ur a fool,ethnicity,ethnicity,people of color,harmful,high,"The tweet targets people of color and uses a derogatory term, implying they are foolish for not acknowledging racism exists.",True
74,"PC-BSD is a fork that is mostly funded by iXSystems, the organization that runs FreeBSD marketing. It's a frontend on top of FreeBSD.",other_cyberbullying,not_cyberbullying,none,neutral,none,The tweet provides factual information about PC-BSD and its funding without any insulting or harmful language.,True
75,Go Manu! #mkr,not_cyberbullying,not_cyberbullying,none,neutral,none,"The tweet is a supportive and neutral message, congratulating someone named Manu on their performance on a TV show.",True
76,keeth i stg. he literally struggles to stream n acts paranoid that hes going to say the nigger again n he almost did 2x. he didnt stream for a yr. he could've made an effort to not say the nword in private but he didnt n its a dumb fucking decision. i dont personally give a fuck,ethnicity,ethnicity,African Americans,harmful,high,"The tweet contains a racial slur and expresses disdain for someone's decision to avoid using it, indicating a high level of harm and hostility towards African Americans.",True
77,@Way2FengShui I can see how some offended by the rape jokes but the gay jokes he saying explains what ppl doing after watching,gender,gender,LGBTQ+ individuals,harmful,medium,"The tweet contains a derogatory joke about gay people, indicating a harmful intent towards the LGBTQ+ community.",True
78,@xdannock maybe someone will use Kat's weber #mkr,not_cyberbullying,other_cyberbullying,none,harmful,low,"The tweet is making a derogatory comment about someone's name, implying it's not suitable for a public platform.",True
79,I'm such a bully .. *,other_cyberbullying,not_cyberbullying,none,neutral,none,The tweet appears to be a self-deprecating statement with no intended harm or reference to a protected trait.,True
80,"What questions did you ask me? Why you shouldn't rationalize rape jokes? Seriously? Are you sincerely asking why it's not okay for you to excuse rape jokes? Beyond that, you just admitted you used ""gay"" as a slur to troll people into outrage. You're a trash heap. Fuck off dude",gender,gender,LGBTQ+ individuals,harmful,high,"The tweet contains a slur ('gay') and implies that the target is excusing or making light of rape jokes, which is a form of sexism and misogyny.",True
81,@beardyblue it takes a pretty specific personality type to be able to take this shit on voluntarily.,other_cyberbullying,other_cyberbullying,none,harmful,low,"The tweet contains a derogatory comment implying that the recipient has a specific, undesirable personality type, but it does not target a protected trait.",True
82,RT @LynneMcGranger: #mkr what are the chances of the safe teams strategically marking UP the #blondebutchers ?? I'd put my chicken's livers…,not_cyberbullying,other_cyberbullying,none,harmful,low,"The tweet contains derogatory language ('blondebutchers') and sarcasm, but it does not target a specific protected trait or group.",True
83,RT @iHateHostal: I swear somebody needs to invent a #KanyeShrug emoticon <fuck that dumb nigger!,ethnicity,ethnicity,African Americans,harmful,high,"The tweet contains a racial slur, indicating a high level of harmful intent towards African Americans.",True
84,"@Kaepernick7 You are a demon of special skills. Did you sell out to the muslims of your GF or the communists. Forget it, same thing. Yeah, America has been so bad to you. Where do you live Colin? How many meals do you miss? You are a liar and a traitor. You are an idiot",religion,other_cyberbullying,none,harmful,high,"The tweet contains a mix of insults and accusations targeting Colin Kaepernick's character and loyalty, without specifically referencing a protected trait.",True
85,Because you promote their behaviours and support them.We muslims are also known what is harmful and stay away from it while you Christians allow the sodomites and the radical atheist and radical feminist to attack you.,religion,other_cyberbullying,Christians,harmful,high,"The tweet contains a derogatory and accusatory tone towards Christians, implying they are weak and vulnerable to attacks from other groups.",True
86,"⠀ ⠀ ⠀Yep,that's the girl that bullied you in high school. ─. . .And yes,she's still a bully to this day.",age,other_cyberbullying,none,harmful,high,"The tweet is a general insult and accusation of bullying behavior, targeting an individual's character rather than a protected trait.",True
87,RT @Lyall: Bosom flattering #NoMorePage3 t-shirt profile pic #FeministSelfie #irony #hypocrisy #praxis #notbad #sorry #malegaze http://t.co…,gender,gender,women,harmful,low,"The tweet references 'Bosom flattering' which is a derogatory term targeting women, implying objectification and sexism.",True
88,I hope you get yo ass beat . Dumb broad “@kimberrlym_: Fuck you nigger #CANELOTEAM”,ethnicity,gender,women,harmful,high,"The tweet contains a derogatory term ('broad') and a threat of physical harm, targeting a woman.",True
89,Kat needs to calm down with the crazy eyes #mkr,gender,other_cyberbullying,none,harmful,low,"The tweet contains a derogatory comment about Kat's appearance, but it does not target a protected trait such as religion, age, gender, or ethnicity.",True
90,"@Superjutah A lot of MRA's are gay, actually.  They see how feminism merely uses them.",gender,gender,men,harmful,low,"The tweet implies that men who identify as MRA (Men's Rights Activists) are gay, which is a derogatory and stereotypical statement targeting men.",True
91,Wow....a commercial to eat seafood and clean up the environment. #DoubleWhammy,not_cyberbullying,not_cyberbullying,none,neutral,none,"The tweet is a sarcastic comment about a commercial, but it does not target any specific group or individual.",True
92,@_d_n_verg_ @stevesalaita Nothing has any value for Arabs except the destruction of the Jews. And the Arabs must pay Palestine to destroy em,religion,ethnicity,Arabs,harmful,high,"The tweet contains a racist statement targeting Arabs, promoting harm and violence against them.",True
93,"according to @HipsNLips_ I'm am the following : A dumb nigger baby, A simple ass nigga, and A dumb fuck. *self-esteem drops 39 points* llf.",ethnicity,ethnicity,African Americans,harmful,high,"The tweet contains multiple racist slurs targeting African Americans, indicating a high level of harmful intent.",True
94,"Imagine being trans, or gay, or a rape victim, experiencing traumatic events in your life, and to label a joke offensive only for people...",gender,other_cyberbullying,"rape victims, LGBTQ+ individuals",harmful,high,"The tweet trivializes and mocks the experiences of vulnerable groups, implying that their trauma is not valid or deserving of respect.",True
95,The most #offensive thing one can do is be a #rich #white meat eating #priest smoking with a naked little #boy sitting on his lap forcing a #transgender doctor to #abort the #gay retarded #black child of a #Mexican #feminist at #gunpoint while telling a #rape joke in #Arabic,gender,other_cyberbullying,none,harmful,high,"The tweet contains a highly inflammatory and derogatory list of terms, but it does not specifically target any protected group, instead using a jumbled and absurd collection of insults to convey a general sense of outrage and hostility.",True
96,"There's funny & there's douche worthy. Not funny joke about rape, prejudice, racism, gay bashing, etc? In current culture? Die in a fire.",gender,gender,LGBTQ+ individuals,harmful,high,"The tweet contains a violent threat and derogatory language targeting individuals who are victims of gay bashing, indicating a high level of harm and hostility towards the LGBTQ+ community.",True
97,"An enigma, the left's support of a culture that condemns everything they stand for. All women, the lbgt community, and for that matter Jews and Christians, should condemn all Radical Muslims. Why support abuse of women, executing gays, threats to annhihilate other faiths?",religion,other_cyberbullying,Radical Muslims,harmful,high,"The tweet targets Radical Muslims for their perceived abuse of women, execution of gays, and threats to other faiths, with a tone of condemnation and outrage.",True
98,@KaitlynBurnell beats me. I was sent the screencap.,other_cyberbullying,other_cyberbullying,none,harmful,low,"The tweet implies a negative and competitive tone, but it does not target a specific protected trait or group.",True
99,U better don't spread hatred here wherever it was in 1990 cuz u r in lining in a confusion that Hindus was persecuted but it was Muslims who. Was persecuted all time by bloody Hindus and idiots people like you always support them,religion,other_cyberbullying,Hindus and people like you,harmful,high,"The tweet contains insulting language and accusations of hatred and idiocy, targeting Hindus and people who support them, with the intent to harm and intimidate.",True
100,"UHHH SAIL AWAY SWALWELL OKAY WITH OBAMA'S HATRED FOR JERUSALEM & PRAISE/CRATES OF $$'S TO IRAN & SOMEHOW SAIL AWAY SWALWELL HAS DRAWN A BLANK TO THE MASSIVE SUPPORT BY TRUMP FOR ISRAEL! US EMBASSY IN ISRAEL! SEE YOU RADICAL FLLFSC-BB-A-DEMOCRATS HATE CHRISTIANS & JEWS, BUT",religion,other_cyberbullying,Democrats,harmful,high,"The tweet contains aggressive language and accusations targeting Democrats, with no specific reference to a protected trait, but rather a political affiliation.",True
101,.@Trykezhighflyer True. The issue is not because he's gay. We should respect gays. That joke was low though. Rape is a serious matter,gender,other_cyberbullying,none,harmful,medium,"The tweet criticizes someone's behavior, specifically a joke, and mentions a serious matter, but does not target a protected trait or group.",True
102,@Ignaciio_ @Kertio1337 es que si le hago violación no sería bullying :c,not_cyberbullying,other_cyberbullying,none,harmful,high,"The tweet contains a graphic and threatening statement, implying violence, but it does not target a specific protected trait or group.",True
103,"That tweet made me cringe, never imagined that any black child can call another a house nigger. It's demeaning, it's sad & utterly disgusting #SorryPrinceKaybee",ethnicity,ethnicity,black people,harmful,high,"The tweet uses a racial slur to express disgust and hurt, indicating a high level of harm towards the targeted group.",True
104,"you have no sense or knowledge and then keep arguing. Idiots like you are the problem. so if a pakistani muslim says he is hindu it is acceptable and can be given citizenship. Why tjere is cut off 2015, after that persecution stopped or what? Do you know there are different",religion,other_cyberbullying,none,harmful,high,"The tweet contains insults and condescending language, but the primary issue is the author's disagreement and frustration with the conversation, rather than targeting a specific protected trait.",True
105,I remember when someone told me that private colleges r better than state schools coz they bully in the state schools...b.s!,other_cyberbullying,other_cyberbullying,students in state schools,harmful,low,"The tweet implies that state schools are associated with bullying, which can be perceived as a negative and potentially intimidating statement.",True
106,"When people bully another they go for someone weaker than them and probably smaller/younger. Assuming all of ateez were in high school, i'd assume Yunho's brother was already in college if not already had a job as you can see him working in his studio.",age,other_cyberbullying,none,harmful,low,"The tweet implies that the person being discussed is being bullied because they are perceived as being stronger or more capable than their peers, which is a form of cyberbullying that targets a person's perceived status or abilities.",True
107,"No problem with sexism and have mates who are gay! Never been violated, rape is a word that should not be used as a joke with consequences",gender,gender,women,harmful,medium,"The tweet mentions sexism and rape, indicating a concern for women's safety and a criticism of language that trivializes sexual violence.",True
108,"Eat your words Kat, don't choke on them niw !!! Hahaha gotta love Karma #mkr",gender,other_cyberbullying,Kat,harmful,low,"The tweet contains a derogatory and mocking tone, with the intention of belittling and embarrassing the person 'Kat'.",True
109,Watch http://t.co/8YC7xTDA2U to see @TheQuinnspiracy! Just a few more minutes. :),other_cyberbullying,not_cyberbullying,none,neutral,none,"The tweet is a neutral, friendly invitation to watch a video, with no apparent intent to harm or harass anyone.",True
110,Today's dem show lead by dumbo was absolutely the most disgraceful display of school yard bullies. AG Barr was treated with the worst possible disrespect. The rest of the world must be laughing at the lunacy going on in our nation's capital.,age,other_cyberbullying,none,harmful,high,"The tweet uses derogatory language to insult a public figure, AG Barr, and describes the event as 'school yard bullies', implying childish behavior.",True
111,"@ShriekAPotomos @CrashOverrideNW As to if I'm working with her, that's none of your business. This isn't an adequate use of your time. Shoo.",other_cyberbullying,other_cyberbullying,none,harmful,low,"The tweet is aggressive and dismissive, but the target is not a protected group and the language is not specifically abusive.",True
112,I dont want to start my dental program today,not_cyberbullying,not_cyberbullying,none,neutral,none,The tweet expresses a personal sentiment about starting a dental program and does not contain any language that targets or harasses a specific group.,True
113,@ferdinandezz: Mind the gap Arsenal:  Why Chelsea are the kings of London now #afc #cfc,not_cyberbullying,not_cyberbullying,none,neutral,none,The tweet is a neutral sports commentary with no personal attacks or insults.,True
114,You're being a racist nigger what the fuck was going through her head when she said that dumb ass shit. https://twitter.com/laurmanipng/status/750494091310342144,ethnicity,ethnicity,African Americans,harmful,high,"The tweet contains a racial slur and insults, indicating a high level of harm towards African Americans.",True
115,"First reform ur self before tweeting about others relegion u have no right to do so, no one is claming that my relegion is constitution of world... everyone is free to choose what they want... when cant see in ur own country then dont talk about world",ethnicity,other_cyberbullying,none,harmful,medium,"The tweet is a scolding rebuke of someone's behavior, but it does not target a specific protected trait or group, and its tone is confrontational and critical.",True
116,RT @richardnixon2 @KingJames Fuck you Youre a stupid nigger that would be living on the streets if you couldnt play bball Niggers r so dumb.,ethnicity,ethnicity,African Americans,harmful,high,"The tweet contains racist slurs and insults targeting African Americans, indicating a high level of harmful intent.",True
117,Walked into the room to see two girls that bullied in high school....I was not expecting that,age,other_cyberbullying,none,harmful,low,"The tweet expresses a negative reaction to encountering people from the speaker's past, but it does not target a specific protected trait or group.",True
118,@rhythmixx_ :hobbies include: fighting Mariam,other_cyberbullying,other_cyberbullying,Mariam,harmful,high,"The tweet contains a threatening statement towards Mariam, indicating a high level of harm and aggression.",True
119,"RT @AlejandroDaGr8: Not by the Guardians of the Galaxy, X-Men, Avengers, Justice League, Thundercats or Ninja Turtles.",other_cyberbullying,not_cyberbullying,none,neutral,none,The tweet is a neutral statement referencing popular fictional groups and does not contain any bullying or harassment.,True
120,There is nothing they could have done which would have excused this behavior by the police. You are victim blaming. How would you feel if the police did that to your kids? These cops have less self control an average middle school school yard bully.,age,other_cyberbullying,police officers,harmful,high,"The tweet uses strong language to criticize and insult police officers, implying they have less self-control than a middle school bully.",True
121,"@dankmtl Again, idiot, none of that changes the ratio of Muslims to Christians in Palestine. Only Muslim bigotry and abuse changes it.",religion,ethnicity,Muslims,harmful,high,The tweet targets Muslims with derogatory language and implies they are responsible for a negative situation.,True
122,“@madddierusssell: @ellsbelllls fuck off nigger” i'm fucking asian you dumb slut,ethnicity,ethnicity,African Americans,harmful,high,"The tweet contains a racial slur and a derogatory term, indicating a high level of harmful intent towards African Americans.",True
123,#MKR the audience goes boooooo! The producers clap their hands with glee!,not_cyberbullying,other_cyberbullying,none,harmful,low,"The tweet is mocking and ridiculing the audience and producers of a TV show, with a tone of sarcasm and disdain.",True
124,girl who bullied me in high school: “hey girl!! have you ever thought about being your own boss?!”,age,other_cyberbullying,none,harmful,low,"The tweet is sarcastic and mocking, implying that the person's suggestion is insincere or condescending.",True
125,I know another reason I was bullied so bad was my chest. For my class I was one of the first to develop. I was skinny and large chested. Until High School some girls were jealous so they treated like shit for it.,age,other_cyberbullying,girls who were jealous of the author's physical appearance,harmful,medium,"The author describes being treated poorly by girls who were jealous of their physical appearance, indicating a history of bullying and harassment.",True
126,"@hypatiadotca @GlennF i almost typed ""is it in the cloud"" forgetting that i have keyboard input word replace for cloud to butt.",not_cyberbullying,other_cyberbullying,none,harmful,low,"The tweet contains a sarcastic and slightly insulting comment, but it is not targeting a specific protected trait or group.",True
127,@EqualityMen The motive doesn't lessen the outcome.,gender,other_cyberbullying,none,harmful,low,"The tweet is a critical response with a slightly confrontational tone, implying disagreement or disapproval, but does not target a specific protected trait or group.",True
128,It is fun watching GG trying to make us fight. Quit trying to make fetch happen. It's never going to happen. @Spacekatgal @TheQuinnspiracy,not_cyberbullying,other_cyberbullying,none,harmful,low,"The tweet is insulting and mocking, but the target group is not a protected trait, and the intent is to belittle rather than harm a specific group.",True
129,"I have no intent on linking to the articles where he stated he was backing out. They were an attempt to save face, not an apology.",other_cyberbullying,not_cyberbullying,none,neutral,none,The tweet expresses a neutral opinion about someone's actions without targeting a protected trait or group.,True
130,"Here's a big lesson to learn right now in the beginning, quiet the voices of this world. Read the precious word of God, find a mature Christian woman to mentor you, and fall ever more in love with Jesus. He is worthy.",religion,not_cyberbullying,none,neutral,none,"The tweet is a positive and encouraging message, promoting spiritual growth and mentorship without targeting or insulting any group.",True
131,"@macstein no jor, I bully Ў☺ΰ in a subtle way, leave d details to me",not_cyberbullying,other_cyberbullying,none,harmful,low,"The tweet contains a veiled threat and a subtle insult, indicating a low-level harmful intent towards an unspecified individual.",True
132,This girl said I bullied her in high school I’ve never in my life bullied anybody I might’ve talked about a mf but I ain’t ever been a bully,age,other_cyberbullying,none,harmful,high,"The user denies bullying someone, but uses aggressive language and insults ('mf') to defend themselves, indicating a harmful intent to dispute the accusation.",True
133,"Oh, honey. You have no fucking CLUE the amount of assholes I've had to knock in the dirt when I had longer more vibrant hair. From high school bullies to abusive family members. Hair is not a determination of who's left standing after a fight.",age,other_cyberbullying,none,harmful,high,"The tweet contains aggressive language and a threatening tone, but it is not targeting a specific protected trait or group.",True
134,https://t.co/iyr1qwhg5p - all these people bragging about  whedon having blocked them. How is that something to brag about?,other_cyberbullying,other_cyberbullying,none,harmful,low,"The tweet mocks people who are bragging about being blocked by Joss Whedon, implying they are attention-seeking or pathetic.",True
135,"it’s so funny seeing the girl that bullied me and made my high school experience a living hell post all these positive, uplifting, and inspiring things about “being kind to everyone, always.” coughcoughhypocritecoughcough.",age,other_cyberbullying,none,harmful,high,"The tweet targets a specific individual who bullied the author in high school, using derogatory language and sarcasm to express anger and hurt.",True
136,"@AhleFars To win a modern war you have to have educated people, not Madrassa rats.",religion,ethnicity,Muslims,harmful,high,The tweet uses derogatory language to insult a group of people based on their perceived religious affiliation.,True
137,@DianH4 Islam doesn't answer anything.  It pretends to answer with illogical and delusional superstition.,religion,religion,Muslims,harmful,medium,"The tweet attacks and criticizes the Islamic faith, implying it is illogical and delusional.",True
138,"U know, those times John Key made jokes about gay red shirts & Prison Rape & pulled a womans ponytail as a ""Joke""",gender,other_cyberbullying,John Key,harmful,high,"The tweet is criticizing John Key's past behavior and jokes, with the intent to harm his reputation.",True
139,"Friends, as an Iranian who was born in a Muslim country and grew up with Muslims, I recommend you Do not let our Muslims pollute your country. Look carefully at Iran and see what Muslims have done to a nation in forty years. Deport these idiots to their own country. Islam is",religion,ethnicity,Muslims,harmful,high,"The tweet targets Muslims with derogatory language and advocates for their deportation, indicating a high level of harmful intent.",True
140,"@CherguiaMbark Mostly it shows how vile, inhuman, digusting, and barbaric that religion is. #Islam",religion,religion,Muslims,harmful,high,"The tweet contains derogatory language and insults targeting the religion of Islam, indicating a high level of harmful intent.",True
141,@Glinner @TURBOCUNT twitter rage has a point. but rage + mob mentality causes some people to lose good sense.,gender,other_cyberbullying,none,harmful,low,"The tweet implies that some people are losing their sense due to the 'mob mentality' of Twitter, which can be perceived as a criticism or insult.",True
142,"Tw: bullying Okay fluff tsukkiyama au where kei and tadashi have been dating for 5 years now. Tsukkishima isn't as affectionate as yamaguchi so there's some instances that yamaguchi gets insecure. Not only that, some of the students in his schools bullies him.",age,other_cyberbullying,students in Yamaguchi's school,harmful,low,"The tweet mentions students bullying Yamaguchi, which is a form of harassment, but it does not target a protected trait such as religion, age, gender, or ethnicity.",True
143,And idiots like you can only notice who is Hindu or Sikh or Muslim. Shows your mentality. Don’t know about Hindus but you are certainly not a Punjabi. Now get lost pls. And don’t bother to comment again on my tweets.,religion,ethnicity,"Punjabis and people of Indian religions (Hindus, Sikhs, Muslims)",harmful,high,The tweet targets a specific ethnic group and uses derogatory language to insult their mentality and identity.,True
144,My fav part of skimming GG tweets is seeing so many people insist that they are unable to develop their views with experience.,other_cyberbullying,other_cyberbullying,none,harmful,medium,"The tweet implies that the target group (GG, likely gamers) is intellectually incapable of developing their views with experience, which is a derogatory and condescending statement.",True
145,"As a young black girl, I was bullied relentlessly for having a diverse group of friends. She just reminds me of the some of the black girls who bullied me daily walking to junior high.",age,other_cyberbullying,black girls,harmful,medium,"The tweet describes a negative experience of being bullied by black girls, and then implies that the current subject is similar, thus targeting a group with a negative connotation.",True
146,"Yet, a Black Man, who heard a white man at a retail store call someone a Nigger, casually and without fear because of the climate you create, got Checked for it and you racebait it to your followers for victimization purposes. This is both Alarming and Disgusting to see.",ethnicity,other_cyberbullying,none,harmful,high,"The tweet expresses strong disapproval and disgust towards the behavior of the person who called someone a racial slur, but does not target a specific protected trait or group.",True
147,@mystyr_e we'll have more info out about this soon. ;),other_cyberbullying,not_cyberbullying,none,neutral,none,"The tweet is a neutral and informative response to another user, with no harmful intent or language.",True
148,"@edgeofthesandbx @batchelorshow @FearDept I'm talking total extermination, bragged about right there in the book.",religion,other_cyberbullying,none,harmful,high,"The tweet contains a threat of extermination, implying violence or harm, but does not target a specific protected trait or group.",True
149,Anyone get off really spouting that Muslim would or wouldn't take over fucking America as if women would fight this fucking hard & just let that fucking happen you fucking idiots same thing with Christianity same thing with any religion get the fuck over it and move on to reality,religion,other_cyberbullying,none,harmful,high,"The tweet is a general attack on people who hold strong religious or nationalistic views, using profanity and insults, but does not target a specific protected trait or group.",True
150,@slabdogs I think the tweet picker is struggling!,not_cyberbullying,not_cyberbullying,none,neutral,none,"The tweet is a neutral, friendly comment expressing concern about a tool, with no intent to harm or target a specific group.",True
151,"I think best song in the world is eagle-hotel califoniya( 1994-04-25,26)",not_cyberbullying,not_cyberbullying,none,neutral,none,The tweet expresses a neutral opinion about a song without targeting any protected trait or group.,True
152,One day only! $5 for your first month Come simp ur big titty goth gf at https://onlyfans.com/devynndesirae! #onlyfans #onlyfanslink #onlyfanspromo,ethnicity,other_cyberbullying,none,harmful,low,"The tweet is cyberbullying because it uses a derogatory term ('simp') and objectifies a woman, but it does not target a protected trait such as religion, age, gender, or ethnicity.",True
153,I happen to be I'm still just some dumb nigger to a good portion of the population so fuck it. I don't even know what sparked this I guess,ethnicity,ethnicity,African Americans,harmful,high,"The tweet contains a racial slur, indicating a high level of harmful intent towards African Americans.",True
154,"BLOG: #Bullying, ¿un viejo fenómeno con nuevo nombre?   http://cnn.mx/e0001Q3",not_cyberbullying,other_cyberbullying,none,neutral,none,"The tweet is a neutral reference to bullying, discussing its nature rather than targeting a specific group.",True
155,"If Hart has tweeted that Emily’s face was a “fraternity’s billboard for date rape”, something tells me that she and Howard would have a problem with it, but hey it’s gay people, it’s just a “homosexual-related joke”. Clearly you have no respect for gay people!",gender,gender,gay people,harmful,high,"The tweet targets gay people with a derogatory joke and accuses them of lacking respect, indicating a high level of harmful intent.",True
156,"Read UNHRC report on India, you will know what Modi did to Muslims, so my views are not personal whole world is talking about it. you are too blind to accept it. 2. In protest some idiots get a chance to create havoc, it is true everywhere, doesn't mean all protestors are bad.",religion,ethnicity,Muslims,harmful,medium,"The tweet targets Muslims and accuses Modi of harming them, with a tone of criticism and blame.",True
157,@0xabad1dea sorry. >.>,other_cyberbullying,not_cyberbullying,none,neutral,none,The tweet is an apologetic response with a neutral tone and no apparent intent to harm.,True
158,"WOW, what a read Bill Barr Was a Sick and Sadistic Kid Who Was A Fascist ""High School Tormentor"" and Bully, Classmate Recalls. https://buzzflash.com/articles/bill-barr-was-a-sick-and-sadistic-kid-who-was-a-fascist-high-school-tormentor-and-bully-classmate-recalls-to-buzzflah",age,other_cyberbullying,Bill Barr,harmful,high,"The tweet contains derogatory language and accusations of being a 'sick and sadistic kid' and a 'fascist high school tormentor and bully', indicating a high level of harmful intent towards Bill Barr.",True
159,"Many many congratualtion to our Israeli friends, may u dominate and demolish the islamic terrorism",religion,ethnicity,Muslims,harmful,high,"The tweet contains a derogatory term and expresses a desire to harm or dominate a specific ethnic group, Muslims.",True
160,"And you don’t know that I don’t like a bargain day. I’ve gone to Black Friday for the past 11 years. You don’t know anything about my political beliefs, either. Never said I was advocating for pure socialism or against any form of capitalism. Critiquing society is healthy",ethnicity,not_cyberbullying,none,neutral,none,"The tweet is a defensive response to an implied accusation, with no language or tone that could be considered bullying or harassing.",True
161,"nevr trust a bitch who calls women ""females""",gender,gender,women,harmful,high,"The tweet uses derogatory language to target women, implying they are untrustworthy.",True
162,Wtf this is clarify that the serial has no pork in it so the Muslims can eat it you idiots,religion,other_cyberbullying,none,harmful,high,"The tweet contains insulting language and tone, targeting no specific protected group, but rather general ignorance and idiocy.",True
163,"@tekayfotuwan @bidetofevil okay, sure. whatever you say.",other_cyberbullying,not_cyberbullying,none,neutral,none,"The tweet is a neutral response to another user, without any harmful intent or language.",True
164,"You need Jesus! RT @loveee_tdale “@tayyoung_: FUCK OBAMA, dumb ass nigger” watch ya mouth.",ethnicity,other_cyberbullying,none,harmful,high,"The tweet contains profanity and a derogatory term, but it is not targeting a specific protected trait; instead, it is addressing a public figure and using a racial slur.",True
165,"and in a twisted turn of events, the girls that bullied me in high school are begging me to join their pyramid scheme... i’m sorry i just can’t find value in you making money off of me working out? #DontWantUrFizzyStick",age,other_cyberbullying,none,harmful,medium,"The tweet contains a sarcastic and insulting tone, targeting the individuals' business practices and implying they are only interested in exploiting the speaker's efforts.",True
166,"Very healthy and very normal to call a female colleague—30 years younger than you and who you've never spoken to before—a ""fucking bitch"" because you disagree with her assertion that economic hardship is connected to crime.",gender,gender,women,harmful,high,"The tweet uses a derogatory term to insult a female colleague, indicating a high level of harm and targeting of the gender group.",True
167,So Twitter is calling Kat crazy eyes!!!! Bless you Twitter! She literally has the craziest fucking eyes I've ever seen. #mkr,gender,other_cyberbullying,Kat,harmful,high,"The tweet contains a derogatory and insulting comment about Kat's physical appearance, specifically her eyes, with strong language.",True
168,"At this moment in time, I am unaware of any effort he has made into this space. I'm tied in w/many orgs. His name has never once come up.",not_cyberbullying,other_cyberbullying,the person mentioned in the tweet,harmful,medium,"The tweet implies that the person is irrelevant or unimportant, which can be perceived as a form of social exclusion and bullying.",True
169,"The word #Nigger was created by #Colonists to dehumanize, attack and draw fear from Black slaves. It is a disgusting word meant to hurt. It was never a word meant to be used for endearment. And for those who want to debate on this, you’re going to risk wasting your time.",ethnicity,ethnicity,Black people,harmful,high,The tweet references a racial slur and explicitly states its historical purpose to dehumanize and hurt Black people.,True
170,"@TedYoho NO MORAL COMPASS IN REPUBLICAN PARTY? NO MORAL COMPASS IN YOUR REPUBLICAN FLORIDA PARTY. DID YOUR MAMA AND DADDY TEACH YOU TO CALL WOMEN YOU DISAGREE WITH ""BITCH"" FEMALE DOG. DID YOUR DADDY CALL YOUR MAMA ""BITCH""? WAS IT AT YOUR DADDYS FEET YOU LEARNED THIS. WWJD",gender,gender,women,harmful,high,"The tweet uses derogatory language ('BITCH', 'FEMALE DOG') to insult women, indicating a high level of harm and targeting of the gender group.",True
171,"I wish for every self identified female a parent who replies, 'YES! because that's not HER name,' when folks say but all they did was call HER a bitch. Did she have to beat they ass to a pulp? #CivilizedTribesKILLme #TrumpVirus #MaskUp",gender,gender,women,harmful,high,"The tweet uses derogatory language ('bitch') and implies that women should be physically punished for being called such, targeting women with a harmful and aggressive tone.",True
172,Hit the snooze button 5 times this morning. I think I broke my own record.,not_cyberbullying,not_cyberbullying,none,neutral,none,"The tweet is a lighthearted and self-deprecating statement about the author's morning routine, with no intent to harm or target any group.",True
173,@Lakeside_ why are you and @IzienTheFreak bullying me this evening..the SI unit of evil ? That's a tad much :(,other_cyberbullying,other_cyberbullying,none,harmful,low,"The tweet accuses two individuals of bullying, using a sarcastic tone, but does not target a protected trait.",True
174,Weird how all the girls that bullied me in high school are all pregnant now,age,other_cyberbullying,none,harmful,low,"The tweet is a snide comment targeting women who bullied the author in the past, implying they are now in a vulnerable situation due to pregnancy.",True
175,"Pitiable.. It was bcoz their existence was in danger...First of all why were ISIS,Al Quida,SIMI and numerous Islamic terrorist organizations got created. Wasn't is Jihad that has been driving them and causing a great threat and damage to humanity..where did it come from ?",religion,other_cyberbullying,Muslims,harmful,high,"The tweet uses derogatory language and implies that Muslims are responsible for terrorism, perpetuating a harmful stereotype.",True
176,@TheCodySimpson u care sooo much for people who get bullied everyday like me plzz retweett,other_cyberbullying,not_cyberbullying,none,neutral,none,"The tweet is a plea for help and support, expressing vulnerability and seeking assistance, rather than bullying or harassment.",True
177,"One more Down = Humanity & World Saved from Radical Islamic Muslim Evil Reproducing Pigs Chinese Virus, Invaders, Infiltrators, Dead Animal Eaters Bio Jihad Hinduphobia pogrom unleashed by Infiltrators, Rapists, Bombers, Squatters, Allaah U Gabbars, Killers, Terrorists Murderers",religion,ethnicity,"Muslims, Chinese, Hindus, and other ethnic groups",harmful,high,"The tweet contains a long list of derogatory terms targeting multiple ethnic and religious groups, indicating a high level of harmful intent.",True
178,"Bsdk, these festivals are being celebrated since many years. Before your Muslims comes to my Bharat. And there's nothing pollution but, For you idiots it's oky when Bl00d of innocent Animals flows on roads even on a single festival. Festivals will continue. Kya ukadna ukadlo.",religion,ethnicity,Muslims,harmful,high,"The tweet contains derogatory language and a threat towards Muslims, indicating a high level of harmful intent and targeting of a specific ethnic group.",True
179,@Jonn_eBooks Damn Feminazi,gender,gender,feminists,harmful,high,"The tweet uses a derogatory term to insult and demean feminists, indicating a high level of harmful intent.",True
180,School blues. School bullies who gave out the blues... Jesus. What a society...,age,other_cyberbullying,none,harmful,low,"The tweet expresses frustration and criticism towards school bullies and society, but in a general and abstract manner, without targeting a specific protected trait or group.",True
181,@sampepper WHEN YA MAKING THAT VLOG ABOUT U BEING GAY.Once no more rape jokes I told Ya lad just tell them YOU LOVE CATCHING YOU DONT PITCH,gender,other_cyberbullying,none,harmful,high,"The tweet contains aggressive language and threats, but the primary target is not a protected trait, rather the speaker's behavior and attitude.",True
182,Lmfao! @starrawassfuck pull out with somee kool-aid! #blackstatus love this girl always mkes me laugh!,not_cyberbullying,not_cyberbullying,none,neutral,none,"The tweet is a lighthearted and playful comment, expressing admiration and amusement, without any intent to harm or insult.",True
183,@SilverMillsy that was the best link i could find for it. :P,other_cyberbullying,not_cyberbullying,none,neutral,none,"The tweet is a neutral and helpful response to someone's request, with no intent to harm or bully.",True
184,"While planning my entire life around getting home before dark, I absolutely have time to applaud men for not raping. #BlameOneNotAll",other_cyberbullying,gender,men,harmful,high,"The tweet implies that men are inherently prone to rape, perpetuating a sexist stereotype and blaming an entire gender for the actions of a few.",True
185,"@brvden ANWAY, don't say nigger, and don't be a dumb fuck. bye",ethnicity,ethnicity,African Americans,harmful,high,"The tweet contains a racial slur and insults, indicating a high level of harm towards African Americans.",True
186,"Some lady cut us off Coworker ""damn bitch why don't you watch where the fuck you going, yea you dumb bitch, stupid fucking nigger""",ethnicity,gender,women,harmful,high,"The tweet contains multiple derogatory terms targeting women, including 'bitch' and 'dumb bitch', indicating a high level of harmful intent.",True
187,"@zip i haven't heard anything, and i tend to have my ear to the ground with such things.",other_cyberbullying,not_cyberbullying,none,neutral,none,"The tweet is a neutral response to another user, expressing a lack of knowledge or awareness without any intent to harm or insult.",True
188,See these dumb ass niggers ate all my dinner and now im hungry fuck man >:(,ethnicity,ethnicity,African Americans,harmful,high,"The tweet uses a racial slur to insult and degrade a group of people, indicating a high level of harmful intent.",True
189,"@z0mgItsHutch So when we make a rape joke, or a gay joke, or a racist joke, even ironically, there is someone in the room who is reinforced",gender,other_cyberbullying,"victims of rape, gay people, and people of color",harmful,high,"The tweet references and potentially reinforces harm towards marginalized groups, even if done ironically.",True
190,@TimOfLegend just heard about yesterday. Well done. :),other_cyberbullying,not_cyberbullying,none,neutral,none,"The tweet is a congratulatory message with a neutral tone, expressing no harm or negativity towards any group.",True
191,"@Cactus_Soup90 tweetdeck is owned by twitter, and was bought around the time that devpolicy was changed.",not_cyberbullying,other_cyberbullying,none,harmful,low,"The tweet is making an accusatory statement with a negative implication, targeting @Cactus_Soup90's account, but it is not based on a protected trait.",True
192,Thank you for proving my point. The anti Jewish state in tow with with the anti Muslim state too. No UN states (and more non UN) recognize Artsakh? Come on you're just an idiot now.,religion,other_cyberbullying,none,harmful,high,"The tweet contains insults and condescending language, but it does not target a specific protected trait such as religion, age, gender, or ethnicity; instead, it attacks the person's intelligence and behavior.",True
193,"Nah, if I call a girl a girl a bitch she gone be boo-hoo’n and getting extra and shit. So ima just call you a female",gender,gender,women,harmful,high,"The tweet uses derogatory language to target women, with the intention of insulting and belittling them.",True
194,@So_Avant_Garde your a bully lmao,other_cyberbullying,other_cyberbullying,none,harmful,low,"The tweet uses a derogatory term to insult the person, but it does not target a protected trait.",True
195,dont feed me that bullshit about how a person is fucked up if they find race jokes funny or gay jokes funny or rape jokes funny,gender,other_cyberbullying,none,harmful,high,"The tweet expresses strong disapproval and anger towards people who find certain types of jokes funny, without specifically targeting a protected trait or group.",True
196,RT @wetsprocket: @mcfartle Someone is paying money to get @freebsdgirl reported to twitter. Twitter.,other_cyberbullying,other_cyberbullying,none,harmful,medium,"The tweet is accusing someone of harassment, which is a form of cyberbullying, but it does not target a specific protected trait or group.",True
197,Not true but when world colored by bigotry/racism viewpoint THAT is ALL U will EVER see! Me thinks U protest 2 much?!,ethnicity,other_cyberbullying,none,harmful,low,"The tweet uses a condescending tone and implies that the recipient is overly sensitive, but does not target a specific protected trait.",True
198,"@DeaniesWienies ""the whole equality thing is getting out of hand."" I'll just leave this here",not_cyberbullying,other_cyberbullying,none,harmful,low,"The tweet expresses a negative sentiment and implies criticism, but it does not target a specific protected trait or group.",True
199,"Attorney General Barr kept a smug look on his face, like have they audacity ask me those questions. I am Trump man, we will run this country as we see fit. He enjoy the bullying. He was probably a fat bully in school.",age,other_cyberbullying,Attorney General Barr,harmful,high,"The tweet contains insults and derogatory language targeting Attorney General Barr, with no specific protected trait mentioned, but rather general personal attacks.",True
200,"Except for the b***** next to me who have no etiquette. They bullied young middle/high school girls out of their front row spots, invaded everyone’s personal space, and tried jumping over the gate and ONTO stage. They deserved to be thrown out",age,other_cyberbullying,none,harmful,high,"The tweet expresses anger and frustration towards a group of people for their behavior, but does not target a specific protected trait.",True
201,#BlameOneNotAll bunch of 1st world feminists dictating to a third one country in sexist &racism way how a male positive HT is bad for women,other_cyberbullying,other_cyberbullying,feminists,harmful,high,"The tweet uses derogatory language to attack a group of feminists, implying they are sexist and racist, with a high level of hostility.",True
202,"#BlameOneNotAll because I have to make everything about me. Yes, even your traumas are about me, and if they aren't, I'll make them.",other_cyberbullying,other_cyberbullying,none,harmful,high,"The tweet displays a pattern of narcissistic and manipulative behavior, attempting to shift the focus onto the speaker and belittle others' experiences.",True
203,they look like the type of ppl who would bully me in middle school,age,other_cyberbullying,none,harmful,low,"The tweet implies a general threat of bullying, targeting the person's perceived behavior rather than a protected trait.",True
204,"Your understanding of good and evil is a little warped my friend - head chopping, child rape, dressing women in black sheets, gay killing and slave trading are in fact evil, all are prevalent in countries you love, like Syria, Libya etc. You are a joke and detached from truth.",gender,other_cyberbullying,none,harmful,high,"The tweet is a general attack on the person's perspective and judgment, using strong language and accusations, but does not target a specific protected trait.",True
205,"Retreating to being a ""character"" is the last refuge of a scoundrel. Also, rape jokes, trans jokes, anti gay jokes, etc.",gender,other_cyberbullying,none,harmful,high,"The tweet contains derogatory language and jokes targeting various groups, including LGBTQ+ individuals and trans people, with the intent to offend and harm.",True
206,@theheraldsun Depends if these 2 cesspools came from a house that taught them integrity and morals as a child ... Sadly not 😕 #toxickat #mkr,gender,other_cyberbullying,none,harmful,medium,"The tweet uses derogatory language to insult the behavior of two individuals, implying they lack integrity and morals, without targeting a specific protected trait.",True
207,@iamshapit I love it when men need to create a system of inequality because they know they can't compete with women at home or at work,gender,gender,men,harmful,medium,The tweet targets men with a derogatory implication that they need to create inequality because they cannot compete with women.,True
208,yea ion let no female walk over me and duhh I’m not gonna call my girl a bitch but if you acting like one you gonna get address like you acting like one idgaf you not finna act and think it’s ok,gender,gender,women,harmful,medium,"The tweet contains derogatory language and threats towards women, implying they will be addressed in a demeaning manner if they act in a way the speaker disapproves of.",True
209,@Taurmaurils oh my gosh. that's got to be difficult.,other_cyberbullying,not_cyberbullying,none,neutral,none,"The tweet expresses sympathy and concern for someone's situation, without any harmful intent or language.",True
210,"People Laugh, Bully, Tease, Make Fun Of You Only Because They Are Jealous Of You. And Are Insecure. Kill Them With Kindness.<3",not_cyberbullying,other_cyberbullying,none,harmful,low,"The tweet advises a counterattack with kindness, implying that the target's behavior is causing harm to the bullies, but does not specifically target a protected trait.",True
211,@AnonMnom @LBigmann Source.,not_cyberbullying,not_cyberbullying,none,neutral,none,"The tweet appears to be a neutral response to a previous conversation, referencing a source without any apparent intent to harm or harass.",True
212,"@Nanny_KFC nite u too,miz u ja sissy ^_^",not_cyberbullying,other_cyberbullying,none,harmful,low,"The tweet contains a derogatory term ('sissy') with a playful tone, but still conveys a negative and mocking intent.",True
213,"Yeah back at middle school to junior high, i was bullied and considered a weirdo for drawing sonic :') I was nicknamed as 'sonic girl' and had no friends for like most of the years I spent at that awful school.",age,other_cyberbullying,none,harmful,medium,"The tweet describes past bullying and harassment, but it is not targeting a specific protected trait, and the tone is more reflective and negative than abusive.",True
214,"@jkronenwetter18 I'm sure the commentators you DON'T find attractive make less money, because your opinion matters so much.",gender,other_cyberbullying,none,harmful,low,"The tweet is a form of mocking and belittling, targeting the person's opinion and perceived self-importance, rather than a protected trait.",True
215,the fact ateez went from pirates boy to school bullies boy really sends,age,other_cyberbullying,none,harmful,low,"The tweet is a derogatory comment about a K-pop group's image change, implying a negative transformation, but it does not target a specific protected trait.",True
216,"If I had your face, I'd be MADD too though. RT @tayyoung_: FUCK OBAMA, dumb ass nigger http://lockerz.com/s/259510987",ethnicity,other_cyberbullying,none,harmful,high,"The tweet contains a derogatory term and a threat, but it is not specifically targeting a protected trait such as religion, age, gender, or ethnicity; rather, it is a general insult and harassment.",True
217,deepdown nahii upar se maan lete hai hinduism galat hai but give me some reason to leave it n if u think islam is right then why islamic terrorism around the world? why terroristorganisation set up in the name of islam because allah loves terrorist or u r hidingsomethinginhuman,religion,other_cyberbullying,none,harmful,high,"The tweet contains aggressive language and accusations against Islam, but its primary intent is to provoke a debate rather than targeting a specific group based on protected traits.",True
218,"ELI best rap Album iceprince, not sentimental at all. Its worth it",not_cyberbullying,not_cyberbullying,none,neutral,none,The tweet is a neutral opinion about a music album and does not contain any bullying or harassment.,True
219,"Thousands of Indians, both Muslims n non Muslims r getting far far far better treatment with high quality food n diet than in India. Have you seen a single video of Indians abroad complaining of police brutality, lack of food, treatment? Idiot.",religion,other_cyberbullying,Indians,harmful,high,"The tweet contains a derogatory term ('idiot') and a general insult, targeting a specific nationality without referencing a protected trait.",True
220,Idk anything about Idina Menzel except that she gives off the exact vibe of every show choir girl that bullied me in high school,age,other_cyberbullying,none,harmful,low,"The tweet expresses a negative sentiment towards a specific group of people (show choir girls) from the author's past, but does not target a protected trait.",True
221,@JanielleeeStarr MUST PUNISH YOU AH . FOR BULLYING PRISCILLA >:],other_cyberbullying,other_cyberbullying,none,harmful,high,"The tweet is a threat of punishment for bullying, but does not target a specific protected trait or group.",True
222,African Americans do not support you Trump Hispanics do not support you Trump American Muslims do not support you Trump Puerto Ricans most definitely do not support you Trump American Indians hate you Trump don't support you either 90% of the country think you're an idiot,religion,ethnicity,"African Americans, Hispanics, American Muslims, Puerto Ricans, American Indians",harmful,high,"The tweet contains multiple ethnic slurs and attacks on various racial and ethnic groups, with a high level of harmful intent.",True
223,"N niggas wanna ask why i don't fuck wit people, yah dumb ass niggers don't know how to act!!",ethnicity,ethnicity,African Americans,harmful,high,The tweet uses racial slurs to insult and degrade a group of people based on their ethnicity.,True
224,"@RecycledTexan I give one fuck about impressing a ""WHITE NIGGER""! This is your language, it's in your dictionary ""PALE NIGGER""! R U DUMB?",ethnicity,ethnicity,African Americans,harmful,high,The tweet uses racial slurs to insult and demean a person of African American descent.,True
225,@CALMicC he kept me informed on stuff id missed and seemed ok. I liked him.,other_cyberbullying,not_cyberbullying,none,neutral,none,"The tweet expresses a positive sentiment towards someone, without any negative or harmful language.",True
226,"How about a quote from Biden’s friend who called him son. “Yet, Mr. President, we talk about racial equality. I assert that the Negro race is an inferior race. The doctrine of white supremacy is one which, if adhered to, will save America.” Source:",ethnicity,ethnicity,African Americans,harmful,high,"The tweet quotes a statement that asserts the Negro race is an inferior race, promoting white supremacy and racial inequality.",True
227,Dumb nigger fuck always comes in my room uses my piano and plays one song @Rowellisous,ethnicity,ethnicity,African Americans,harmful,high,"The tweet contains a racial slur and insults, indicating a high level of harm and targeting of African Americans.",True
228,"Amazing how Reuben never seems to get anybody from @middxfa liking his tweets or replying in support of his comments. None from @refsupportuk either, or any of his 'friends' and associates.",religion,other_cyberbullying,none,harmful,medium,"The tweet contains a personal attack and criticism of Reuben's social interactions, with no specific protected trait targeted.",True
229,Stop acting dumb and grow the fuck up you little ignorant piece of nigger,ethnicity,ethnicity,African Americans,harmful,high,"The tweet contains a racial slur and a highly insulting tone, targeting African Americans with the intention of causing harm.",True
230,Idiot idolater there are 59 Muslim majority countries and no need for you to divide the world purely and very sharply into religious basis,religion,other_cyberbullying,none,harmful,medium,"The tweet uses derogatory language ('idiot idolater') to insult the person's perceived views, but the primary target is not a protected trait.",True
231,#oomf keeps bullying me :(,other_cyberbullying,other_cyberbullying,none,harmful,low,"The tweet expresses frustration and feeling bullied, indicating a negative interaction but no specific protected trait is targeted.",True
232,to incessant needlepoint in a neo-communist FemiNazi Gulag!,gender,gender,feminists,harmful,high,"The tweet uses derogatory language to insult feminists, targeting their gender and ideology.",True
233,"@ANN_Lynzee and most rational people don't. but there's enough grouped that if they repeat it often enough, ppl forget to look for a source.",other_cyberbullying,other_cyberbullying,none,harmful,low,The tweet implies that a group of people are irrational and prone to spreading misinformation without fact-checking.,True
234,"Alton Tip-Off Classic tonight, 6:00pm Northwest Academy vs. O'Fallon. 7:30pm Jacksonville vs. Alton",not_cyberbullying,not_cyberbullying,none,neutral,none,This tweet is a neutral announcement of a sports event with no mention of protected traits or groups.,True
235,Wese sochne ki bt ha India khtm hoa tou tm log kahan Zalel ho gy? Even India py Muslims rule for 800 years. We rule over you idiot,religion,ethnicity,non-Muslims,harmful,high,"The tweet targets non-Muslims with a derogatory tone and language, referencing a historical period of Muslim rule in India to insult and belittle them.",True
236,I fucking hate that I've been locking myself out all this week,other_cyberbullying,not_cyberbullying,none,neutral,none,"The tweet expresses frustration and annoyance, but does not target or harass any individual or group.",True
237,YES BYE @KeyonMorris: I'm not sexist but if we ever get a woman president I'm moving out the country,gender,gender,women,harmful,high,"The tweet expresses a threat to leave the country if a woman becomes president, implying a negative attitude towards women in leadership positions.",True
238,@allstars_Mandoo I'm neither teasing or bulling you oppa ^^ princess fiona wouldn't do that! :D (aka me ^^) Lets go then ^^~,other_cyberbullying,not_cyberbullying,none,neutral,none,The tweet is a playful and friendly message with no intent to harm or bully.,True
239,RT @HajiIshak1: RT @deaannnaa_:Katie and Nikki are frkn annoying stfu #MKR you're not even hot lol stop  RT:@.vid.http://t.co/cRzO2P219y,gender,other_cyberbullying,none,harmful,high,"The tweet contains insults and derogatory language towards two individuals, Katie and Nikki, with no specific reference to a protected trait.",True
240,@brookemarielane Haha!  Ditto!  I'm actually posting a pumpkin recipe this week.  #CantGetEnough!,not_cyberbullying,not_cyberbullying,none,neutral,none,"The tweet is a friendly and neutral response to another user, with no intent to harm or bully.",True
241,"I have been called Bassboy, garden boy, house negro, white zombie the list is endless.",ethnicity,other_cyberbullying,the author,harmful,high,"The tweet describes the author being subjected to a long list of derogatory nicknames, indicating severe and intentional harassment.",True
242,@Taurmaurils WATCH THIS IT IS AMAZING https://t.co/qEliaGvI24,other_cyberbullying,not_cyberbullying,none,neutral,none,The tweet is a neutral recommendation of a link with no apparent intent to harm or insult any group.,True
243,I was bullied pretty hard before high school. Girls bully by isolating you and crushing your self worth. When I started high school I had zero friends left.,age,other_cyberbullying,girls,harmful,high,"The tweet describes a personal experience of bullying by girls, highlighting their methods and the harm caused, with a high intensity of emotional distress.",True
244,"i used to get bullied so badly in middle school by these two girls bc of my acne.. i cried a lot... i didn't see them again until high school but dAMN, karma got them back bc they ended up with worse acne than what i ever had. they shouldn't have been mean to me.",age,other_cyberbullying,none,harmful,medium,"The tweet expresses a desire for revenge and satisfaction in the bullies' misfortune, indicating a harmful intent towards the individuals who bullied the author.",True
245,Those white painted up imposters so called Native Americans are not the Real Indigenous Indians of the USA. We are the Only Negros who are Hebrew!!! All blacks in America are not Hebrews. They have imported a lot of foreign niggas to culture rape us and replace us. GENOCIDE!!!,ethnicity,ethnicity,Native Americans and African Americans,harmful,high,"The tweet targets and insults Native Americans and African Americans, using racist language and making false claims about their identity and heritage.",True
246,@SFtheWolf there are better ways to make that comic & not scare off all your female customers.,not_cyberbullying,other_cyberbullying,female customers,harmful,low,"The tweet implies that the comic may be off-putting to female customers, which could be perceived as a form of harassment or criticism.",True
247,@DGFurr @CNN @marcorubio Yep! ANOTHER FALSE FLAG JUST LIKE IRAQ. WE AINT IDIOTS YOU KNOW. US MEDIA MUST CUT THE CRAP AND BS!,other_cyberbullying,other_cyberbullying,none,harmful,high,"The tweet contains aggressive language and insults, targeting the US media and politicians, but does not specifically target a protected trait.",True
248,"THINKING CHALLENGE: What percentage of school age kids (K - 12th grade) have experienced bullying or been a bully, themselves? #FurlowEC #MoraineValley #SchoolsAndDelinquency",age,not_cyberbullying,none,neutral,none,"The tweet poses a neutral, informative question about bullying in schools without targeting any specific group or individual.",True
249,Zakula I had hoped that maybe there was a brain in your head. I was mistaken. My bad. You say there’s no sharia law? Then what are no go zones unless you’re Muslim. She did marry her brother. It’s been proven. You’re in denial and the idiot.,religion,other_cyberbullying,none,harmful,high,"The tweet contains insults and derogatory language targeting Zakula's intelligence and behavior, with no specific protected trait being attacked.",True
250,"At least people were afraid to laugh at me cause I was the weird girl. Which usually you'd think it was the opposite, but luckily after being bullied bad in jr high, I learned how to give off a douchey vibe to get people to back off. At least to my face",age,other_cyberbullying,none,harmful,medium,"The tweet describes the author's past experiences with bullying and their strategy to deter future bullies, but also uses the term 'douchey' to describe their behavior, which has a negative connotation.",True
251,@MrAlMubarak Allah the terrorist can stick what he wants up his giant  ass.,religion,ethnicity,Muslims,harmful,high,"The tweet contains a derogatory and insulting comment targeting a Muslim individual, using a slur and a reference to a terrorist attack.",True
252,"The film ends where it started with Nimbe murdering his school bully in the glare of everyone. It was his final unraveling as a gangster, completing a total turnaround for a mummy's boy. #NIMBE",age,other_cyberbullying,school bullies,harmful,medium,"The tweet insults and mocks a group of school bullies, implying they deserve to be murdered, with a tone of sarcasm and criticism.",True
253,RT @yungturd: there should b an app that tells you when the best time to walk into guitar center is without being raped by 14 yr old's guit…,not_cyberbullying,other_cyberbullying,none,harmful,high,"The tweet contains a threat of physical harm and uses a derogatory term to describe a group of people, but the target group is not a protected trait such as religion, age, gender, or ethnicity.",True
254,"Idiot. I lived there for over 30 years. You are lying. They do not have their own police force. They might have a neighborhood watch like the Muslims, the LGBTQ, the students at Columbia, the Guardian Angels and so on. Stop being an idiot.",religion,other_cyberbullying,none,harmful,high,"The tweet contains insults and condescending language, but the primary target is the person's intelligence and credibility, rather than a protected trait.",True
255,You made a good point about NATO's war crimes against humanity. Unfortunately with the same breath you promote NATO's dirty narrative that demonizes the word Jihad. Terrorists are NOT Jihadists. Jihad is a sacred struggle not terrorism.,religion,other_cyberbullying,none,harmful,medium,"The tweet criticizes the author's views on NATO and Jihad, but does so in a manner that is accusatory and confrontational, with a clear intent to persuade or correct the author's opinion.",True
256,I refuse to step foot in Hip Hop Chicken. Them fuck ass egyptians profiting off you dumb niggers. I will not drink the koolaid.,ethnicity,ethnicity,African Americans and Egyptians,harmful,high,"The tweet uses racial slurs and insults to target two ethnic groups, indicating a high level of harmful intent.",True
257,@jwillmitch318 @Magnusxxn @AdamHorowitzLA Adultery:canon. Rape jokes:canon. Man ignoring a woman's requests 2 stay away:canon. BUT OH NO GAY,gender,other_cyberbullying,none,harmful,high,"The tweet expresses outrage and criticism towards the depiction of certain behaviors in a fictional work, but uses a tone and language that is aggressive and dismissive, particularly towards the mention of 'gay'.",True
258,@BlackGirlTia This is a list of lies and baloney that you are presenting.  It has zero to do with the Quran and Hadiths.,religion,other_cyberbullying,none,harmful,medium,"The tweet contains a derogatory tone and language, attacking the credibility of the person (@BlackGirlTia) without referencing any protected trait.",True
259,“@ouchnolarry: Things to not joke about • mental illnesses • suicide • self harm • rape” •making fun of gay people •people's weight,gender,other_cyberbullying,LGBTQ+ individuals,harmful,high,"The tweet lists making fun of gay people as something not to joke about, implying that it is acceptable to mock or belittle LGBTQ+ individuals.",True
260,RT @rrangel_04: Hate the girls who act like they're your friend yet lowkey want your nigga,gender,gender,women,harmful,medium,"The tweet contains a derogatory term and a sexist implication, targeting women based on their behavior and relationships.",True
261,And u have all these Black cops playing house nigger to the white Sargent it was fuckin disgusting if you ask me ...,ethnicity,ethnicity,Black people,harmful,high,"The tweet uses a racial slur and expresses disgust towards Black cops, indicating a high level of harmful intent towards a specific ethnic group.",True
262,"@vex0rian @Sir5000 @StormsOnSaturn yeah, i've got a cron to kick it. it must not be kicking it properly.",not_cyberbullying,not_cyberbullying,none,neutral,none,"The tweet is a neutral technical discussion about a cron job, without any harmful intent or language.",True
263,"Spreading “kindness” and “blm” when they themselves are the bullies and racist scumbags who literally made me want to end it all in secondary school, leaving life long body issues, mental health issues etc. And also spread a rumour that her ex (who happened to be black) hit her-",age,other_cyberbullying,BLM supporters and individuals who spread rumors,harmful,high,"The tweet contains accusations of bullying, racism, and spreading rumors, with a tone of anger and intent to harm the reputation of the targeted group.",True
264,@iSpeakCharming NIGGA YOU DUMB AS SHIT. FELTON IS ASS. PAYLESS PG. FAGOT. YOU A WELFARE DUMB NIGGER. JUST GO FUCK YOURSELF,ethnicity,ethnicity,African Americans,harmful,high,"The tweet contains multiple racist slurs and insults targeting African Americans, indicating a high level of harmful intent.",True
265,se eu confessar que tô começando a gostar de fonk algm vai fazer bullying ??,not_cyberbullying,other_cyberbullying,none,harmful,low,"The tweet expresses concern about potential bullying, but in a self-referential and somewhat sarcastic manner, implying fear of harassment rather than targeting a specific group.",True
266,They are just auditioning to work @FUNimation where gay jokes and rape jokes are tolerated. No surprise.,gender,gender,LGBTQ+ individuals,harmful,high,The tweet targets LGBTQ+ individuals by referencing 'gay jokes' and implies a hostile environment at FUNimation.,True
267,@donnabrazile Christian woman ??? Right waste of flesh,religion,gender,women,harmful,high,The tweet contains a derogatory and misogynistic comment targeting a woman based on her gender.,True
268,Mocked me about being short and wearing thick glasses. I felt as though I was back in high school being bullied by the mean girls. :( And this was from a woman who was at least 20 years older than I was at the time.,age,other_cyberbullying,none,harmful,medium,"The tweet describes being mocked about physical appearance, which is a form of bullying, but it does not target a protected trait such as religion, age, gender, or ethnicity.",True
269,HAPPY BIRTHDAY @Charalice_ !! ur one of the first sam friends i made i honestly love u to pieces and i hope you have the happiest and best birthday like u deserve <33,ethnicity,not_cyberbullying,none,neutral,none,The tweet is a friendly and celebratory message with no harmful intent or language.,True
270,"I have lost a best friend today, all because of DUMB FUCKS. Hey Ashley go fuck yourself with a piece of shit, then go eat a nigger.",ethnicity,other_cyberbullying,none,harmful,high,"The tweet contains highly abusive and profane language targeting a specific individual, Ashley, with no reference to a protected trait.",True
271,I hate doing lab write ups. Dumb ass science bullshit.. fuck your labs nigger. ,ethnicity,other_cyberbullying,none,harmful,high,"The tweet contains profanity and derogatory language, but it does not specifically target a protected trait such as religion, age, gender, or ethnicity; it is a general insult.",True
272,"you’re an idiot. you’re minimizing the movement by bringing up such unnecessary context . disgusting. innocent lives will always matter. don’t care if that person was a shia muslim, sunni Muslim, ahmadi. whatever y’all wanna say.",religion,other_cyberbullying,none,harmful,high,"The tweet contains insults and aggressive language, targeting the person's behavior and opinions rather than a specific protected trait.",True
273,RT @davidjones720: OBAMA and his love for golf is greater that love for CHRISTIANS or Jews ! http://t.co/LludcU5jSP,religion,other_cyberbullying,Christians and Jews,harmful,high,"The tweet expresses a harmful opinion about Obama's priorities, implying he favors golf over Christians and Jews, and shares a link to a potentially inflammatory article.",True
274,"Lol! RT @retrowill3 Why are you mad Fat Girl RT @tayyoung_: FUCK OBAMA, dumb ass nigger",ethnicity,other_cyberbullying,none,harmful,high,"The tweet contains general insults and profanity, but does not target a specific protected trait such as religion, age, gender, or ethnicity.",True
275,@NATgotemall never that not me lls,not_cyberbullying,not_cyberbullying,none,neutral,none,The tweet appears to be a nonsensical or cryptic message without any clear intent to harm or insult a specific group or individual.,True
276,That's what his stupid ass get. ðð https://t.co/UOn2vjNu3P,other_cyberbullying,other_cyberbullying,none,harmful,high,"The tweet contains a derogatory and insulting phrase, indicating a high level of harmful intent, but it does not target a specific protected trait or group.",True
277,"MC, don't lie blatantly.. I don't rely on Wikipedia and mainstream media. They twist the story like anything. Do you remember Moola Genocide, Kashmir Genocide, Godhra Genocide? Did Hindu's kill Muslim? Don't be a idiot. We are not oppressor. We are safe guarding our culture.",religion,other_cyberbullying,none,harmful,high,"The tweet contains aggressive language and accusations, but the primary target is not a specific protected trait, rather the author's perceived dishonesty and lack of critical thinking.",True
278,@NNdabbour64 And I would never go near a country with blasphemy laws.,religion,other_cyberbullying,Muslims,harmful,low,"The tweet implies criticism and disapproval of a country with blasphemy laws, which is often associated with Muslim-majority countries, and has a low intensity due to the use of a single phrase.",True
279,MTV VMAs: Kevin Hart jokes he was bullied to host sans pay [Video] http://t.co/p6gmXNT,not_cyberbullying,not_cyberbullying,none,neutral,none,"The tweet reports on a celebrity's statement about being bullied, but does not contain any bullying language or intent.",True
280,with faith n hope belief,other_cyberbullying,not_cyberbullying,none,neutral,none,The tweet expresses a positive sentiment with no apparent target or intent to harm.,True
281,@suranie Exactly.  Merkel is defending this.  And the protesters are called Islamophobes for being against it. http://t.co/08ZwRcTo88,religion,other_cyberbullying,protesters,harmful,medium,"The tweet labels protesters as Islamophobes, implying they are bigoted, which is a form of harassment.",True
282,@baroqueout babe that was a fucking terrible thing to have happen and in no way your fault.,other_cyberbullying,not_cyberbullying,none,neutral,none,"The tweet is a sympathetic and supportive message, expressing concern and absolving the recipient of blame.",True
283,Standing up for those that are afraid.,other_cyberbullying,not_cyberbullying,none,neutral,none,The tweet expresses support and solidarity without targeting any specific group or individual.,True
284,there isn’t one and I doubt you’d know since this is the first time ur seeing a pride flag im so proud of you gowri sending you love,ethnicity,not_cyberbullying,none,neutral,none,"The tweet is a supportive and congratulatory message, expressing pride and sending love to the recipient.",True
285,@SuperSpacedad @ggautoblocker ❤️❤️😊,other_cyberbullying,not_cyberbullying,none,neutral,none,The tweet is a friendly and affectionate message with no negative or harmful content.,True
286,"U see the biggest problem we have in our country is that everything is about racist..racism is a weapon use to cover up the wrong of others..to be found not guilty just use racism to escape..all South Africans is racist white,black,colored and every other racist in South Africa.",ethnicity,ethnicity,South Africans,harmful,high,"The tweet makes a sweeping generalization that all South Africans are racist, regardless of their ethnicity, and uses derogatory language to describe them.",True
287,"I've seen liberals get mad for criticizing them over mocking Trump and Putin by making them a gay couple, or making prison rape jokes about people who worked under Trump.",gender,other_cyberbullying,people who worked under Trump,harmful,high,"The tweet contains mocking and derogatory language towards individuals who worked under Trump, with the intent to harm their reputation.",True
288,No it's called racism. Perhaps read the definition in a dictionary. This covers most bases of racism so you don't come across a complete idiot in future Btw don't make assumptions that all Muslims are religious or to what level. Or those of other religions.,religion,other_cyberbullying,people who make assumptions,harmful,high,"The tweet contains insults and condescending language, targeting people who make assumptions, with the intention of belittling and humiliating them.",True
289,"@brianfenton eh, it doesn't bother me.",other_cyberbullying,not_cyberbullying,none,neutral,none,"The tweet is a neutral response to someone's name, expressing indifference rather than harm or insult.",True
290,the way men call women bitches and females don't sit right with me,gender,gender,women,harmful,low,"The tweet expresses discomfort with derogatory language used by men towards women, indicating a harmful intent towards a specific gender group.",True
291,He told to destroy radical Islamic Terrorism not Islam fool or do u believe that all Islamic ppl r radicals then u cry later that Terrorism has no any religion. Hypocrite,religion,other_cyberbullying,none,harmful,high,"The tweet is a general attack on a person's perceived hypocrisy and lack of understanding, rather than targeting a specific protected trait.",True
292,RT @coltonodoherty I hate it when girls are in a bad mood so what i'm trying to say is I hate girls,gender,gender,girls,harmful,high,"The tweet expresses a derogatory sentiment towards girls, indicating a harmful intent with a high intensity.",True
293,"You’re no different than the idiot liberals who boycott anyone who deviates from their exact worldview. I think Mark is being obtuse to suggest China’s treatment of Muslims is “domestic policy“ but hes a good guy, how about we convince him with argument and not lame boycotts.",religion,other_cyberbullying,liberals,harmful,medium,"The tweet insults and attacks a political group, liberals, with a tone of criticism and condescension.",True
294,HIGH SCHOOL. FUCKING. BULLIES!!,age,other_cyberbullying,none,harmful,high,"The tweet uses strong language to express anger and frustration towards high school bullies, but does not target a specific protected trait or group.",True
295,"Persona 5 is a game that has themes of: Rape, sexual harassment and abuse, murder, and suicide, but a joke scene featuring two gay predators is where you draw the line?",gender,other_cyberbullying,LGBTQ+ individuals,harmful,high,The tweet targets LGBTQ+ individuals with a derogatory term ('gay predators') and implies they are the primary concern in a game with mature themes.,True
296,stan got this A+ last word before blocking me: Ever heard of caustic #sarcasm? Rename yourself @yesyoureaBellend Thanks Awfully *mwah!* xxx,not_cyberbullying,other_cyberbullying,none,harmful,low,"The tweet uses sarcasm and insults to mock the person's name, but does not target a protected trait.",True
297,I 've never seen such an overly-entitled toddler tantrum bullshit review from a supposed professional before. It reads like a high school mean girl post she bullied the schools newsletter into including coz she mad about something,age,other_cyberbullying,none,harmful,high,"The tweet uses derogatory language to insult the author's professionalism and maturity, with no specific protected trait targeted.",True
298,"Le dan color con los tuiteros que almorzaron con Piñera.Tanto bullying,si hubieran sido ustedes los invitados habrían ido igual. #Esonomás.",not_cyberbullying,other_cyberbullying,none,harmful,medium,"The tweet mocks and criticizes a group of people for eating with a public figure, implying they would have acted similarly, without targeting a specific protected trait.",True
299,"We never ashamed to be called black. The first African to get its independence from the white terrorist. You all have one of the colors of our flag , green,yellow and red. And check what the WHO chairman said. I'm negro I'm black there is more",ethnicity,ethnicity,blacks,harmful,high,"The tweet contains racial slurs and references to historical oppression, indicating a high level of harmful intent towards the black community.",True
300,tbh i don’t think he was really a “villain” i think his character was just trying not to disappoint his parents. he was more of the high school bully character,age,other_cyberbullying,none,harmful,low,"The tweet implies that the person's character was a 'high school bully', which is a negative label and can be perceived as bullying or mocking.",True
301,Kat and Andre are now more hated than Adam and Carol. #mkr,not_cyberbullying,other_cyberbullying,none,harmful,low,"The tweet expresses a negative sentiment and implies that Kat and Andre are disliked, but it does not target a specific protected trait or group.",True
302,RT @finicalgal: Stuffing up instant couscous should be an immediate elimination.,not_cyberbullying,other_cyberbullying,none,harmful,low,"The tweet is a derogatory comment about a person's cooking skills, but does not target a protected trait.",True
303,@jwinno #AskJosh Can you tweet me so I can fangirl in the middle of class? <33 Love you.,not_cyberbullying,not_cyberbullying,none,neutral,none,"The tweet is a lighthearted and affectionate message between friends, with no intent to harm or harass.",True
304,"I apologize Mahmut, but there about 40 million muslims who would like to have a word with you about ""leaving the scholars aside."" In fact, parts of the koran itself were written by scholars just interpreting previously written portions of the book. You sir, are an idiot.",religion,other_cyberbullying,none,harmful,high,"The tweet contains a personal insult ('idiot') and a condescending tone, but the primary target is not a protected trait, rather the person's argument or opinion.",True
305,"So you mean to tell me that this so called free Black man was operating like a white man at white supremacy’s peak, you don’t think that’s it’s a smear campaign so y’all negros and white supremaist can say “Blacks owned slaves too”. To further villains the victims?",ethnicity,other_cyberbullying,Blacks,harmful,high,The tweet uses derogatory language and makes a smear campaign accusation to insult and delegitimize Black people.,True
306,"Big Boobs. A Thread. I had breasts before most of the girls in the locker room in 6th grade, and was bullied; I was groped in 8th grade, and by high school, I wore hoodies so people would leave me alone. That was a them problem that I internalized, falsely believing people would",age,gender,women,harmful,medium,"The tweet discusses past experiences of bullying and harassment related to the author's physical appearance, specifically their breasts, which is a gender-related issue.",True
307,I heard Dumb niggers can fuck the most. Who knew ?,ethnicity,ethnicity,African Americans,harmful,high,"The tweet contains a racist slur targeting African Americans, indicating a high level of harmful intent.",True
308,But saying that beef means that Africans hate black Americans is not good. It’s not justifiable. I was bullied by a BA girl in high school. I would be out my damn mind to bring that smoke to every BA girl i encountered.,age,other_cyberbullying,black American girls,harmful,high,"The tweet contains a derogatory and threatening statement towards black American girls, implying they are deserving of harassment due to a past experience.",True
309,Why do you care? It has nothing to do with you! You are a mom of two girls! Be a role model not some stupid middle school bully!,age,gender,women,harmful,high,"The tweet targets a woman, using a derogatory tone and language to imply she is behaving in a way that is unbecoming of her gender.",True
310,in elementary school I got bullied for liking sabrina the teenage witch and high school musical because they were for girls so when years later I started feeling like a girl I knew I had to bury those thoughts real fucken deep,age,other_cyberbullying,individuals who identify as LGBTQ+ or non-traditionally feminine,harmful,high,"The tweet expresses self-harm and internalized shame related to feminine identity, which is a form of cyberbullying.",True
311,I am tired of having feels. When do I get to go full robot?,not_cyberbullying,not_cyberbullying,none,neutral,none,"The tweet expresses frustration and a desire to escape emotions, but does not target or harm any specific group or individual.",True
312,"#HURT LMFAOOO TELL US WHY YOU MAD BITCHHH“@Authentic_PIINK: You mad? “@tayyoung_: FUCK OBAMA, dumb ass nigger””",ethnicity,ethnicity,African Americans,harmful,high,"The tweet contains a racial slur and a derogatory term, indicating a high level of harmful intent towards African Americans.",True
313,"@Tiny_Xoxo bully , inns report yu to the Twitter authorities",other_cyberbullying,other_cyberbullying,none,harmful,low,"The tweet contains a threat of reporting the user to Twitter authorities, which is a form of harassment and bullying, but does not target a specific protected trait.",True
314,i still can’t believe people blame their past violence towards dark skinned black women on self hate tbh...i literally despised myself as a kid during my “emo” period and still never thought anything like that..let alone tweeted it,ethnicity,other_cyberbullying,black women,harmful,medium,"The tweet criticizes people who blame their past violence towards black women on self-hate, implying that they are making excuses for their behavior.",True
315,"The bullies were another case, starting from school to tuition centers, then street OMG how did I survive all of this :'( how .. I'll write chapters about it all but would rather cut it short. Happy birthday and God bless you!",age,other_cyberbullying,none,harmful,medium,"The tweet describes a personal experience of being bullied, but does not target a specific group or individual, and the tone is emotional and regretful.",True
316,Ctfu So Tru >>>>>> “@FyoTweets: They be like so you said shut the fuck up you dumb nigger Haha I be weak when they say the Shit you said”,ethnicity,ethnicity,African Americans,harmful,high,"The tweet contains a racial slur, indicating a high level of harmful intent towards African Americans.",True
317,"Worm of Islamic militant http://jihad.my language is good .look at Ur language .u said a great man bhagat a terrorist .Hinduism a stone age , then I can say worm of Islamic jihad ( which is not humanity)",religion,other_cyberbullying,none,harmful,high,"The tweet contains insults and derogatory language towards a specific ideology and a person, but does not target a protected trait such as religion, age, gender, or ethnicity.",True
318,"Yo, @TychoBrahe, where were you when we were getting run out of our homes? Not famous enough for you?",other_cyberbullying,other_cyberbullying,none,harmful,medium,"The tweet is a personal attack with a sarcastic tone, targeting TychoBrahe's perceived lack of fame or relevance, but does not specifically reference a protected trait.",True
319,Girl you special like a met you in a slow class 😉,not_cyberbullying,other_cyberbullying,none,harmful,low,"The tweet uses sarcasm to mock the person, implying they are not special, but rather average, which is a form of belittling language.",True
320,Getting bullied online is tough I remember one time this girl in high school bullied me on Tumblr everyday because I was a weird virgin and didn't want to have sex with her she came on too strong smdhhh I deserve it now tho,age,other_cyberbullying,none,harmful,medium,"The tweet describes a past experience of online harassment, but does not target a specific protected trait or group, and instead focuses on the individual's personal choices and behavior.",True
321,"Colonial newspapers contributed to the perpetuation of slavery. Advertised 250 years ago today: ""RUN away, a NEGRO MAN named BILLY ... generally called White hand Billy, from a burn on his hand."" (South-Carolina & American General Gazette 4/20/1770)",ethnicity,other_cyberbullying,none,educational,none,"The tweet is referencing a historical advertisement to educate about the past, without any intent to harm or insult a specific group.",True
322,Grizzlies can't beat a team that's trying to freaking tank! So damn pathetic!,other_cyberbullying,other_cyberbullying,none,harmful,high,"The tweet contains a strongly negative and insulting tone, directed at a sports team, with the intent to belittle and mock their performance.",True
323,"YOU LIL STUPID ASS BITCH, I AIN'T FUCKIN WIT YOU!",other_cyberbullying,gender,women,harmful,high,"The tweet contains a misogynistic slur and insults, indicating a high level of harm towards women.",True
324,Gay/Rape/HIV/AIDS/Race Jokes aren't funny...,gender,other_cyberbullying,none,harmful,high,"The tweet expresses strong disapproval of certain types of jokes, but does not target a specific group or individual, and is intended to prevent harm rather than cause it.",True
325,"Salty af too! Lol @JayJTheKidd: Damn you mad bro? RT @tayyoung_: FUCK OBAMA, dumb ass nigger",ethnicity,ethnicity,African Americans,harmful,high,"The tweet contains a racial slur targeting African Americans, indicating a high level of harmful intent.",True
326,I want that nigger that called me last night to come out here so i can use my nigger knocker on him ha ha dumb fuck nut ha ha,ethnicity,ethnicity,African Americans,harmful,high,"The tweet contains racist slurs and threats, targeting African Americans with a high level of intensity and harmful intent.",True
327,"Yo lemme break something down to y’all cause niggas is so dumb my mans on camera fuckin this racist man’s wife or whatever... check it out family, SHE COULD FUCK YOU AND STILL BE RACIST AND CALL U ALL KINDS OF NIGGERS",ethnicity,other_cyberbullying,none,harmful,high,"The tweet contains derogatory language and insults, but the primary target is not a specific protected group, rather the speaker's perceived stupidity and the actions of an individual.",True
328,Whiny manbabies.,other_cyberbullying,other_cyberbullying,men,harmful,low,"The tweet uses a derogatory term to insult men, targeting their masculinity and implying they are weak or immature.",True
329,@truaemusic @mattybboi83 @Number10gov Islam cannot be reformed because it's vileness is too deep in the religion.,religion,religion,Muslims,harmful,high,"The tweet attacks the religion of Islam, using the word 'vileness' to convey a strong negative sentiment.",True
330,Yeah it’s called being Tone Deaf and advocating for White Supremacy. According to the great negro Bomani Jones,ethnicity,ethnicity,African Americans,harmful,high,"The tweet uses a racial slur and implies that the person is promoting white supremacy, which is a harmful and derogatory statement towards African Americans.",True
331,As a Christian I support BJP Islamic radicals are the real threat here !! India stayed as a secular country only because of Hindu majority .If Islam was majority there won't be any secularism . Radical Islamists must be dealt with iron fist,religion,ethnicity,Muslims,harmful,high,"The tweet contains a derogatory term ('Islamic radicals') and a threat of violence ('iron fist') towards Muslims, indicating a high level of harmful intent.",True
332,I remember getting bullied by two girls in high school but when I defended myself for the first time I was told I don’t respect women and had to get grounded.,age,other_cyberbullying,none,harmful,low,"The tweet describes a past experience of bullying, but the language used is not targeting a specific group or individual, and the tone is more reflective than aggressive.",True
333,Well if it's her responsibility to keep herself safe then thats exactly what she did when she took the picture of thr license plate. But you called her a bitch for that. Then again any guy who calls women females is automatically trash anyway so I'm not surprised you don't get it,gender,gender,women,harmful,high,"The tweet contains derogatory language and insults directed at men who interact with women, indicating a harmful intent towards a specific gender group.",True
334,Stfu about Ariel the decision has been made already lol calling black people niggers over a decision that we had no say on is disgusting stfu it honestly getting real annoying,ethnicity,other_cyberbullying,none,harmful,high,"The tweet contains abusive language and insults, but they are directed at a general group of people who are perceived as opposing the speaker, rather than targeting a specific protected trait.",True
335,Someone outside just asked me if I'm the woman that wrote @TheBlockBot :| // cc @oolon,not_cyberbullying,not_cyberbullying,none,neutral,none,"The tweet is a neutral, non-abusive response to a question about the author's identity.",True
336,1) Babar was invader who killed million of Hindus & demolished ram temple 2)The Godhra Train Burning 3)Tahhir Hussain MC All above u mentioned is because of peaceful community.stop support ing radical islamic terrorism,religion,other_cyberbullying,none,harmful,high,"The tweet contains inflammatory language and accusations against a community, but does not specifically target a protected trait such as religion, age, gender, or ethnicity.",True
337,Found out the girl who bullied me throughout high school now has 3 kids and is married and still living in our home town. All before 25. Damn ma’am.,age,other_cyberbullying,the author's high school bully,harmful,high,"The tweet contains a derogatory and condescending tone, targeting the bully's life choices and implying she is not successful or accomplished.",True
338,"She aint got nothing better to but be mad...lilRT @MrsLarson2U: This bitch smdh.....RT @tayyoung_: FUCK OBAMA, dumb ass nigger",ethnicity,other_cyberbullying,none,harmful,high,"The tweet contains multiple instances of profanity and derogatory language, but the primary targets are not a specific protected group, rather individuals with whom the author disagrees.",True
339,RACISM is wen u select your white clothes to wash 1st and save the black and colored ones for last wash..lmao,ethnicity,other_cyberbullying,none,harmful,low,"The tweet uses a racial stereotype to mock people's laundry habits, but it's not a direct attack on a specific group or individual.",True
340,@shaner38 I said it for months.  Didn't know how good McKinnon was...,gender,not_cyberbullying,none,neutral,none,"The tweet is a neutral statement expressing surprise or admiration for someone's performance, without any insulting or harmful language.",True
341,@MillerMENA Why is anyone surprised that Putin had Nemtsov shot. Putin bombed Russian apartment buildings to start the Chechen war.,not_cyberbullying,other_cyberbullying,none,harmful,medium,"The tweet contains a serious accusation of murder and a reference to a violent historical event, with a tone of blame and criticism.",True
342,"Very homophobic, said he would prefer his own son dead than gay. Told a representative that he wouldn't rape her because she was too ugly to deserve rape. Planned false flag attacks on military bases to increase funding to the military (but said it was a joke when found).",gender,gender,LGBTQ+ individuals and women,harmful,high,"The tweet contains homophobic slurs and threats of violence against women, indicating a high level of harmful intent.",True
343,I’m glad I wasn’t in high school when VSCO girls were a thing they definitely would have bullied me,age,other_cyberbullying,VSCO girls,harmful,low,"The tweet implies that VSCO girls would have bullied the author, expressing a negative opinion about a group.",True
344,"Ope, please watch the ‘Rape Jokes’ stand up set by @cameronesposito! Especially if you’re gay and grew up religious. You’ll feel so seen.",gender,other_cyberbullying,none,harmful,low,"The tweet contains a potentially triggering reference to rape jokes, but its intent is more to provoke a reaction than to harm a specific group.",True
345,@Polzie @moshanthi who should we bully?,not_cyberbullying,other_cyberbullying,none,harmful,low,"The tweet suggests and encourages bullying, but does not specify a target group or protected trait.",True
346,Catching the last BART home. So excited! What a productive evening. :),not_cyberbullying,not_cyberbullying,none,neutral,none,"The tweet expresses excitement and productivity, with no negative or harassing language.",True
347,Ummm.... what? Have you even been to any muslim nation. Y’all act like the US ain’t riddin with pedophiles. Just look at the idiots in power. Also maths was discovered by arabs read a book then come talk to me.,religion,other_cyberbullying,none,harmful,high,"The tweet contains insults and condescending language towards an unspecified group, but specifically targets the US and its leaders, with no clear protected trait being targeted.",True
348,"RT @tauriqmoosa: Oh, is the Witcher 3 a game that let's you play as a lesbian of colour? That is remarkable! http://t.co/HfQLh0U04Z",other_cyberbullying,not_cyberbullying,none,neutral,none,"The tweet is a positive and neutral comment about a video game, expressing admiration for its representation.",True
349,"White Man Roger Stone sentenced as a criminal, also called > > journalist Roland Martin a “Negro” > Megyn Kelly a “nice set of cans” Felon & Racist & Misogynist Who else can be best buddy with @realDonaldTrump ??? Law & Order??? Are you #MAGA peeps kidding me?",ethnicity,other_cyberbullying,none,harmful,high,"The tweet contains multiple instances of derogatory language and insults towards individuals, but they are not targeted at a specific protected trait such as religion, age, gender, or ethnicity.",True
350,girls named madison in middle school after they bully the autistic kid,age,other_cyberbullying,bullies,harmful,medium,"The tweet targets individuals who bully an autistic kid, without specifically addressing their age, gender, ethnicity, or religion, but with a harmful intent to shame them.",True
351,"@AntiDARKSKINNED: Don't start with that I'm brown"" bullshit. You are black, you are a nigger. You are filthy & disgusting.""...........oh",ethnicity,ethnicity,African Americans,harmful,high,"The tweet uses a racial slur and insults to target African Americans, indicating a high level of harmful intent.",True
352,When the girl who bullied you in high school for liking Harry styles is now posting on social media about how much she likes his music,age,other_cyberbullying,none,harmful,low,"The tweet is bullying the original bully, but not based on a protected trait, and has a low intensity due to its casual and somewhat sarcastic tone.",True
353,I like bullying my sister's friend.. :)),other_cyberbullying,other_cyberbullying,none,harmful,low,"The tweet expresses a desire to bully, but the target is not specified and the tone is more playful than serious.",True
354,RT @davidsgallant: Valve gave the ability to prevent specific curators from appearing on their games' pages. Devs: you know what to do abo…,not_cyberbullying,not_cyberbullying,none,neutral,none,"The tweet is a neutral, informative retweet about a feature in game development, without any personal attacks or harassment.",True
355,Seabreeze High School: Justice for African American Special Needs Student - Bullied by Savannah and Chelsea - Sign the Petition! http://chng.it/QNWRgLhC via @Change I’m disgusted to watch this stupid video that two girls created for some dumb likes. Let me trip their dumb asses.,age,other_cyberbullying,none,harmful,high,"The tweet contains a derogatory and threatening comment towards two individuals, Savannah and Chelsea, with no reference to a protected trait.",True
356,@rikumemes Your work is fucking terrible tbh fuck them,other_cyberbullying,other_cyberbullying,none,harmful,high,"The tweet contains strong profanity and insults directed at someone's work, but does not target a protected trait.",True
357,@iMoRTaLMonkeyyy @BrokenTourneys its simple math u dumb black nigger ass hoe pussy bitch dumb fuck cunt,ethnicity,ethnicity,black people,harmful,high,The tweet contains racist slurs and insults targeting a specific racial group.,True
358,"Bitch you're mad ? Oh RT @tayyoung_: FUCK OBAMA, dumb ass nigger",ethnicity,other_cyberbullying,none,harmful,high,"The tweet contains profanity and insults, but the primary targets are the individuals 'you' and 'Obama', rather than a specific protected group.",True
359,@KirinDave nope. I play WoW. GW sux.,not_cyberbullying,other_cyberbullying,none,harmful,low,"The tweet contains a derogatory statement about a game, but it is not targeted at a specific group or individual.",True
360,"They won't stop their Hindu Hatred, we must start our Hindu Assertion everyone in school has a school bully, we only respected him out of fear, nothing else Hs must reach that level of fearfulness among others",age,other_cyberbullying,none,harmful,high,"The tweet contains a threat of fear and intimidation, but it does not specifically target a protected trait such as religion, age, gender, or ethnicity.",True
361,@OscarDelaHopia Me too.  Too late now. Heheh.,not_cyberbullying,other_cyberbullying,none,harmful,low,"The tweet implies mocking or teasing, but it's unclear who or what is being targeted, and the intent is more playful than genuinely hurtful.",True
362,@sajid_fairooz @IsraeliRegime Yes they are Jew hating barbarians.,religion,ethnicity,Jews,harmful,high,"The tweet uses a derogatory term and expresses hatred towards Jews, indicating a high level of harmful intent.",True
363,"You love your country like you love your kids - unconditionally. 1619 comes into your house, tears down the pictures on the fridge, and replaces them with social media screenshots about your kids from bullies and mean girls at school.",age,other_cyberbullying,parents,harmful,high,"The tweet uses a metaphor to imply that parents are exposing their children to online harassment and bullying, with a tone of criticism and blame.",True
364,seriously colin stop smiling/smirking. frowning looks better on you. #mkr,gender,other_cyberbullying,none,harmful,low,"The tweet is a sarcastic comment intended to mock Colin's facial expression, but does not target a protected trait.",True
365,HOLY SHIT,other_cyberbullying,other_cyberbullying,none,harmful,high,"The tweet contains strong profanity, indicating a high level of intensity and harmful intent, but does not target a specific protected trait or group.",True
366,"Are in idiot! Have u ever met a muslim?? and who is attaching Christianity your own Christians are doing that.... being cristian means what to you?? Love thy neighbor?? If you know a anything about Islam its about love, forgiveness, family, making decisions with your heart...",religion,other_cyberbullying,none,harmful,high,"The tweet uses aggressive language and insults to express frustration and criticism, but it does not target a specific protected group.",True
367,Niggers on twitter is just dumb as fuck,ethnicity,ethnicity,African Americans,harmful,high,The tweet uses a racial slur to insult and demean a group of people based on their ethnicity.,True
368,"Kat on not winning people's choice: ""I can't believe this! Obviously those campers were voting strategically."" #mkr #delusionalcow",gender,other_cyberbullying,Kat,harmful,high,"The tweet contains a derogatory term ('delusionalcow') and a negative, condescending tone, indicating a high level of harm towards Kat.",True
369,"Thank you so much! It’s so annoying l don’t even want respect just common human decency, I just feel like it needs too be spoken about more like in the cod days it went from “your mum is gay” to now getting rape threats it’s just beyond a joke now",gender,other_cyberbullying,none,harmful,high,"The tweet expresses frustration and outrage over the escalation of online harassment, particularly rape threats, without targeting a specific group or individual.",True
370,"@eZhenKHJEN Walao you see la, you bad friend, bully again :( :( :( I am lor, don't deny the truth!",other_cyberbullying,other_cyberbullying,none,harmful,low,"The tweet uses aggressive language and insults to express frustration and anger towards a friend, but does not target a protected trait.",True
371,"The girls you worship on Love Island are the same kinda girls that bullied you in high school, shut up x",age,gender,women,harmful,medium,"The tweet targets women, specifically those who appear on the reality TV show Love Island, and implies they are responsible for past bullying, using a derogatory tone.",True
372,Going after people with who support other political candidates...what did we call those folk growing up? What were we taught those people are called in school? I'll let you Google it...I'll give you a hint bully...its not from America.,age,other_cyberbullying,people who support other political candidates,harmful,medium,"The tweet uses a derogatory term and implies that people who support other candidates are bullies, which is a form of harassment.",True
373,"This dude beats on women, belittles them down to just being a vagina for his sexual wants, talks about rape incest & pedophiles like it’s a joke, and says being gay is a mental illness. Then tweets about dismantling toxic masculinity... Niggas really are delusional.",gender,gender,"women, LGBTQ+ individuals",harmful,high,"The tweet contains derogatory language and insults targeting women and LGBTQ+ individuals, with a tone of aggression and mockery.",True
374,Please stop being gullible dumb niggers falling into society trends fuck society shit is not set up for niggas and that's that,ethnicity,ethnicity,black people,harmful,high,The tweet uses a racial slur and expresses a derogatory sentiment towards a specific racial group.,True
375,How's the game portraying it's only openly gay characters as predators for a rape joke not homophobic? Lmao,gender,other_cyberbullying,LGBTQ+ individuals,harmful,high,"The tweet uses a rape joke to mock the portrayal of openly gay characters, implying that their sexual orientation is inherently problematic and contributing to harm.",True
376,RT @peteevansnot: OK - get this off my FB page asap! #paleo #mkr http://t.co/n3Y2cItgLV,not_cyberbullying,not_cyberbullying,none,neutral,none,The tweet is a request to remove a post from the author's Facebook page and does not contain any bullying or harassment language.,True
377,@ashleylynch @join_oapi just the site :),other_cyberbullying,other_cyberbullying,none,harmful,low,"The tweet is a sarcastic and dismissive comment, implying that the site is not good, which is a form of harassment.",True
378,@ICONIaMmE there is this girl tht has the same name as u and people r saying she killed herself cuz of bullying and she was a GRANDer :(,other_cyberbullying,other_cyberbullying,none,harmful,high,"The tweet is spreading a false and disturbing rumor about a person, which is a form of harassment and bullying.",True
379,Can help all those in workplace bullying situations to find a comfortable place to exist. http://www.equalityedge.org.uk,other_cyberbullying,not_cyberbullying,none,helpful,none,The tweet offers support and resources for workplace bullying situations without targeting or insulting any group.,True
380,let's see what Ash and Camilla are up to. #mkr http://t.co/i0LbGhkU9F,not_cyberbullying,not_cyberbullying,none,neutral,none,"The tweet appears to be a neutral, casual comment about two individuals, with no apparent intent to harm or harass.",True
381,"Please produce a recent example of a white Democrat calling someone a ""negro"" dismissively and not getting called on it.",ethnicity,other_cyberbullying,none,harmful,medium,"The tweet is asking for an example of a specific behavior that is derogatory and racist, but it does not directly target a person or group.",True
382,A lot of it was bs though. My friend went to school with him and said he was a bully,age,not_cyberbullying,none,neutral,none,"The tweet is a neutral statement about someone's past behavior, without any intent to harm or insult a protected group.",True
383,@Arlen weird. i have an address on my account. not sure if i need to add that to my wishlist or not.,not_cyberbullying,not_cyberbullying,none,neutral,none,"The tweet is a neutral, friendly inquiry about an account setting, with no bullying or harassment.",True
384,RT @fruitondabottom: Because women have no voice!  #letwomenspeak #WomenAgainstFeminism http://t.co/jbTpUaMO1b,gender,gender,women,harmful,high,"The tweet expresses a derogatory sentiment towards women, implying they have no voice, and links to a hashtag that suggests opposition to feminism.",True
385,"RT“@tayyoung_: FUCK OBAMA, dumb ass nigger” somebody better talk to her before I go ham on her ass...",ethnicity,ethnicity,African Americans,harmful,high,"The tweet contains a racial slur targeting African Americans, indicating a high level of harmful intent.",True
386,Hope u had 100000000 pages written dor Islamic terrorism . Its shame u cant bear brahmanical terror for few yrs ! Whr as kept spreading Islamic terror since decades,religion,other_cyberbullying,none,harmful,high,"The tweet contains inflammatory language and accusations of terrorism, but it does not specifically target a protected trait such as religion, age, gender, or ethnicity; rather, it appears to be a general attack on opposing ideologies.",True
387,It’s not a gay rape joke which I often complain about. It’s an observation about a man that has frequently claimed he can’t control his libido. I simply made an observation that he won’t be having sex in prison. So get that right. Thanks.,gender,gender,gay men,harmful,medium,"The tweet targets gay men with a derogatory implication, referencing their sexual orientation in a negative context.",True
388,"i was bullied in primary school for having no friends (THANKS AUTISM) and being fat and having acne since like, around 10 yrs old. then in early high school i was bullied because a girl thought i was a lesbian and also didnt like me for some reason?",age,other_cyberbullying,none,harmful,high,"The tweet describes past experiences of bullying, but does not contain any current or direct attacks on a protected trait, instead focusing on the author's personal struggles and past harassment.",True
389,@NerdieJoseph Make sure he's the bully in the neopet playground. B),not_cyberbullying,other_cyberbullying,none,harmful,low,"The tweet is bullying in nature, but it does not target a specific protected trait, and instead uses a playful tone to mock someone's behavior.",True
390,michael clifford from 5sos fuck you you dumb ass nigger i h8 you follow me . @Michael5SOS x452,ethnicity,ethnicity,African Americans,harmful,high,"The tweet contains a racial slur and a threat, indicating a high level of harm and intent to harass.",True
391,"RT @TheQuinnspiracy: Since gators are yelling at me for responding to a fan and making this, if you wanna fund me off patreon heres a link …",other_cyberbullying,not_cyberbullying,none,neutral,none,The tweet is a response to criticism and does not contain any bullying or harassment language.,True
392,"Olha que absurdo, na minha escola pode ir de chinelo de qualquer marca, menos Havainas, isso é preconceito, Bullying.!! kkk",not_cyberbullying,other_cyberbullying,none,harmful,low,"The tweet is labeling a behavior as bullying, but in a derogatory and mocking manner, indicating a negative intent.",True
393,"AND HAVE A MOTHERFUCKING SEAT \_ ""@iHate_Humans: STFU! tRT @tayyoung_: FUCK OBAMA, dumb ass nigger""",ethnicity,ethnicity,African Americans,harmful,high,"The tweet contains a racial slur targeting African Americans, indicating a high level of harmful intent.",True
394,@lilbeastunleash who knew that was how to do it! #MKR,not_cyberbullying,not_cyberbullying,none,neutral,none,The tweet is a congratulatory message with no apparent intent to harm or insult any individual or group.,True
395,Yo guys. Did you know I was a convicted felon? That's new.,other_cyberbullying,other_cyberbullying,none,harmful,low,"The tweet is sharing potentially damaging information about the author's past, likely to elicit a reaction or provoke others.",True
396,@kyleedoo @SmithKayt fuck you dumb nigger. #Truth,ethnicity,ethnicity,African Americans,harmful,high,"The tweet contains a racial slur, indicating a high level of harmful intent towards African Americans.",True
397,"@samred no rush or anything. like i said, it's been up for a while. i just noticed, though. :)",not_cyberbullying,not_cyberbullying,none,neutral,none,"The tweet is a neutral, non-confrontational response to another user, expressing no harm or intent to bully.",True
398,"RT @GreyUmopepisdn: When a radical feminist or SJW tries to argue with you, try these tips. #WomenAgainstFeminism http://t.co/UP62bkHAEL",gender,gender,feminists,harmful,medium,"The tweet targets feminists with a derogatory tone, implying they are radical and trying to argue, which is a form of harassment.",True
399,"@dllvllHllvllb @hyperion5182 @PolitiBunny @TheBlockBot she's not on the autoblocker, and i don't run blockbot. blocking manually for now. :)",not_cyberbullying,not_cyberbullying,none,neutral,none,"The tweet is a neutral statement about blocking someone manually, without any insulting or harmful language.",True
400,pvp with bebbit #warcraft #selfie http://t.co/q4Bjfy8t7t,other_cyberbullying,not_cyberbullying,none,neutral,none,The tweet appears to be a casual gaming-related post with no apparent intent to harm or harass anyone.,True
401,"Also, to the news that GG is doing a bay area meetup...",other_cyberbullying,not_cyberbullying,none,neutral,none,The tweet appears to be a casual announcement about a meetup and does not contain any bullying or harassing language.,True
402,"Yall remember when it was trendy to do that kool aid dip dye hair and all the popular girls in middle/early high school did it and would post shit like ""yeah I dye my hair crazy colors, I'm me and I'm not sorry "" meanwhile the actual scene kids were being bullied",age,other_cyberbullying,none,harmful,medium,"The tweet expresses a negative sentiment towards a group of people who posted about their hair dye, implying they were fake or attention-seeking, without directly targeting a protected trait.",True
403,"O da, zaboravio sam na to. Imagine being all giddy and excited about magic and a bunch of racist bullies break your arms and piss on your clothes in your new school because your parents live in Liverpool",age,other_cyberbullying,none,harmful,high,"The tweet describes a violent and traumatic experience, but it does not target a specific protected trait or group, and is instead a narrative about bullying in general.",True
404,http://t.co/IiibIFWNuW (via @selenamarie) #stopwadhwa2015,other_cyberbullying,other_cyberbullying,none,harmful,low,"The tweet appears to be promoting a hashtag that is likely associated with a negative or critical message, but the target group is not explicitly stated.",True
405,@ICONicHavanaL yeah it sux i hate it then ppl bully me cuz of it seriously theres no reason for that,other_cyberbullying,other_cyberbullying,none,harmful,low,"The user is expressing frustration about being bullied, but the tone is more about their personal experience than targeting a specific group.",True
406,"@Liban_93 is fuckn Twitter Bully, die slow u grenade launcher",other_cyberbullying,other_cyberbullying,none,harmful,high,"The tweet contains a violent threat and profanity, indicating a high level of harm with no specific protected trait targeted.",True
407,Facts by a fellow Unionist. The “Magic Negro” was taken from an article from a Black reporter from the LA Times who called Obama that because of phenomenal white support,ethnicity,other_cyberbullying,African Americans,harmful,medium,"The tweet references a derogatory term and implies that a Black reporter used it to describe Obama, which is a form of racial stereotyping and harassment.",True
408,i like the first one but if ur feeling confident go for the second option !,ethnicity,not_cyberbullying,none,neutral,none,"The tweet is a neutral and friendly comment about a personal preference, with no intent to harm or bully.",True
409,"Mumbai: BJP leader Kirit Somaiya meets @KarishmaBhosal3 , a girl who was bullied for raising voice against the blaring of azaan in high volume from a neighbourhood mosque in her area.",age,other_cyberbullying,none,neutral,none,The tweet reports on a bullying incident without expressing any opinion or intent to harm.,True
410,RT @SimplyLaurax3: PLEASE help find my friend's sister.. Signal boost the shit out of this so we can get her home. http://t.co/8JMu8VljI8,not_cyberbullying,not_cyberbullying,none,helpful,none,The tweet is a request for help in finding a missing person and does not contain any bullying or harassing language.,True
411,She feels it’s ok to make lame jokes about how jailed prisoners ‘are gay?’ This from someone who’s herself gay & knows that making light of anal sex in jail is staple fodder for anti-gay zealots everywhere?! Outrageous. This is like a sexual assault survivor making rape jokes.,gender,other_cyberbullying,none,harmful,high,"The tweet is criticizing someone's behavior and language, using strong language to express outrage and disapproval, but it does not target a specific protected trait or group.",True
412,But a whole million for a GTi? Nah fam that nigger dumb as fuck. Id rather buy a performance pack GTi and an Audi S3 with that money.,ethnicity,ethnicity,African Americans,harmful,high,The tweet uses a racial slur to insult and demean a group of people.,True
413,K! Now I see why coaches get mad when the players go out late at night. #Exhausted,not_cyberbullying,not_cyberbullying,none,neutral,none,The tweet expresses a neutral observation about coaches' behavior without targeting any specific group or individual.,True
414,"Yep, that's the case for several girls I met or know. Some go the other way and consciously copy everything they can to be the ""best"" at high-status hyper-femininity things so they become too cool to be bullied. Almost become a trend setter so people copy them instead.",age,gender,women,harmful,low,"The tweet implies that women who exhibit 'high-status hyper-femininity' are doing so to avoid being bullied, which can be seen as a negative stereotype and criticism of women's behavior.",True
415,Nope! Coons are what southern racist white ppl called all Black People. You’re talking about a House Negro. Just saying,ethnicity,ethnicity,Black People,harmful,high,The tweet uses a racial slur and makes a derogatory comparison to harm and insult Black People.,True
416,This is like. If you have a little sibling and you give them shit because they’re annoying and make your life miserable but all of a sudden the school bully starts picking on them and you’re like. Wait hold on. Only I can do that. Back off. That’s how I feel about Trump and TW rn,age,other_cyberbullying,Trump and his supporters,harmful,high,"The tweet expresses strong disapproval and aggression towards Trump and his supporters, using a confrontational tone and a sense of entitlement to bully them.",True
417,"@KivaBay that's usually how it goes. a word of advice? screen cap all the awesome. print it out, or keep it in a folder for bad days.",other_cyberbullying,not_cyberbullying,none,neutral,none,"The tweet is a neutral, supportive message offering advice and encouragement.",True
418,girls who bullied you in high school be like: why doesn’t everyone just try being KIND to others,age,other_cyberbullying,bullies,harmful,low,"The tweet is a passive-aggressive comment targeting individuals who bullied the author in high school, with a low intensity of harm due to its sarcastic tone.",True
419,First bus ride as a Warrior and I get my phone! #eatshitsunshine!,not_cyberbullying,not_cyberbullying,none,neutral,none,"The tweet appears to be a celebratory post about a personal achievement, with no apparent intent to harm or insult any group.",True
420,prison rape jokes also reinforce stereotypes that gay men & black men (the majority of the prison population) are sexually predatory,gender,other_cyberbullying,gay men and black men,harmful,medium,"The tweet makes a generalizing and stigmatizing statement about gay men and black men, implying they are more likely to be sexually predatory, which is a harmful and stereotypical claim.",True
421,Dumb T- fine We gon call ha ugly so he put his head up nd like 10 mins later dis bitch sees him U- omg tt us that youu Nd I turned nd I didn't know what his ex looked like nd ion care if he has female friends T- hi Casey M- whose this babes U- Casey his ex M- hi.,gender,other_cyberbullying,none,harmful,high,"The tweet contains derogatory language and insults, but they are not specifically targeting a protected trait such as religion, age, gender, or ethnicity.",True
422,"Years ago? He's a narcissistic, public school big head & bully, (albeit it'd be easy to knock him out etc.), who regularly refers to a couple of prominent Brexiteers, e.g. Digby Jones & Mark Francois, as fat, dumpy etc. I despise O'Brien.",age,other_cyberbullying,O'Brien,harmful,high,"The tweet contains insulting language and derogatory nicknames, indicating a high level of harm towards the individual 'O'Brien'.",True
423,"P.s. Never feel guilty for telling teachers & for getting bullies in trouble. They’ll try to pretend they were joking to get away with it & to make you feel bad, don’t fall for it. I also think bullies should be removed from schools until they can learn to behave themselves.",age,other_cyberbullying,bullies,harmful,medium,"The tweet aims to shame and discipline bullies, rather than promoting a positive or neutral message.",True
424,@stefapie i don't like chocolate. :(,other_cyberbullying,not_cyberbullying,none,neutral,none,The tweet expresses a neutral opinion about a personal preference without targeting or insulting any group.,True
425,I'm not saying every black person is a nigger but the trashy thugs are. It's disgusting what this world has come to bc of them.,ethnicity,ethnicity,black people,harmful,high,The tweet uses a racial slur and expresses disgust towards a group based on their ethnicity.,True
426,Imagine a black woman getting pregnant by a white man she let call her nigger while fucking smh disgusting,ethnicity,ethnicity,black women,harmful,high,"The tweet contains a racial slur and derogatory language targeting black women, indicating a high level of harmful intent.",True
427,I mean some friends do some gay shit as jokes so i guess it's fine as long as you don't rape me tbh,gender,gender,LGBTQ+ individuals,harmful,high,The tweet contains a derogatory reference to LGBTQ+ individuals and implies a threat of violence.,True
428,Back at good old HRC tonight! time to bully @KatieHalliday haha,not_cyberbullying,other_cyberbullying,none,harmful,low,"The tweet contains a lighthearted but still bullying tone, using the word 'bully' in a joking manner, targeting @KatieHalliday.",True
429,OMG SHUT UP DRASKO AND BIANCA #MKR #FINALFIVE,other_cyberbullying,other_cyberbullying,none,harmful,low,"The tweet contains a demand to shut up, which is a form of harassment, but it does not target a specific protected trait.",True
430,"Vele Lol @Djranx Khaba lenja!RT @BosSsDj:Me and the crew just caught a nigger tryna jack a car and gave him a beating at rosebank,Dumb Fuck!",ethnicity,ethnicity,black people,harmful,high,The tweet contains a racial slur and promotes violence against a person based on their ethnicity.,True
431,"I don’t think I ever heard the term “gamer girl” until after high school either, so I was never bullied for that as a teen",age,not_cyberbullying,none,neutral,none,"The tweet is a neutral, personal reflection about the author's experience and does not contain any bullying or harassment.",True
432,"No one ever writes a book called ""Men, Stop Being an Asshole in Relationships"" or ""She Just Wants to Be Treated Like a Human Being for Once""",not_cyberbullying,gender,men,harmful,high,The tweet uses a derogatory phrase to criticize men and implies they are inherently problematic in relationships.,True
433,"Freedom of speech does not mean it's okay to joke about rape, use derogatory terms and talk about killing gay peeps. https://twitter.com/lilcuteybunny/status/630200717957967876",gender,other_cyberbullying,LGBTQ+ individuals,harmful,high,The tweet expresses strong disapproval and outrage towards derogatory language and hate speech targeting the LGBTQ+ community.,True
434,RT @pulpark: Possible Solutions to the Problem of the Public's General Lack of Knowledge About Islam http://t.co/t6C5Ur1Swe #Mo #tcot #sioa…,not_cyberbullying,not_cyberbullying,none,neutral,none,"The tweet shares a link to an article about Islam, without any insulting or harmful language.",True
435,“not all muslims are from islam you idiot” i love her i rlly do,religion,other_cyberbullying,none,harmful,low,"The tweet contains a derogatory term and insult, but it is not specifically targeting a protected trait such as religion, age, gender, or ethnicity; rather, it is a general insult.",True
436,My schools bully shat himself,age,other_cyberbullying,none,harmful,low,"The tweet contains a derogatory statement about a person's behavior, but does not target a protected trait.",True
437,It was such a pleasure to catch up with my mentor and former boss Colin Fassnidge. #MKR #4InHand #Fourfourteen... http://t.co/ckSSefyifz,not_cyberbullying,not_cyberbullying,none,neutral,none,The tweet is a positive and friendly message about catching up with a former boss and mentor.,True
438,"@ThelmaSleaze there's also another WoC in that video. i really don't think you watched it. faux outrage is in, though.",other_cyberbullying,other_cyberbullying,women of color,harmful,medium,The tweet is bullying a woman of color by implying she's faking outrage and questioning her attention to the issue.,True
439,Every single one is a girl that would have bullied me in high school.,age,other_cyberbullying,none,harmful,medium,"The tweet implies that the speaker was bullied by girls in high school and now bullies them back, targeting their past behavior rather than a protected trait.",True
440,@terryocarroll but i've seen tank girl. :P,other_cyberbullying,not_cyberbullying,none,neutral,none,"The tweet is a lighthearted and playful response to someone else's comment, without any intent to harm or insult.",True
441,Muslims fighting for a Christian woman’s right just showcases their values and nothing more. Your comments represents your religious sentiments...,religion,other_cyberbullying,Muslims,harmful,medium,"The tweet implies that Muslims are hypocritical and their actions are driven by their religious sentiments, which is a form of criticism and attack.",True
442,My old primary school bully liked my TikTok How ya doing,age,not_cyberbullying,none,neutral,none,"The tweet is a neutral, friendly comment about a past acquaintance, without any bullying or harassment.",True
443,"@PsychBarakat @PhilipMills8 @jncatron No, it's anti semitism.  This Palestinian leader clearly tells you that it is a religious war by....",religion,ethnicity,Jews,harmful,medium,"The tweet references anti-Semitism and a Palestinian leader, implying a harmful intent towards Jews.",True
444,Schilling can’t resist hitting Twitter to defend a Congressman’s right to call one of his female peers a “fucking bitch.” Strange thing to feel the need to defend. How’s your video game company going Curt?,gender,gender,women,harmful,medium,"The tweet references a derogatory term for women and expresses support for a Congressman's use of it, indicating a harmful intent towards women.",True
445,"@MaDaSaHaTtEr_17 @buttercupashby Another lie about the ""few bad seed"" All the polls show Muslim extremism. http://t.co/XIHmeTALon",religion,ethnicity,Muslims,harmful,medium,"The tweet targets Muslims with a negative stereotype, implying they are prone to extremism.",True
446,#MileyCyrus Miley Cyrus Shocks With Insensitive 'Date Rape Joke' And 'Gay Comments' [WATCH VIDEO] http://ift.tt/1l1jjlf,gender,other_cyberbullying,Miley Cyrus,harmful,high,"The tweet is criticizing Miley Cyrus for making insensitive comments, implying harm to her reputation and career.",True
447,"Luca it honestly feels like hell during the time but everything passes. School is over before you know it. Play the game of school politics, once you leave you never have to see your bullies again. Find strength in your strengths and hobbies and the ppl who love you. Xxxxx",age,not_cyberbullying,none,neutral,none,"The tweet offers words of encouragement and advice to Luca, without any insulting or harmful language.",True
448,"If white people suddenly want to call Blacks ""Negroes"" at this moment in history, it can only be an example of color aroused antagonism. I'd gladly be called a ""Negro"" IF whites would acknowledge that Negroes are not from a distinct ""race"" or subspecies from whites and others.",ethnicity,ethnicity,Blacks,harmful,medium,"The tweet uses a potentially derogatory term and implies that whites' use of it is motivated by antagonism, but the author also expresses a desire to be called the term if it's used in a specific context.",True
449,christian girls posting “be kind” on their stories are the ones who bullied me in high school,age,other_cyberbullying,Christian girls,harmful,medium,"The tweet accuses a specific group of bullying the author in the past, with a medium level of intensity and a harmful intent.",True
450,Yeah same. U people can't tolerate india growth and hate india. But ur islamic terrorism don't have any rights to speak about India? First stop supporting terrorism. Pakistan is islamic terrorism big threat to world,religion,ethnicity,Pakistanis,harmful,high,"The tweet targets Pakistanis with derogatory language, accusing them of supporting terrorism and posing a threat to the world.",True
451,"@BigOleFiggletin I can remember when My Muslim brother 'Khabib' embarrassed mcgregor in front of thousands of people, what is your achievement, who are you, I know you are a liar and a loser with pathetic mentality and a fat idiot.",religion,ethnicity,Muslims,harmful,high,"The tweet contains a derogatory comment targeting a Muslim individual, Khabib, and uses ethnic slurs and insults.",True
452,Why your brother from Bangladesh and mynamar come to India.They are the worst poorest on Earth.Why do you want to go to Europe because muslims made their own country hell by terrorism. You idiot don't know about hindi it is from Sanskrit the oldest of all languages.,religion,ethnicity,people from Bangladesh and Myanmar,harmful,high,"The tweet contains racist and xenophobic language, targeting people from specific ethnic backgrounds and making derogatory comments about their countries and religion.",True
453,Girls who graffiti bar bathroom stalls were bullied in high school. Sorry I don’t make the rules.,age,other_cyberbullying,girls,harmful,low,"The tweet implies that girls who engage in graffiti are being targeted and bullied, with the speaker seemingly taking a neutral stance but implying a negative judgment.",True
454,"I specifically noted this issue is bigger than Mark Kern throwing out his nerd cred and saying his opinion is more important because of it. This is the same guy who bashed on a female celebrity because he was bullied IN HIGH SCHOOL by girls, and as such he says they aren't gamers",age,other_cyberbullying,Mark Kern,harmful,high,"The tweet attacks Mark Kern's credibility and past behavior, implying he is hypocritical and has a history of bullying.",True
455,Anti-feminist YouTuber doubles down on vile Jess Phillips rape joke while leaping to the defence of a gay men’s rights activist,gender,gender,women,harmful,high,"The tweet targets Jess Phillips, a woman, and uses derogatory language to describe her, indicating a harmful intent towards women.",True
456,"@BieberNiggas ok, thanks. it's just i was bullied for being skinny, and forced myself to drink gross weight-gain shakes 5 times a day!",other_cyberbullying,other_cyberbullying,people who are skinny,harmful,high,"The tweet shares a personal experience of being bullied for being skinny, which is a form of harassment/bullying that is not specifically about religion, age, gender, or ethnicity.",True
457,@dazzacamilo shares Australia PM announces new counterterror measures: Tony Abbott says st... http://t.co/1DMZ7nxqa3 by @AJEnglish #arab,other_cyberbullying,other_cyberbullying,none,neutral,none,The tweet is a news share with no apparent intent to harm or insult any group.,True
458,RT @J_Cassinelli In 1814 women had no rights. In 1914 women fought for rights. In 2014 women were always right. It's a new year. #notsexist,gender,not_cyberbullying,none,neutral,none,"The tweet is a neutral, historical commentary on women's rights, with no intent to harm or insult any group.",True
459,@alphadogg__ E depois você sofreria bullying facilmente também... Põe alphadog :),not_cyberbullying,other_cyberbullying,none,harmful,low,"The tweet contains a sarcastic comment implying that the person is weak and would easily suffer bullying, but it does not target a specific protected trait.",True
460,"muslim people embarrass me. you idiots use this “what about the middle east” buIIshit everytime blm is bought up, as if somalia was not one of the hardest hit countries due to bombing. don’t use the struggles of middle eastern people to hid the fact that you are RACIST.",religion,other_cyberbullying,Muslims,harmful,high,"The tweet uses derogatory language and insults to attack Muslims, accusing them of being racist and hiding behind the struggles of Middle Eastern people.",True
461,Why do people think that being Muslim is a race? Lmaoo you guys are idiots,religion,other_cyberbullying,none,harmful,high,"The tweet contains a derogatory term and mocking language, indicating a high level of harm, but it is not specifically targeting a protected trait such as religion, age, gender, or ethnicity.",True
462,"Honestly really happy that I still enjoy the Mighty Boosh as much if not more than I did as a teenager. It's good when things hold up. Shame about the blackface though. And the gay jokes. And the trans jokes. And the rape jokes. And them using the word ""retard"". Ahhh, the 2000s.",gender,other_cyberbullying,none,harmful,high,"The tweet criticizes the Mighty Boosh for its outdated and offensive content, but does not target a specific group or individual.",True
463,@azharyogaswara mana arsenal lo ry? Cuman jadi bahan bully an wkakaka,not_cyberbullying,other_cyberbullying,none,harmful,low,"The tweet contains a derogatory and mocking tone, implying that the person is being bullied, but it does not target a specific protected trait.",True
464,"@tbtrill ..costumes (dumb as fuck), held a rally, then someone passing by said nigger and everyone lost their minds.",ethnicity,ethnicity,African Americans,harmful,high,"The tweet contains a racial slur, indicating a high level of harmful intent towards African Americans.",True
465,Sending someone to jail for stealing tylenol is pretty ridiculous.,not_cyberbullying,not_cyberbullying,none,neutral,none,The tweet expresses a neutral opinion about a specific situation without targeting any protected trait or group.,True
466,that meme about mean girls in school becoming nurses is 100% true because this girl who bullied me and hated me from elementary school-high school is a nurse at my aunts care facility now.,age,other_cyberbullying,former school bully,harmful,medium,"The tweet targets a specific individual who bullied the author in the past, with a tone of resentment and anger.",True
467,@LyndseyBoo wow!! Leave lyndsey phone alone!!! #bully's! #pervs,other_cyberbullying,other_cyberbullying,none,harmful,high,"The tweet contains derogatory language and threats, but does not target a specific protected trait or group.",True
468,RT @ChristineLockw2: Twitter makes me laugh....Better than the series ;)))))) Very funny 👏👏👏👏👏  #MKR,not_cyberbullying,not_cyberbullying,none,neutral,none,"The tweet is a positive and lighthearted comment about a TV series, with no indication of harm or bullying towards any group.",True
469,@IAmThe1Teacher Tell it to the Islamofascists.,religion,ethnicity,Muslims,harmful,high,"The tweet uses a derogatory term to insult and demean Muslims, indicating a high level of harmful intent.",True
470,MRN. http://t.co/R9Sv0ogFQn,not_cyberbullying,other_cyberbullying,none,harmful,low,"The tweet contains a derogatory term, but the target group is unclear and the intent is to insult rather than specifically target a protected trait.",True
471,"Oh, no. Please don't sue me. I'm shaking in my bright pink UA sneakers. https://t.co/zn5tktwG7P",not_cyberbullying,other_cyberbullying,none,harmful,low,"The tweet contains a sarcastic and mocking tone, implying the recipient is being threatened or intimidated, but the language is not specifically targeting a protected trait.",True
472,"RT @gabronies I'm not sexist, but I cannot picture Thor being anything else then the character HE is now.",gender,gender,men,harmful,low,"The tweet implies that Thor should be male, perpetuating a gender stereotype.",True
473,YOU NIGGER IT WASNT INDISPUTABLE DUMB FUCK I SHOULD BST A NUT ON YOUR WIFEY AND KIDS NOW LOL RT @MikeHillESPN: ARE YOU SERIOUS????,ethnicity,ethnicity,African Americans,harmful,high,"The tweet contains a racial slur and a threat, indicating a high level of harm and hostility towards African Americans.",True
474,"Some people find that stuff funny, even if its not comedy and who can tell them not to like it? Rape jokes, gay jokes, and jokes about poc are great when done right. Its not haha rape is funny. For dark humour to work, you have to be aware that these types of things are bad",gender,other_cyberbullying,"victims of rape, LGBTQ+ individuals, people of color",harmful,medium,"The tweet contains jokes about sensitive topics, including rape, LGBTQ+ individuals, and people of color, which can be hurtful and perpetuate harm, but also acknowledges that these topics are bad, indicating a nuanced and complex tone.",True
475,"Yall wanna know how deep racism is in this country? I know a black nurse that works with Alzheimer’s patients, and they forget EVERYTHING. I’m talking names, dates, their own family...but you know what they nevrt forget? Using nigger or colored girl when talking to her...smh",ethnicity,ethnicity,black people,harmful,high,"The tweet contains a racial slur and describes a scenario where the speaker's black colleague is repeatedly targeted with racist language, indicating a high level of harmful intent.",True
476,"@tayyoung_: FUCK OBAMA, dumb ass nigger Ha you mad..... OH OKAY LOL",ethnicity,ethnicity,African Americans,harmful,high,The tweet uses a racial slur to insult and demean a group of people based on their ethnicity.,True
477,he is our generations donald glover except gay and did not spend his early 20s making rape jokes and is socially aware and makes an effort to not offend with his jokes,gender,other_cyberbullying,Donald Glover,harmful,low,"The tweet makes a comparison that implies Donald Glover has made an effort to avoid offending, implying that others have not.",True
478,If a Man RAPE Another Man: GAY.. . . . . . . . If a Man RAPE 11 Men: #GAYLE #joke,gender,other_cyberbullying,none,harmful,high,"The tweet contains derogatory language and a joke about rape, targeting no specific protected group but promoting a harmful and insensitive attitude.",True
479,"Sir Stone pelting Allah hu akbar krte hue, Saare terrorists grp like jaish e mohammad means army of mohammad lashkar, Isis flag says la illaha illallah and shit. These Maulvis asking to violate lockdown are doing that on the name of quran and Allah. why to cover all these facts?",religion,other_cyberbullying,Maulvis,harmful,high,"The tweet uses derogatory language and insults to criticize Maulvis, a group of Islamic scholars, for violating lockdown rules, with no specific protected trait being targeted.",True
480,the gay superhero shit and the rape hero had me weak. Like how nigga even come up with these jokes,gender,other_cyberbullying,none,harmful,high,"The tweet expresses strong disapproval and disgust towards the content of the jokes, using derogatory language, but does not target a specific protected trait or group.",True
481,@radarecho Ain't that the truth....Have fun!!!,not_cyberbullying,not_cyberbullying,none,neutral,none,The tweet is a neutral and lighthearted response with no apparent intent to harm or bully.,True
482,"Kat and Andre, I really hope you are eliminated next  #mkr #feistyfoodies #badsports",not_cyberbullying,other_cyberbullying,none,harmful,low,"The tweet expresses a negative sentiment and wishes harm (elimination) on the individuals, but it is not based on a protected trait.",True
483,RT @AlejandroDaGr8: Amazing how a deadly criminal mastermind assassin who can escape from cuffs in seconds got caught by two Paul Blarts.,other_cyberbullying,other_cyberbullying,none,harmful,low,"The tweet mocks a person's perceived incompetence, but does not target a protected trait.",True
484,"@all the girls who bullied me in high school, what’s up with it now",age,other_cyberbullying,none,harmful,low,"The tweet is a general accusation of past bullying, but does not target a specific protected trait or group.",True
485,#MileyCyrus Miley Cyrus makes date rape joke onstage at GAY http://ift.tt/1skdYZ0,gender,other_cyberbullying,Miley Cyrus,harmful,high,"The tweet is criticizing Miley Cyrus for making a date rape joke, which is a form of harassment or bullying, but not specifically targeting a protected trait.",True
486,@MorseLyA hehe. That was actually super helpful! I'm saving for later so I can review and think about it.,other_cyberbullying,not_cyberbullying,none,neutral,none,"The tweet is a positive and appreciative response to someone's content, with no indication of harm or bullying.",True
487,"Fuck you, fuck you very very mu~ch, Lily Allen. Your latest video is racist and awful and does nothing to promote ""feminism."" Christ.",not_cyberbullying,other_cyberbullying,Lily Allen,harmful,high,"The tweet contains strong profanity and insults directed at Lily Allen, criticizing her video and implying she is not a good representative of feminism, but does not target a protected trait such as religion, age, gender, or ethnicity.",True
488,CONADET: Disco praise,not_cyberbullying,not_cyberbullying,none,neutral,none,"The tweet appears to be a neutral, celebratory message referencing a sports organization, CONADET, without any harmful intent or language.",True
489,"@_Hermit_Thrush_ hey herm don't retweet me amidst a bunch of people making gay jokes and rape threats, thanks",gender,gender,LGBTQ+ individuals,harmful,high,"The tweet references 'gay jokes and rape threats', indicating a hostile and threatening environment for LGBTQ+ individuals.",True
490,"Well lol, I'm not THAT old. So it was already a well established fact at that point...if anything, it's very much been eroded as a right in the past 10-15 years or so. So I had no memory of it not being available. But I knew that a lot of older Black folks were actually opposed.",ethnicity,other_cyberbullying,none,neutral,none,"The tweet contains a neutral discussion about age and a specific racial group, but it does not contain any bullying or harassing language.",True
491,"And you guys are the wannabe in the world school who can able to get famous no matter how hard he try, so they start licking balls of the famous/bully kids to get some attention #india_suck_balls",age,other_cyberbullying,none,harmful,high,"The tweet contains general insults and derogatory language towards a group of people, but does not specifically target a protected trait such as religion, age, gender, or ethnicity.",True
492,@Clashoftherats Liar. Those Hadith come from the USC Muslim student association Hadith web site. And here is more. http://t.co/v9w4T4izgk,religion,other_cyberbullying,none,harmful,medium,"The tweet is cyberbullying because it accuses someone of lying, which is a form of harassment, and does so in a medium-intensity manner.",True
493,"#mkr Was out shopping so I just caught up on the Ep. Does anyone think ""bobble head"" when they see Lloyd? Kat- still a cunt,still can't cook",gender,gender,women,harmful,high,"The tweet contains a derogatory term ('cunt') directed at a female individual, Kat.",True
494,"Whenever you joke about the gay community, pitbulls, domestic violence, rape culture, and/or racism, I will call you out. Deal with it.",gender,other_cyberbullying,none,harmful,high,"The tweet is a warning to individuals who make jokes about sensitive topics, implying they will be publicly called out, which is a form of online confrontation and harassment.",True
495,He puts a statement and people in the comments section are debating if he meant muslims or kashmiri pandits. He meant both you idiots and therein lies the problem.,religion,other_cyberbullying,none,harmful,high,"The tweet contains aggressive language and insults ('you idiots') directed at people engaging in a discussion, but not targeting a specific protected trait.",True
496,I was legit screaming my lungs out!!!!  Fuck I HATE THIS!! ð­ https://t.co/mjhdnrMOHX,other_cyberbullying,not_cyberbullying,none,neutral,none,The tweet expresses frustration and anger but does not contain any language or tone that targets a specific group or individual.,True
497,Or the support radical Christians give to Saudi Arabia. And the weapons we sell them to murder Muslims. Or the tens of thousands of civilians killed by the failed war in Afghanistan.,religion,other_cyberbullying,"radical Christians, Saudi Arabia, Muslims, civilians",harmful,high,"The tweet criticizes and condemns the actions of radical Christians, Saudi Arabia, and the US for their involvement in wars and human rights abuses, using strong language.",True
498,"@ummsuhaym @logicalmind11 This would be another good example of terrorism.  Control through fear, violence, brutality http://t.co/9yklLhS1G6",religion,other_cyberbullying,none,harmful,high,"The tweet accuses a person of terrorism, implying violent and harmful behavior, without specifically targeting a protected trait.",True
499,RT @RenoLace: Holy fuck the Hardy Boys!!!! #WrestleMania,other_cyberbullying,not_cyberbullying,none,neutral,none,"The tweet is a neutral expression of surprise or frustration, referencing a wrestling event and does not target any protected trait or group.",True
500,he got his start with rape jokes and using gay slurs a lot so hes always been trash,gender,gender,LGBTQ+ individuals,harmful,high,"The tweet uses a gay slur and implies that the person's past behavior was 'trash', indicating a high level of harm and hostility towards LGBTQ+ individuals.",True
501,I don't give a damn about pride month or gay slang because my sexuality doesn't define my interests or the way I speak Also you think I owe anything to some random black trans woman on the street because she happens to share the skin color/gender identity as past activists? No.,ethnicity,other_cyberbullying,LGBTQ+ individuals and black trans women,harmful,high,"The tweet expresses disdain and dismissiveness towards LGBTQ+ individuals and black trans women, using a condescending tone and implying that they are not worthy of respect or consideration.",True
502,"rape is not a joke, neither is suicide, gay is not an insult, and the ""R word"" should not be used under any circumstance. got it? good.",gender,other_cyberbullying,none,harmful,high,"The tweet is addressing general issues of respect and sensitivity, but its tone is stern and warning, implying that the reader is likely to be ignorant or insensitive.",True
503,Being called racial slurs is better than having your stuff stolen and vandalized all the time and being knocked around and hit and tripped constantly. The school would even fine my parents for “lost” textbooks even though said books were stolen or destroyed by bullies.,age,other_cyberbullying,none,harmful,high,"The tweet describes a pattern of physical and material harm inflicted by bullies, but does not target a specific protected trait or group.",True
504,@Salon @TheMuslimGuy Objecting to this is what the PC morons of Salon call racism. http://t.co/pEPfxlLKfu,religion,other_cyberbullying,none,harmful,high,"The tweet uses derogatory language to insult Salon's readers who object to a particular viewpoint, implying they are close-minded and ignorant.",True
505,I got to be more active on twitter in fact I'm going to be more active,not_cyberbullying,not_cyberbullying,none,neutral,none,"The tweet is a neutral statement about the user's intention to be more active on Twitter, with no targeted group or harmful intent.",True
506,"RT @guiltyx: ""@JillPantozzi: Please report this: https://t.co/IZmfm1cqQc"" Abuse of @Twitter API and privacy hack, @support @freebsdgirl @Th…",not_cyberbullying,other_cyberbullying,none,harmful,medium,"The tweet reports abuse and a privacy hack, indicating a harmful intent to expose or harm the Twitter user's account.",True
507,".@ArchSuriel ""I hope nobody notices my rape joke and gay joke that I made in the past week before I change my avatar to the red equal sign""",gender,other_cyberbullying,none,harmful,high,"The tweet contains explicit and derogatory language, including a rape joke and a gay joke, indicating a high level of harmful intent, but it does not target a specific protected trait or group.",True
508,@BRIGHTPRIMATE @ChrisWarcraft give it time.❤️,other_cyberbullying,not_cyberbullying,none,neutral,none,"The tweet is a neutral, friendly response with no apparent intent to harm or bully.",True
509,"Gay, Transgender, and he had quite a few rape jokes some I'm gonna assume a lot of women",gender,gender,women,harmful,medium,"The tweet contains a derogatory assumption about women and references rape jokes, indicating a harmful intent towards the gender group.",True
510,Her attitude is a common one these days - that anything other than total deference to black political preferences is racism. A reasonable person could look at the hash made by Democrat run cities in the past few months and decide life might not be better with them in power.,ethnicity,other_cyberbullying,Democrats,harmful,medium,"The tweet attacks Democrats and implies they are responsible for the problems in cities they run, using a tone that is critical and judgmental.",True
511,@AdoreZoey: How u gone bring ur side bitch to a game where You know Ya gf friends at ?! 😩😩😩😩 I SWEAR!!!!!,gender,other_cyberbullying,none,harmful,high,"The tweet contains aggressive language and insults, targeting a person's personal relationships and behavior, but does not specifically reference a protected trait.",True
512,@TheDanaAddams http://t.co/gcOZosqtCJ,other_cyberbullying,not_cyberbullying,none,neutral,none,The tweet appears to be a simple URL share with no apparent intent to harm or harass.,True
513,@RacistAfricans fuck up. You opinion is voided after your insensitive word choice. Dumb ass group. Nigger=ancient Egyptian for king.,ethnicity,ethnicity,Africans,harmful,high,"The tweet uses a racial slur and insults a group based on their ethnicity, with a high level of intensity and harmful intent.",True
514,@PolitiBunny @crash_matrix @dsmyxe @AaronWorthing nope. didn't have you blocked. but thanks for letting me know that i should. :),other_cyberbullying,not_cyberbullying,none,neutral,none,"The tweet is a response to a suggestion to block users, with a neutral tone and no apparent harm or insult.",True
515,I forgot my snap story wasn't private and one of my high school bullies just watched the entire thing. Ma'am are you fucking lost ?,age,other_cyberbullying,none,harmful,high,"The tweet contains a derogatory and insulting tone towards an unspecified person, likely a woman, with no reference to a protected trait.",True
516,Dalits and Muslims own some of the stores there..you idiot. Kaise kaise gadhe paal rakhe hai humne!!,religion,ethnicity,Dalits and Muslims,harmful,high,"The tweet contains derogatory language and insults targeting the Dalit and Muslim communities, indicating a high level of harmful intent.",True
517,There's always that one idiot in the class! STFU ðð,other_cyberbullying,other_cyberbullying,none,harmful,high,"The tweet uses aggressive language to insult a person's intelligence, but does not target a specific protected trait.",True
518,"okay so for context, lisa is a friend of mine who sorta gets bullied by some other girls cuz ""ShE's KoREaN"", ""xi jingpin xDDdDDDDDd"" and ""hAahahahaHaa weeb lolololl why is ur voice so high lmaooooooooo"", like bruh ur 17 or 16 the fuck is wrong w u",age,other_cyberbullying,"Lisa and her friends (Koreans and possibly Chinese, implied by 'weeb' and 'xi jingpin')",harmful,high,"The tweet contains multiple insults and mocking comments targeting Lisa's perceived ethnicity and age, as well as her voice, with no redeeming or neutral content.",True
519,[110830/TRANS] Strong Heart - Donghae Being Bullied - vampiremochi: Awwww… Teukie hyung~~~ poor nano ~~~... http://t.co/JIAjHWj,not_cyberbullying,not_cyberbullying,none,neutral,none,"The tweet is expressing sympathy and affection towards a celebrity, with no intent to harm or insult any group.",True
520,@Marcus_Hokage @MasterrOfPuppet Astolfo Hitler?! Essa criança vai sofrer Bullying!!!!!,not_cyberbullying,other_cyberbullying,none,harmful,high,"The tweet is bullying because it threatens that a child will suffer bullying, implying harm, but it does not target a protected trait.",True
521,"Idiot , the case has been seen by journalists. Your Pakistani sponsored terrorists have killed him. What tortures are done to Baluch Muslims by Pakistani Muslims?Chi chi Shame on you. I think you are not a genuine Muslim. Allah wants peace not terrorism.Tell your terror baps.",religion,ethnicity,Pakistani Muslims,harmful,high,"The tweet contains racist and ethnic slurs targeting Pakistani Muslims, and makes accusations of terrorism and violence.",True
522,"Not all hindus voted them,or at least not because they will do this to muslims...and secondly calling an entire nation immoral,evil and inhumane..wow..just the same way of calling pak a terrorist nation..there are idiots on both sides of the border..i am sure you are not kashmiri",religion,other_cyberbullying,none,harmful,high,"The tweet contains insults and derogatory language towards a nation and its people, but does not target a specific protected trait such as religion, age, gender, or ethnicity.",True
523,wait the girl that bullied me in high school has a boyfriend and i don’t... it’s a cruel world people !!!!,age,other_cyberbullying,none,harmful,low,"The tweet expresses frustration and resentment towards a past bullying experience, but does not target a specific protected trait or group.",True
524,@harmlesstree2 @MaxBlumenthal Not only them. Mohammed ejected the other 2 Jewish tribes from Medina and later slaughtered them at Khybar.,religion,ethnicity,Muslims,harmful,high,"The tweet contains a derogatory reference to a historical event involving Muslims, with the intent to harm or insult the group.",True
525,"@Gabe_Fox oh, no worries!",other_cyberbullying,not_cyberbullying,none,neutral,none,"The tweet is a neutral, friendly response to someone's concern.",True
526,"@tayyoung_: FUCK OBAMA, dumb ass nigger you made bro",ethnicity,ethnicity,African Americans,harmful,high,"The tweet uses a racial slur to insult and demean President Obama, a member of the African American community.",True
527,Nope biggest mistake ever . 4 year college degree mandatory . Brute force bullies with low IQ will get us nowhere . If they are vets that's a plus but bachelors degree a must. Why should we be policed by pre college drop outs high school bullies ?,age,other_cyberbullying,people with lower education,harmful,high,"The tweet insults and belittles individuals with lower education, implying they are unintelligent and incapable of contributing to society.",True
528,"sharing #suaju After Nancy Binay Skin Colour Puns, Gay Filipino Comedian's Rape Joke Incurs .. #comedian #comedy http://dld.bz/cAr7x",gender,other_cyberbullying,Nancy Binay and Gay Filipino Comedians,harmful,high,"The tweet contains derogatory language and references to a public figure and a group of people, with the intent to cause harm and ridicule.",True
529,"The original issue was the damn people in the video coughing like idiots, but everyone chose to focus on me requesting to not be lumped in with those morons. I would never lump “all muslims” in with osama bin laden...its the same damn thing and you’re not seeing that.",religion,other_cyberbullying,none,harmful,high,"The tweet contains derogatory language and insults towards a group of people in a video, but the target is not a specific protected trait, rather a general behavior.",True
530,- Fuck #ColumbusDay. Lyin dirty low down no good thief. You ah dumb nigger if you celebrate.,ethnicity,ethnicity,African Americans,harmful,high,"The tweet uses a racial slur to insult and demean a group of people celebrating Columbus Day, indicating a high level of harmful intent.",True
531,"I don't get homophobic Christians voting for Duterte. They be like, ""Boo gay people! Yey misogynistic killer who jokes about rape!"" dafuq",gender,other_cyberbullying,homophobic Christians,harmful,high,"The tweet targets a specific group for their perceived hypocrisy and contradictory views on LGBTQ+ issues and misogyny, using strong language and sarcasm.",True
532,"#IAmAFeminist because people still use the words gay, girly, feminine, etc as insults and still use rape as a joke",gender,gender,women,harmful,high,"The tweet highlights the derogatory use of words targeting women and the LGBTQ+ community, indicating a strong intent to criticize and raise awareness about gender-based harassment.",True
533,"@solri i lived in a weird place, though - village in the middle of nowhere, ~25 ppl population. not avg US experience.",other_cyberbullying,not_cyberbullying,none,neutral,none,"The tweet is a neutral, descriptive statement about the author's past experience, without any harmful intent or language.",True
534,It was upsetting to see acted out what I'm willing to bet is the fantasy of *many* GamerGaters. Putting a loud feminist in her place.,other_cyberbullying,gender,feminists,harmful,medium,"The tweet targets feminists with a derogatory implication, suggesting they should be 'put in their place'.",True
535,"Colin, are you having a lend? 7 for main and dessert? Little skill was demonstrated throughout. #MKR",not_cyberbullying,other_cyberbullying,none,harmful,medium,"The tweet contains a critical and mocking comment about Colin's cooking skills, but does not target a protected trait.",True
536,@kaepsinging lmAO we called her out on her gay/rape jokes n she was a giant baby about it and got her followers on us,gender,gender,LGBTQ+ individuals,harmful,high,"The tweet contains derogatory language targeting LGBTQ+ individuals and implies they are overreacting, which is a form of harassment.",True
537,"I'll take a happily married gay man over a sexist, thrice married, philandering, straight man accused of sexual assault and rape any day.",gender,gender,men,harmful,high,The tweet targets men with sexist language and implies they are more likely to be philandering and accused of sexual assault and rape.,True
538,''Good for nothing bum'' - School Prefect from Bully,age,other_cyberbullying,none,harmful,high,"The tweet contains a derogatory and insulting term, indicating a high level of harmful intent towards an individual, but it does not target a protected trait such as religion, age, gender, or ethnicity.",True
539,Kerstin is being a food bully.,other_cyberbullying,other_cyberbullying,none,harmful,low,"The tweet accuses Kerstin of being a 'food bully', implying she is engaging in hurtful behavior, but does not target a protected trait.",True
540,@ANN_Lynzee *exactly*,other_cyberbullying,other_cyberbullying,none,harmful,low,"The tweet is a response to another user, implying mockery or ridicule, but does not target a specific protected trait.",True
541,"Your school girl crush on the arrogant bully Cuomo is cute but, it’s clouding your vision. It was his call to send them to the nursing homes. Sorry",age,other_cyberbullying,none,harmful,medium,"The tweet is bullying Cuomo for his actions, using a sarcastic tone and making a personal attack, but it does not target a protected trait such as religion, age, gender, or ethnicity.",True
542,FUCK NIGGERS.! dumb ass faggot ass pussies.! that's why I only friend a couple of them and not the hopeless hood rat ass fakes.!,ethnicity,ethnicity,African Americans,harmful,high,"The tweet contains racist slurs and language targeting African Americans, indicating a high level of harmful intent.",True
543,Cool. Cool. Great that AIPAC are supportive of the radical right Christians who support Israel just because they believe it will hasten End Times. #putz,religion,other_cyberbullying,radical right Christians,harmful,high,The tweet uses derogatory language to express disdain for a specific group's beliefs and motivations.,True
544,@annie_fd_xxx oh no need for bullying bbz! Okay hang on x,not_cyberbullying,not_cyberbullying,none,neutral,none,"The tweet is a response to a situation, expressing concern and asking the person to wait, without any abusive language or intent.",True
545,"Most humans are complete idiots. In this instance, do I condone their behaviour - ABSOLUTELY NOT. But why are they *muslim* idiots. Not just actual idiots. Also, feel free to name who you mean and not just say specific communities. It's just the one community.",religion,other_cyberbullying,Muslims,harmful,high,"The tweet uses derogatory language to insult a specific community, Muslims, and expresses strong disapproval of their behavior.",True
546,#MKR REALLY WISH KAT WOULD JUST GO TO SUDDEN DEATH FULL STOP.,gender,other_cyberbullying,none,harmful,high,"The tweet expresses a strong desire for a person to leave a situation, using aggressive language, but does not target a protected trait.",True
547,"True Islam is what the Muslims of Pakistan and ISIS are doing, The Quran only orders the killing of Kafirs, Even in India, Shaheen Bagh has become a hub of terrorist activities, #ShaheenBagh #शाहीनबाग़",religion,ethnicity,Muslims,harmful,high,"The tweet targets Muslims and makes a generalization that they are involved in terrorist activities, using derogatory terms like 'Kafirs'.",True
548,"@Xanthe_Cat nice to know I made him mad, then 😜",not_cyberbullying,not_cyberbullying,none,neutral,none,"The tweet is a neutral, lighthearted comment with no apparent intent to harm or harass.",True
549,https://t.co/6MnvsJQvsC,other_cyberbullying,other_cyberbullying,none,harmful,high,"The tweet contains a link to a potentially harassing or abusive content, indicating a high level of harmful intent.",True
550,"Locking down my personal account some more. If you were following me before but you're not anymore, sorry. :\",other_cyberbullying,not_cyberbullying,none,neutral,none,The tweet is a neutral statement about account settings and does not contain any bullying or harassment.,True
551,Fuck Nieq and Braie. Them some dumb niggers,ethnicity,ethnicity,African Americans,harmful,high,"The tweet contains a racial slur, indicating a high level of harmful intent towards African Americans.",True
552,"All I know is before the war in Afghanistan, The Muslims were very liberal and there wasn't fanatical idiots around, they were imprisoned, all of a sudden the West West needed them to fight the Russians, next thing you know everyone was teaching fanatical culture",religion,ethnicity,Muslims,harmful,high,"The tweet uses derogatory language to describe Muslims, implying they were not fanatical before being influenced by the West, and now they are.",True
553,"RT""@tayyoung_: FUCK OBAMA, dumb ass nigger"" lmao shut yo ass up and go get some nigger dick lmao",ethnicity,ethnicity,African Americans,harmful,high,"The tweet contains racist slurs and language targeting African Americans, indicating a high level of harmful intent.",True
554,"RT @tayyoung_: FUCK OBAMA, dumb ass nigger http://bit.ly/M71NtB @youtube",ethnicity,ethnicity,African Americans,harmful,high,"The tweet contains a racial slur targeting African Americans, indicating a high level of harmful intent.",True
555,#MileyCyrus Miley Cyrus causes controversy with date-rape 'joke' at GAY club gig in London http://ift.tt/1jlu9Qd,gender,other_cyberbullying,Miley Cyrus,harmful,high,"The tweet is a negative and accusatory statement about Miley Cyrus's behavior, with the intent to harm her reputation.",True
556,@Religiolizer The problem is that the cathedral doesn't understand that he prophet Mohammed declared war on all humanity 1400 years ago.,religion,religion,Muslims,harmful,high,"The tweet makes a derogatory statement about the Prophet Mohammed and Islam, indicating a harmful intent towards Muslims.",True
557,I Been rocking w you since ur first irl vs fredo and the way u went from one of the most hated TO THE MOST LOVED IN THE COMMUNITY. I’m proud of u bro frfr,ethnicity,not_cyberbullying,none,neutral,none,"The tweet is a congratulatory message expressing admiration and pride towards the recipient, with no negative or harmful intent.",True
558,The BLM at it again.They don’t understand history.Frederick Douglass was a spokesman for the Black People.They are just ripping and tearing at anything that represents the past.,ethnicity,other_cyberbullying,BLM (Black Lives Matter movement),harmful,medium,"The tweet is criticizing and insulting the BLM movement, implying they are misinformed and destructive, without targeting a specific protected trait.",True
559,Rape jokes Students asking for props for their Columbine outfits Gay men asking for 50's housewife jewelry #SpiritHalloween I love my job,gender,other_cyberbullying,none,harmful,high,"The tweet contains references to sensitive and disturbing topics, including rape jokes and the Columbine massacre, with a tone that is likely intended to be provocative and attention-grabbing.",True
560,If you told me that the girl who bullied me in high school would be in a bar laughing with my boss in front of me in 2019 I would’ve been like nah but here we are,age,other_cyberbullying,none,harmful,medium,"The tweet expresses resentment and anger towards a specific individual who bullied the author in high school, without targeting a protected trait.",True
561,"Yo, windows people. Is there any free app (other than puppet) that will allow me to define apps to install on new PCs?",not_cyberbullying,not_cyberbullying,none,neutral,none,The tweet is a neutral question seeking information and does not contain any bullying or harassing language.,True
562,Sorry y'all. I needed that.,other_cyberbullying,not_cyberbullying,none,neutral,none,The tweet expresses a neutral sentiment and does not target any specific group or individual.,True
563,@harmlesstree2 That's a huge pile of shit. The only reason they would do that is so they could force them to pay Jizya.,not_cyberbullying,ethnicity,Muslims,harmful,high,"The tweet contains a derogatory reference to the Islamic practice of Jizya, implying a negative stereotype about Muslims.",True
564,@sartoni83 I laid the bike down intentionally vs having a worse accident. I was bruised but fine.,not_cyberbullying,not_cyberbullying,none,neutral,none,"The tweet is a neutral, personal account of an incident with no intent to harm or harass anyone.",True
565,I call female friends bitches when they piss me off. And guess what? I call male friends bitches at the same rate. I’m an equal opportunity offender and proud of it!!,gender,gender,women,harmful,high,"The tweet uses derogatory language ('bitches') to refer to female friends, indicating a harmful intent towards women.",True
566,@shehzilk @watan71969 At least Churchill got it right. http://t.co/Bjgk9PdUUO,not_cyberbullying,other_cyberbullying,none,harmful,low,"The tweet is bullying because it mocks a historical figure's statement, implying criticism or ridicule, but does not target a protected trait.",True
567,"Do you not understand Vaush is arguing and making an issue a thing he doesn’t understand. He bullied the girl he debated in a stream days later, he made a comment about “is it bad optics to ban black people” and he unintentionally argues for white supremacy",age,other_cyberbullying,Vaush,harmful,high,"The tweet accuses Vaush of bullying and making racist comments, indicating a harmful intent towards him.",True
568,I Am The Victim Bria ! I Just Be Chillin' Trying Not To Get Bullied Or Hoed. Lol,other_cyberbullying,other_cyberbullying,none,harmful,low,"The tweet implies the author is being bullied or harassed, but does not specify the target group or protected trait.",True
569,@dawlaa_account There was no random bombardment with chemical weapons. The ISIS chemical weapons were blown up.,not_cyberbullying,other_cyberbullying,ISIS supporters or sympathizers,harmful,medium,"The tweet is targeting a specific group with a negative and accusatory statement, implying wrongdoing or guilt.",True
570,It's because the BLM Antifa & other Radical Protesters are immune from the Chinese Virus we all know that by now The only ones that catch the Chinese Virus are Christians Republicans & all other American that don't support the Far Left Marxis agenda,religion,other_cyberbullying,"Christians, Republicans, and other Americans who don't support the Far Left Marxist agenda",harmful,high,"The tweet targets a specific group of people based on their political and social views, using derogatory language and implying they are more susceptible to a disease.",True
571,@sschinke http://t.co/wFqbTK0LGf,other_cyberbullying,not_cyberbullying,none,neutral,none,The tweet appears to be a simple URL share with no apparent intent to harm or harass.,True
572,"@m1sp hey, do you have a good way to consume multiple json dumps into a single corpus? i've been just hacking it together.",not_cyberbullying,not_cyberbullying,none,neutral,none,"The tweet is a neutral, friendly question seeking help with a technical task.",True
573,@initials_games Big news! Wait does kat actually still think she can cook? #mkr,gender,other_cyberbullying,none,harmful,low,"The tweet is mocking someone's perceived cooking skills, but does not target a protected trait.",True
574,Remember when the IDIOT GOVERNOR of Borno got a letter from WAEC telling him to relocate two batch of students from Maiduguri (Muslims) and Chibok (Christians) because of Boko Haram? The IMP relocated the Muslims and you know what happened to the Chibok Girls! Who was blamed?,religion,other_cyberbullying,the Governor of Borno and possibly the people of Maiduguri and Chibok,harmful,high,"The tweet uses derogatory language to insult the Governor of Borno and implies incompetence, with no specific protected trait being targeted.",True
575,"Wait, wait, wait. So white folks can't help being racist? I am asking bc me & mine have been saying that for years - like, we think racism is bred in your genes; kind of like ur yellow hair & strangely colored eyes. If u could shout out an affirmative, we'd surely appreciate it.",ethnicity,other_cyberbullying,white people,harmful,high,"The tweet uses a condescending tone and makes a derogatory comparison to mock and belittle white people, implying they are inherently racist.",True
576,@elfwreck i'm alone at home please explain how am i no letting women open such gates and im judging everone here male/female #Blameonenotall,other_cyberbullying,gender,women,harmful,medium,"The tweet implies that women are responsible for a situation and judges both men and women, containing a sexist tone.",True
577,Y’all didn’t know gay dudes got hands they’ve been fighting school bullies since kids *low-key*,age,other_cyberbullying,gay dudes,harmful,low,"The tweet implies that gay men are capable of fighting, which could be perceived as a negative stereotype, but it's low-key and somewhat neutral in tone.",True
578,“Is that a rape joke or a gay joke? I need to know if it’s okay to laugh”,gender,gender,LGBTQ+ individuals,harmful,high,"The tweet implies that the speaker is unsure if it's acceptable to laugh at a joke that might be about rape or a gay person, suggesting a lack of understanding or respect for LGBTQ+ individuals and potentially perpetuating harmful stereotypes.",True
579,the girls who bullied me in high school are the same girls that can’t read analog clocks,age,other_cyberbullying,bullies,harmful,medium,"The tweet targets the bullies with a derogatory implication about their intelligence, but does not specifically reference a protected trait.",True
580,i was referring to u saying josie words doesn’t sit right with me so i added onto it. im guessing english isn’t ur first language? ‘find something else?’ u just admitted to being an ableist. chile how does it feel to be one? i wanna know.,ethnicity,other_cyberbullying,none,harmful,high,"The tweet contains aggressive language and accusations of ableism, but the target group is not a protected trait such as religion, age, gender, or ethnicity.",True
581,"@sredrow2 you're a bully! Guess I should pass along the ""get well soon"" bear http://yfrog.com/h3meaudj",other_cyberbullying,other_cyberbullying,none,harmful,low,"The tweet accuses the recipient of being a bully, but in a lighthearted and non-specific manner, without targeting a protected trait.",True
582,@KivaBay @tonitonirocca YES I WANT COLORING BOOKS PLEASE PLEASE PLEASE,other_cyberbullying,not_cyberbullying,none,neutral,none,"The tweet is a friendly and enthusiastic request for coloring books, with no bullying or harassment.",True
583,I got this dumb ass fucking nigger in my lab group and he's dumb as fuck,ethnicity,ethnicity,African Americans,harmful,high,"The tweet contains a racial slur and uses derogatory language to insult a person's intelligence, indicating a high level of harm and intensity.",True
584,@V3nomResurge damn nigger where the fuck did you come from did you crawl out of there ass just to talk shit?!? Stfu and mind ur own dumb ass,ethnicity,ethnicity,African Americans,harmful,high,The tweet contains a racial slur and uses derogatory language to insult the target's ethnicity.,True
585,I was played a ton of sports as a child. I even played rep basketball. I was bullied by the girls at high school basketball try-outs and didn’t make the team. So I stopped taking gym classes and playing sports and developed chronic depression I’ve struggled with for twenty years.,age,other_cyberbullying,none,harmful,high,"The tweet describes a past traumatic experience of bullying, but it does not target a specific protected trait or group, and its primary purpose is to express the author's emotional pain and struggle.",True
586,She calls out Pak for terrorism in K. How is that same as whitewashing Islamic terrorism. Anyhow u r free to form your own opinion. Why do I care?,religion,other_cyberbullying,none,harmful,medium,"The tweet contains a confrontational tone and an accusation of hypocrisy, but it does not target a specific protected trait or group.",True
587,"RT @Chippydagod: planking is for dumb niggers, did yall know thats what the master use to do to blak slaves. Black people wake the fuck up!!",ethnicity,ethnicity,Black people,harmful,high,"The tweet contains a racist slur and makes a derogatory comparison between a physical activity and the historical treatment of Black slaves, indicating a high level of harmful intent.",True
588,Not single person. 90% bomb blast in india done my Indian mujahedeen but still Hindus never went against local muslim population. u people only abuse Hindutva saying it is RSS term but when We talk about Islamic terrorism you say-'No Bro Terrorism is nothing to do with Islam',religion,other_cyberbullying,Hindus and non-Muslims,harmful,high,"The tweet contains accusatory language and a defensive tone, targeting Hindus and non-Muslims for perceived hypocrisy while making a point about Islamic terrorism.",True
589,"RT @Quinnae_Moon: The ease with which one can dogpile others is scary, not least because we all think we're acting as individuals rather th…",other_cyberbullying,not_cyberbullying,none,neutral,none,The tweet is a neutral observation about online behavior and does not target any specific group or individual.,True
590,@SmooveCac the fuck that mean you dumb monkey ass nigger,ethnicity,ethnicity,African Americans,harmful,high,"The tweet contains a racial slur and a derogatory term, indicating a high level of harmful intent towards African Americans.",True
591,Well... The Hoes might pull this off.... Pardon the pun!! #mkr,gender,other_cyberbullying,none,harmful,low,"The tweet uses derogatory language ('Hoes') to mock or belittle, but it's not specifically targeting a protected trait.",True
592,"Funny dev joke, y/n? My sense of humor is weird.",other_cyberbullying,not_cyberbullying,none,neutral,none,"The tweet is a lighthearted and neutral question about a joke, without any intent to harm or target a specific group.",True
593,Give that advice to your bully husband. Go save the children in Puerto Rico that have been left with homes or schools,age,other_cyberbullying,none,harmful,high,"The tweet contains a personal attack and a condescending tone, with no specific protected trait targeted, but rather a general insult and a call to action that implies the person is not doing enough.",True
594,Um... why are you so up in arms about Trump being called an atheist?! Christians are labeled all the fvcking time by folks like you even though a lot of us do NOT support Trump or the GOPs radical ideas. damn find something real to be offended over...,religion,other_cyberbullying,Christians,harmful,high,"The tweet uses aggressive language and insults to attack Christians who are critical of Trump, implying they are hypocritical for being offended by the label 'atheist' when Christians are also labeled.",True
595,Idiot lady is just propagating lies.. Where are RSS goons? Can you identify RSS and Muslims separately in the video ?,religion,other_cyberbullying,none,harmful,high,"The tweet contains derogatory language and insults ('idiot lady', 'goons') with no specific reference to a protected trait, but rather a general attack on a person's behavior.",True
596,"I mean it's make the tournament more interesting I'm kind of expecting him to sweep it, unless eye patch wolf is that bully from Connors school",age,other_cyberbullying,none,neutral,low,"The tweet mentions a person being referred to as a 'bully', but the tone is neutral and the intent is not to harm, rather to describe a character's personality.",True
597,.@tim_geelen @eaballesty Not true.  Feminism is also about getting free stuff and using benevolent sexism/chivalry to their advantage.,gender,gender,feminists,harmful,medium,"The tweet targets feminists with a derogatory statement, implying they use benevolent sexism to their advantage.",True
598,"RT @_stux_: generally by the people who are smart enough to at least realise saying ""feminazi"" makes you look like a fucking prick to anyon…",other_cyberbullying,gender,feminists,harmful,high,The tweet uses a derogatory term 'feminazi' to insult a group of people based on their gender and political views.,True
599,Victoria: idk why she cries so easy and looks like the girl that bullied in high school and became a nurse,age,other_cyberbullying,none,harmful,medium,"The tweet contains a personal attack and insult, targeting Victoria's perceived emotional weakness and past behavior, without referencing any protected trait.",True
