id,tweet_text,label,pred_label,target_group,intent,intensity,explanation,parse_ok
0,Every friend I had in middle school and high school were only my “friends” because they couldn’t bully me and I wasn’t scared of them and the other half was friends with me cause they was scared of the hoes I was friends with,age,other_cyberbullying,an individual,harmful,high,Personal harassment and mocking of someone's past relationships and perceived vulnerabilities.,True
1,"It's like faking being humble, but then, in the next breath, being upset that people can disagree with you. Must just be personal agendas.",other_cyberbullying,other_cyberbullying,an individual,harmful,medium,"Accuses someone of hypocrisy and having personal agendas, implying they are insincere and manipulative.",True
2,It's TIME... Kitchen HQ starts NOW WA! !#HungryCampers #MKR http://t.co/sWQ44IsGMS,not_cyberbullying,not_cyberbullying,none,neutral,none,"The tweet appears to be a promotional message for a cooking show, with no abusive language or intent.",True
3,Mr President tayyip erdogan Dear Mr idiot Even the man who creat your country didn't change Hagia Sophia and you asshole try to make a show here Be a Muslim if you are and bring back the ppl rights,religion,other_cyberbullying,an individual,harmful,high,"Personal harassment with insults and name-calling, targeting a public figure.",True
4,"#PrayForSun i never knew you but you seemed like such a sweet, genuine and caring girl. i know what its like to be bullied to the point where you dont want to live anymore so it just really affects me ig. fly high angel, rest in peace you deserved so much better..",age,other_cyberbullying,the deceased person (Sun),harmful,low,"Expresses sympathy but also implies the deceased person was bullied, which can be triggering for some readers.",True
5,"I hope Twitter rips you a new one. You make me sick. @jimboslice_13 @ry_casper ""how to discribe rape. His dick was hungry!"" #notsexist",gender,other_cyberbullying,an individual (@jimboslice_13),harmful,high,"Threats and insults targeting an individual, with no specific protected trait mentioned.",True
6,I really hate tweeting about Turkey but y’all are making me do it. Non-Turkish Muslims need to stop treating Muslim Turks as idiots. We get what’s symbolism and what’s not. What you don’t understand is what we’ve been through. You did not live through what we did.,religion,other_cyberbullying,Muslim Turks,harmful,medium,"Accuses non-Turkish Muslims of treating Muslim Turks as idiots, implying ignorance and disrespect.",True
7,RT @Drebae_: How you hate somebody you never even spoke to? Bitches be Jealous & MAADDDDDDD. https://t.co/fiis4emg01,other_cyberbullying,other_cyberbullying,an individual,harmful,high,Personal harassment with derogatory language and insults.,True
8,"@ldstarr18 @AC360 But there are many ideologies, and Islam declared war on the human race 1400 years ago. http://t.co/ntOJwO4Lnt",religion,religion,Muslims,harmful,high,"Declares war on the human race based on a religious ideology, targeting Muslims.",True
9,"Racism is like a stain on ur colored clothes, u can't bleach it Kuz it ain't white.",ethnicity,other_cyberbullying,individuals who experience racism,harmful,medium,"Compares racism to a stain that cannot be bleached, implying it is ineradicable and targeting individuals who experience racism.",True
10,@Salon @TheMuslimGuy Do the BB brains at Salon understand that the rape of slave girls was approved and practiced by Mohammed. #Islam,religion,religion,Muslims,harmful,high,Hateful generalization attacking a religious group by referencing a controversial aspect of their faith.,True
11,"bullied for being soft and friendly back in elem days. bullied for being close to girls and not acting like my jerk guy classmates (drinking, smoking, watching porn and all the straight toxic masculinity stuff) in High school.",age,other_cyberbullying,the author,harmful,medium,Recalls past bullying experiences without targeting a specific group or trait.,True
12,"In high school I used to get bullied by a special ed girl bitch would dead ass hit me, and like fuck was I supposed to do",age,other_cyberbullying,an individual with special needs,harmful,high,Harasses an individual with special needs with a derogatory slur and a violent threat.,True
13,"RT @a_man_in_black: @freebsdgirl and at 1:46:00 on this stream he says people in GG should doxx you, me, and srh? https://t.co/fSDalWjH9G",not_cyberbullying,other_cyberbullying,freebsdgirl and others,harmful,high,"Threats to doxx individuals, a form of harassment not tied to a protected trait.",True
14,black parade tease and anything beyonka has realesed in the past YEARS LFMAOO gurl bye,ethnicity,other_cyberbullying,Beyoncé,harmful,high,"Personal harassment with a derogatory tone and language, targeting an individual without referencing a protected trait.",True
15,@ryloxify PDP being careful. He's gone from rape jokes since EVERYBODY called him out of it to expanding his vocab to words like Gay & Nigga,gender,other_cyberbullying,an individual (@ryloxify),harmful,high,Uses derogatory language to mock and shame an individual for their past behavior.,True
16,"@DavidRomeiPHD @ALWiss5 Anything an American does defines America, anything a Muslim does is an aberration? Idiot!",religion,ethnicity,Muslims,harmful,high,Xenophobic slur targeting a religious group based on nationality/ethnicity.,True
17,The link between a culture which condones sexist jokes & number of women that suffer rape & murder is not headline grabbing but a recognized integrated national approach which aims to reduce violence against women https://www.ourwatch.org.au/what-we-do/national-primary-prevention-framework,gender,not_cyberbullying,none,neutral,none,"Raises awareness about violence against women through a link to a resource, without any abusive language or tone.",True
18,"i’m gonna cry if my kidneys are fucked up tho tbh. i finally healed from my high school abuse/trauma from bullies my parents and exes bro, i’m into school i wanna work i have a cool lil bro..:::: like why now",age,other_cyberbullying,an individual,harmful,low,"Expresses frustration and concern about a personal health issue, but also mentions past trauma and abuse, which could be perceived as a form of harassment.",True
19,Even satan is confused about Muslims who enforce LGBT thing into religion. Support whatever the fuck you want without mentioning religion/claiming it’s a part of the religion you idiots.,religion,other_cyberbullying,individuals who support LGBT rights within their religion,harmful,high,Uses profanity and insults to attack individuals who support a particular viewpoint within their religion.,True
20,"I'm friends with Atheists, Episcopalians, Catholics, Muslims & Jewish people and a big part of our friendship is not calling each other idiots. There is a proverb that you catch more bees with honey than with vinegar, but my mother-in-law assures me beer catches even more.",religion,not_cyberbullying,none,neutral,none,"Friendly, lighthearted message with no abuse or targeting of a protected trait.",True
21,#asskickery hahahahaha #mkr #mkr2015 #mkrsexylloyd,not_cyberbullying,other_cyberbullying,none,harmful,low,"Uses a derogatory slang term, but lacks specificity and targeting of a protected trait.",True
22,"@MartinSenyszak you can have three errors, known errors, unknown errors and unknown unknown errors",not_cyberbullying,not_cyberbullying,none,neutral,none,"The tweet is a neutral, informative statement with no abusive language or intent.",True
23,"Finally! Like, haven't you been waiting since school started for this?!?!",not_cyberbullying,not_cyberbullying,none,neutral,none,"Excited, enthusiastic message with no abuse or targeting of a protected trait.",True
24,"What tonight's outcome means: White people still consider black people ""niggers."" End. Of. Story. Disgusting place we live in.",ethnicity,ethnicity,black people,harmful,high,"Racist slur targeting a racial group, expressing disgust and outrage.",True
25,Since when did a box of band-aids cost 8 dollars #TF,not_cyberbullying,other_cyberbullying,none,harmful,low,"Expresses frustration and annoyance with a product price, but does not target a specific group or individual.",True
26,"BLM is a radical organization with Marxist goals. Amazon et al. tell us even on their entertainment venues that they support it. It's anti-Christian, anti-capitalist, anti-police just for starters.",religion,other_cyberbullying,BLM supporters,harmful,high,"Harasses a social movement with derogatory labels and accusations, targeting their ideology and values.",True
27,that moment when your elementary school bullies slide in your dms >>>>>>>> I LOVE IT,age,other_cyberbullying,individuals who were bullied in elementary school,harmful,low,"Takes pleasure in someone's past bullying experience, but in a lighthearted manner.",True
28,Judgement time #mkr #hungrycampers,not_cyberbullying,not_cyberbullying,none,neutral,none,"The tweet appears to be a neutral comment or hashtag, without any abusive or harassing content.",True
29,"If there is one thing in life we can count on, it's if you ask a question regarding opinions on Apple products, no one will agree.",other_cyberbullying,other_cyberbullying,individuals who express opinions on Apple products,harmful,low,"Mocking disagreement with a neutral tone, implying that people who express opinions are unworthy of agreement.",True
30,People getting all mad at Racists Getting Fired is my favorite mouse squeak of white supremacy,not_cyberbullying,other_cyberbullying,individuals who are upset about Racists Getting Fired,harmful,high,"Uses a derogatory term to mock and belittle people who are upset about a specific issue, with no specific trait-based attack.",True
31,"I'm 30, happily married with 2 kids. In school I was 6'3 and weigh 190 my senior year. the onlytime.somine.tried to bully me I threw their moped in the school dumpster. Nice try though",age,not_cyberbullying,none,neutral,none,The tweet is a personal anecdote with no abusive language or intent.,True
32,"Honestly we wouldn't have given you the attention you're craving for but put this at the back of your mind,you're an idiot,a loser and a psycho. It takes alot of foolishness for someone who claim to be a Muslim to be fighting with clear words of Allah publicly without having....",religion,other_cyberbullying,an individual,harmful,high,"Personal harassment with insults and derogatory terms, targeting an individual's behavior and perceived mental state.",True
33,"Guys, piece of advice, rape jokes are NEVER funny. I don't know much about women as a gay man, but that I tell you with certainty.",gender,gender,women,harmful,high,"Demeans women with a sexist stereotype and insult, even if the intention is to criticize a specific behavior (rape jokes).",True
34,"If I ever went to prision in the US, I would want to go to the school shooter's ward, just so I can bully their socially awkward white asses.",age,other_cyberbullying,individuals with social awkwardness and white people,harmful,high,"Harasses individuals with social awkwardness and targets white people with a derogatory term, but the primary intent is not to attack a protected trait, rather to bully and mock.",True
35,@FanTaStIK_Zae2 big ass bully!,other_cyberbullying,other_cyberbullying,an individual,harmful,low,Personal insult with no clear reference to a protected trait.,True
36,"School was never good for my mental health, at least High School. I got bullied by all the pretty girls, and they always treated me like a fucking gremlin. And I was constantly told that I just had to put up with it, completely destroying my self confidence to what it is now.",age,other_cyberbullying,an individual,harmful,high,"Describes personal experiences of bullying and harassment, with a focus on the emotional impact and a derogatory term ('gremlin').",True
37,@98Halima @johnnygjokaj @somersert @cdnKhadija @BilalIGhumman @rfrankh53 And why do we care about this guy?,not_cyberbullying,other_cyberbullying,an individual,harmful,low,"Harasses an individual without targeting a specific protected trait, implying they are not worthy of attention or care.",True
38,@warrenleightTV @CizzymacHD pretty entertaining that they think NYS isn't a hashtag used to justify harassment. ^.^ Good job.,other_cyberbullying,other_cyberbullying,individuals (WarrenleightTV and CizzymacHD),harmful,low,"Mocking and belittling others with a sarcastic tone, implying they are wrong about a topic.",True
39,We've normalized gay jokes and now we're about to do the same thing with rape. Ang korni.,gender,gender,LGBTQ+ individuals,harmful,high,"Makes a hurtful comparison between gay jokes and rape, implying that LGBTQ+ individuals are associated with or deserving of violence.",True
40,"Disgusting ignorance RT @tayyoung_ FUCK OBAMA, dumb ass nigger",ethnicity,ethnicity,African Americans,harmful,high,Racist slur targeting a racial group.,True
41,@WalidShoebat Most Muslims instinctively understand that Islam cannot survive in light of day and must be protected by blasphemy laws #Islam,religion,religion,Muslims,harmful,medium,"Suggests that Islam cannot survive in the light of day and implies that it must be protected by laws that restrict free speech, a form of religious criticism.",True
42,RT @shariaunveiled: A Muslim Man in India Attempts Murder of His 10-Year-old Daughter by Burying Her Alive http://t.co/BO7d9XL3ht,not_cyberbullying,other_cyberbullying,none,harmful,high,"Shares a disturbing and violent story without context or warning, potentially causing distress to readers.",True
43,RT @ismisecaz: My housemate was inspired. #mkr http://t.co/YrtSVNPknK,not_cyberbullying,not_cyberbullying,none,neutral,none,"The tweet is a retweet with no abusive content, expressing support for a housemate's inspiration.",True
44,Why is it that UN are keeping quite over the killing of Christians in Nigeria. A 70 years Christian woman was rapped early this morning and beheaded by Fulani herdsmen in a place called Ebonyi in the Eastern Nigeria. It is the right time to divide so that Christians can have peac,religion,other_cyberbullying,Christians in Nigeria,harmful,high,"Harasses a group based on their nationality and religion, promoting division and violence.",True
45,Rebecca Black removed from school after being bullied by classmates http://n360.to/noc85c (via @news360app) #isitFridayyet,age,other_cyberbullying,Rebecca Black,harmful,low,Reports on bullying of an individual without targeting a protected trait.,True
46,@IchbinUjjaini @AvijitSinha5 @shivendushekhar @geetv79 I don't want to argue with u all idiots who r using beef eatâ¦ https://t.co/oUP9nfWsEF,other_cyberbullying,other_cyberbullying,individuals who eat beef,harmful,high,Insults and derogatory language targeting individuals with a specific dietary preference.,True
47,"high fashion twitter girls go to school wearing leggings and slip on vans, get bullied all day, come home, log into their bella hadid avi twitter account to call people fat in group chats and post pictures of cindy kimberly and tweet about the coke they don’t do",age,other_cyberbullying,individuals who are fat or have certain fashion choices,harmful,high,"Harasses individuals based on their appearance and fashion choices, promoting bullying and body shaming.",True
48,"Whoever is ""their"" in your mentioned tweet are jerks, a whole green flag doesn't look good to my eyes. Minorities are our backbone. Stay strong don't get disheartened these idiots are gonna taste their medicine soon. I being a Muslim and being a Pakistani support you.",religion,other_cyberbullying,individuals being referred to as 'jerks',harmful,medium,"Harassment of individuals with insults and derogatory language, not tied to a protected trait.",True
49,"@scalzi George R.R. Martin, why are you tweeting from John Scalzi's account?",other_cyberbullying,other_cyberbullying,George R.R. Martin,harmful,low,"Accuses George R.R. Martin of impersonating another person, a form of harassment.",True
50,"Very offensive audio got leaked of Dragonball actors making sex jokes, rape jokes, racist, pedo, and homophobic jokes. Including a four minute skit of a gay orgy with every offensive thing they could think to throw in it.",gender,other_cyberbullying,Dragonball actors,harmful,high,"Harassment of individuals through sharing explicit and offensive content, targeting their profession and personal behavior.",True
51,"One of my pet peeves is when people call female-identity if individuals “Son of a Bitch.” Like no, that’s a daughter",gender,gender,individuals who identify as female,harmful,low,"Corrects a perceived misgendering with a derogatory term, implying offense at the use of a traditionally masculine insult to refer to a female-identified person.",True
52,the second reminds me of the girl who bullied me in junior high and I’m just waiting for you to call me a bitch or trip me in gym class so depends on the vibe you want I guess,age,other_cyberbullying,an individual,harmful,medium,"Threatens a personal interaction with potential harassment, not tied to a protected trait.",True
53,18 bats,not_cyberbullying,other_cyberbullying,none,harmful,low,"Makes a derogatory comment about a person's age, but in a vague and indirect manner.",True
54,Brutal Simplicity.,not_cyberbullying,not_cyberbullying,none,neutral,none,The tweet is a neutral phrase with no apparent target or abusive intent.,True
55,"Can't get over the tweets threatening to ""assassinate the nigger"" - you dumb fucks grow up no one cares if your daddy is crying",ethnicity,ethnicity,African Americans,harmful,high,Racist slur and threat targeting a racial group.,True
56,RT @davidalice Why are LA women so bitchy? #notsexist,gender,gender,women,harmful,low,"Makes a generalization about women with a derogatory term, implying they are 'bitchy'.",True
57,"I’m the hot girl who bullied little bitches like you in high school. I’m so good at putting men in their place, I don’t even have to say a single word to do it. You already feel my power. - findom femdom finsub cashslave -",age,gender,women,harmful,high,"Threatens and mocks women with a boastful tone, implying dominance and power over them.",True
58,Damn @Faxxu_ thanks for lending me that Lambo for my cousin’s high school prom. It really made it so he wouldn’t get bullied anymore and is now prom king and is now dating his dream girl! All thanks to you and your generosity,age,not_cyberbullying,none,neutral,none,"Friendly, supportive message expressing gratitude and appreciation with no abuse.",True
59,"I too was bullied by a girl everyday at school from 2nd grade threw high school. Being shy, I never fought back. I'm definitely a stronger person today. I've never forgotten her. Kindness is best.",age,not_cyberbullying,none,neutral,none,"The tweet shares a personal experience of bullying but focuses on the author's growth and promotes kindness, without targeting or harassing anyone.",True
60,"You can't prove a fact because facts are already proven...... Stupid argument! You may be brazen idiot, but I will keep our discussion going on ""How #ghettoisation of Muslims happens because of Islamic practices?"", starting with #Survey reports",religion,other_cyberbullying,an individual,harmful,high,"Insults and mocking language are used to harass and belittle an individual, without targeting a specific protected trait.",True
61,"Wishing my Dad the Happiest of Birthdays and a Blessed Year. Thank you for everything you’ve taught me from math, to not missing a day of school, never back down from a bully, Business, the Power of Real Estate…",age,not_cyberbullying,none,neutral,none,"A heartfelt, celebratory message with no abuse or negative intent.",True
62,"Go lose some weight RT @tayyoung_: FUCK OBAMA, dumb ass nigger",ethnicity,other_cyberbullying,an individual,harmful,high,"Personal harassment not tied to a protected trait, with additional racist slur targeting Obama.",True
63,@parveen_n @YouTube This is what you should learn about #Islam and #Muslims. http://t.co/ZLiSomON1p,not_cyberbullying,other_cyberbullying,an individual (@parveen_n),harmful,low,"Tells someone what they should learn, implying they are ignorant, without constructive feedback.",True
64,Going to get Taylor swifts new cd and lay my sick ass in bed and listen to it,not_cyberbullying,not_cyberbullying,none,neutral,none,"The tweet is a neutral, personal statement with no abusive content.",True
65,"Yeah Zahra. As a brown person you must comment every time a an idiot who happened to be Muslim does something. While we are at it, Ewan any comment on the KKK and their actions?",religion,other_cyberbullying,Zahra and Ewan,harmful,medium,"Harasses individuals with personal attacks and accusations, not tied to a protected trait.",True
66,@ldstarr18 @AC360 If freedom of expression undermines peace we should give up freedom? http://t.co/4KufcibN1k,not_cyberbullying,not_cyberbullying,none,neutral,none,"The tweet is a neutral, opinion-based statement with no abusive language or intent.",True
67,RT @Sir5000: @freebsdgirl Summer? But it's…hm. http://t.co/ckP0hUzQPr,not_cyberbullying,not_cyberbullying,none,neutral,none,The tweet is a retweet of a link with no abusive content or tone.,True
68,"@KellyTurner99 @buellerishere @isra_jourisra @fei989 To say, ""don't hate Islam"" is as dumb as saying ""don't hate Nazism"".",religion,other_cyberbullying,individuals who express anti-Islam sentiments,harmful,medium,"Accuses individuals of being hateful, without directly targeting a protected trait, but with a tone of criticism and disdain.",True
69,@Polo_ProphED fuck off you dumb nigger,ethnicity,ethnicity,African Americans,harmful,high,Racist slur targeting ethnicity/nationality.,True
70,"You called that one right Fat Boy has been rendered totally inert, he was exposed as the House Negro and even White Supremacist don't respect Race traitors",ethnicity,other_cyberbullying,an individual,harmful,high,"Personal harassment with racial and derogatory slurs, targeting an individual's perceived character and behavior.",True
71,"And Hilary was Secretary of State not president lol. But will one trump supporter care - nope, because they support him because of greed and racism and that’s it. And I include the insane religious bigotry of the radical “evangelical Christian Right” cult as part of racism.",religion,other_cyberbullying,Trump supporters,harmful,high,"Accuses a group of people of racism, greed, and bigotry, with no constructive criticism or context.",True
72,"We've all been there, right?",other_cyberbullying,not_cyberbullying,none,neutral,none,"The tweet is a neutral, relatable statement with no abusive content.",True
73,Man this is a smack in the face to all colored people if u still believe racism doesn't exists ur a fool,ethnicity,ethnicity,people of color,harmful,high,Xenophobic and racist statement targeting ethnicity/nationality.,True
74,"PC-BSD is a fork that is mostly funded by iXSystems, the organization that runs FreeBSD marketing. It's a frontend on top of FreeBSD.",other_cyberbullying,not_cyberbullying,none,neutral,none,"Neutral, informative statement about operating systems with no abuse or harassment.",True
75,Go Manu! #mkr,not_cyberbullying,not_cyberbullying,none,neutral,none,"Supportive message with no abuse, appears to be a sports-related encouragement.",True
76,keeth i stg. he literally struggles to stream n acts paranoid that hes going to say the nigger again n he almost did 2x. he didnt stream for a yr. he could've made an effort to not say the nword in private but he didnt n its a dumb fucking decision. i dont personally give a fuck,ethnicity,other_cyberbullying,an individual,harmful,high,"Personal harassment with derogatory language and insults, not tied to a protected trait.",True
77,@Way2FengShui I can see how some offended by the rape jokes but the gay jokes he saying explains what ppl doing after watching,gender,other_cyberbullying,individuals who were offended by the rape jokes,harmful,medium,"Makes light of a sensitive topic and dismisses others' offense, contributing to a hostile environment.",True
78,@xdannock maybe someone will use Kat's weber #mkr,not_cyberbullying,not_cyberbullying,none,neutral,none,"A neutral, non-abusive comment referencing a TV show.",True
79,I'm such a bully .. *,other_cyberbullying,not_cyberbullying,none,neutral,none,Self-deprecating statement with no abuse or targeting of a protected trait.,True
80,"What questions did you ask me? Why you shouldn't rationalize rape jokes? Seriously? Are you sincerely asking why it's not okay for you to excuse rape jokes? Beyond that, you just admitted you used ""gay"" as a slur to troll people into outrage. You're a trash heap. Fuck off dude",gender,other_cyberbullying,an individual,harmful,high,"Personal harassment with insults and profanity, not tied to a protected trait.",True
81,@beardyblue it takes a pretty specific personality type to be able to take this shit on voluntarily.,other_cyberbullying,other_cyberbullying,an individual (@beardyblue),harmful,low,Insults and mocks the personality of a specific individual.,True
82,RT @LynneMcGranger: #mkr what are the chances of the safe teams strategically marking UP the #blondebutchers ?? I'd put my chicken's livers…,not_cyberbullying,other_cyberbullying,the contestants on MasterChef (referred to as 'blonde butchers'),harmful,low,Mocking and derogatory term targeting a group of people based on their appearance and profession.,True
83,RT @iHateHostal: I swear somebody needs to invent a #KanyeShrug emoticon <fuck that dumb nigger!,ethnicity,ethnicity,African Americans,harmful,high,Racist slur targeting a racial group.,True
84,"@Kaepernick7 You are a demon of special skills. Did you sell out to the muslims of your GF or the communists. Forget it, same thing. Yeah, America has been so bad to you. Where do you live Colin? How many meals do you miss? You are a liar and a traitor. You are an idiot",religion,other_cyberbullying,Colin Kaepernick,harmful,high,"Personal harassment with insults and accusations, targeting an individual without reference to a protected trait.",True
85,Because you promote their behaviours and support them.We muslims are also known what is harmful and stay away from it while you Christians allow the sodomites and the radical atheist and radical feminist to attack you.,religion,religion,Christians,harmful,high,"Accuses Christians of tolerating certain groups, implying they are weak or flawed in their faith.",True
86,"⠀ ⠀ ⠀Yep,that's the girl that bullied you in high school. ─. . .And yes,she's still a bully to this day.",age,other_cyberbullying,an individual,harmful,high,Personal harassment targeting a specific person's past behavior and current character.,True
87,RT @Lyall: Bosom flattering #NoMorePage3 t-shirt profile pic #FeministSelfie #irony #hypocrisy #praxis #notbad #sorry #malegaze http://t.co…,gender,not_cyberbullying,none,neutral,none,"The tweet appears to be a re-tweet of a post with a feminist theme, and does not contain any abusive language or tone.",True
88,I hope you get yo ass beat . Dumb broad “@kimberrlym_: Fuck you nigger #CANELOTEAM”,ethnicity,other_cyberbullying,an individual,harmful,high,"Personal harassment with racial slurs and threats, not tied to a protected trait.",True
89,Kat needs to calm down with the crazy eyes #mkr,gender,other_cyberbullying,Kat,harmful,low,"Personal harassment with a mocking tone, targeting an individual's behavior.",True
90,"@Superjutah A lot of MRA's are gay, actually.  They see how feminism merely uses them.",gender,other_cyberbullying,individuals who identify as MRA (Men's Rights Activists),harmful,medium,"Insulting and stereotyping a group based on their ideology, with no specific protected trait targeted.",True
91,Wow....a commercial to eat seafood and clean up the environment. #DoubleWhammy,not_cyberbullying,not_cyberbullying,none,neutral,none,"Friendly, sarcastic comment with no abuse or targeting of a protected trait.",True
92,@_d_n_verg_ @stevesalaita Nothing has any value for Arabs except the destruction of the Jews. And the Arabs must pay Palestine to destroy em,religion,ethnicity,Arabs,harmful,high,"Xenophobic slur targeting ethnicity/nationality, promoting violence against Jews and Arabs.",True
93,"according to @HipsNLips_ I'm am the following : A dumb nigger baby, A simple ass nigga, and A dumb fuck. *self-esteem drops 39 points* llf.",ethnicity,ethnicity,African Americans,harmful,high,Racist slurs targeting a specific ethnic group with derogatory language.,True
94,"Imagine being trans, or gay, or a rape victim, experiencing traumatic events in your life, and to label a joke offensive only for people...",gender,other_cyberbullying,victims of trauma or marginalized groups,harmful,high,"Minimizes the trauma experienced by certain groups, implying their feelings are not valid.",True
95,The most #offensive thing one can do is be a #rich #white meat eating #priest smoking with a naked little #boy sitting on his lap forcing a #transgender doctor to #abort the #gay retarded #black child of a #Mexican #feminist at #gunpoint while telling a #rape joke in #Arabic,gender,other_cyberbullying,an individual,harmful,high,"Harassment with a long list of derogatory terms targeting various groups, but primarily intended to insult and degrade an individual.",True
96,"There's funny & there's douche worthy. Not funny joke about rape, prejudice, racism, gay bashing, etc? In current culture? Die in a fire.",gender,other_cyberbullying,individuals who make certain types of jokes,harmful,high,"Threatens violence against individuals who make certain types of jokes, without targeting a specific protected trait.",True
97,"An enigma, the left's support of a culture that condemns everything they stand for. All women, the lbgt community, and for that matter Jews and Christians, should condemn all Radical Muslims. Why support abuse of women, executing gays, threats to annhihilate other faiths?",religion,other_cyberbullying,Radical Muslims,harmful,high,"Harasses Radical Muslims with accusations of abuse and violence, without directly targeting a protected trait.",True
98,@KaitlynBurnell beats me. I was sent the screencap.,other_cyberbullying,other_cyberbullying,KaitlynBurnell,harmful,low,Publicly mocks and humiliates an individual without targeting a protected trait.,True
99,U better don't spread hatred here wherever it was in 1990 cuz u r in lining in a confusion that Hindus was persecuted but it was Muslims who. Was persecuted all time by bloody Hindus and idiots people like you always support them,religion,other_cyberbullying,individuals who support Hindus,harmful,high,"Harassment and personal attack not tied to a protected trait, but rather a perceived stance or opinion.",True
100,"UHHH SAIL AWAY SWALWELL OKAY WITH OBAMA'S HATRED FOR JERUSALEM & PRAISE/CRATES OF $$'S TO IRAN & SOMEHOW SAIL AWAY SWALWELL HAS DRAWN A BLANK TO THE MASSIVE SUPPORT BY TRUMP FOR ISRAEL! US EMBASSY IN ISRAEL! SEE YOU RADICAL FLLFSC-BB-A-DEMOCRATS HATE CHRISTIANS & JEWS, BUT",religion,other_cyberbullying,"Democrats, Christians, Jews",harmful,high,"Harassment of multiple groups with inflammatory language and accusations, not tied to a specific protected trait.",True
101,.@Trykezhighflyer True. The issue is not because he's gay. We should respect gays. That joke was low though. Rape is a serious matter,gender,other_cyberbullying,an individual (@Trykezhighflyer),harmful,low,"Personal criticism and judgment of someone's joke, although the tone is somewhat mitigated by a statement of respect for the person's sexual orientation.",True
102,@Ignaciio_ @Kertio1337 es que si le hago violación no sería bullying :c,not_cyberbullying,other_cyberbullying,an individual,harmful,high,"Makes a joke about committing a violent act, which is a form of harassment.",True
103,"That tweet made me cringe, never imagined that any black child can call another a house nigger. It's demeaning, it's sad & utterly disgusting #SorryPrinceKaybee",ethnicity,other_cyberbullying,an individual,harmful,high,"Harasses an individual with a derogatory term, regardless of the context or intent to criticize.",True
104,"you have no sense or knowledge and then keep arguing. Idiots like you are the problem. so if a pakistani muslim says he is hindu it is acceptable and can be given citizenship. Why tjere is cut off 2015, after that persecution stopped or what? Do you know there are different",religion,other_cyberbullying,an individual,harmful,high,"Personal harassment with insults and condescending tone, targeting an individual's perceived lack of knowledge and sense.",True
105,I remember when someone told me that private colleges r better than state schools coz they bully in the state schools...b.s!,other_cyberbullying,other_cyberbullying,students of state schools,harmful,low,"Accuses students of state schools of being bullied, implying they are inferior.",True
106,"When people bully another they go for someone weaker than them and probably smaller/younger. Assuming all of ateez were in high school, i'd assume Yunho's brother was already in college if not already had a job as you can see him working in his studio.",age,other_cyberbullying,Yunho's brother and Ateez members,harmful,low,"Makes a derogatory comment about someone's physical appearance and age, implying they are weaker and less capable.",True
107,"No problem with sexism and have mates who are gay! Never been violated, rape is a word that should not be used as a joke with consequences",gender,other_cyberbullying,individuals who have been raped or violated,harmful,high,"Trivializes rape and its consequences, potentially causing distress to survivors.",True
108,"Eat your words Kat, don't choke on them niw !!! Hahaha gotta love Karma #mkr",gender,other_cyberbullying,Kat,harmful,medium,Personal harassment with a mocking tone and insult.,True
109,Watch http://t.co/8YC7xTDA2U to see @TheQuinnspiracy! Just a few more minutes. :),other_cyberbullying,not_cyberbullying,none,neutral,none,"Friendly, supportive message inviting someone to watch a video with no abuse.",True
110,Today's dem show lead by dumbo was absolutely the most disgraceful display of school yard bullies. AG Barr was treated with the worst possible disrespect. The rest of the world must be laughing at the lunacy going on in our nation's capital.,age,other_cyberbullying,individuals in the US government (specifically AG Barr),harmful,high,Harasses individuals in the US government with insults and accusations of disrespect.,True
111,"@ShriekAPotomos @CrashOverrideNW As to if I'm working with her, that's none of your business. This isn't an adequate use of your time. Shoo.",other_cyberbullying,other_cyberbullying,individuals (@ShriekAPotomos and @CrashOverrideNW),harmful,low,"Tells people to leave and implies their time is being wasted, a form of harassment.",True
112,I dont want to start my dental program today,not_cyberbullying,not_cyberbullying,none,neutral,none,Expresses a personal preference or feeling without any abusive content.,True
113,@ferdinandezz: Mind the gap Arsenal:  Why Chelsea are the kings of London now #afc #cfc,not_cyberbullying,not_cyberbullying,none,neutral,none,A sports-related tweet with no abusive language or intent.,True
114,You're being a racist nigger what the fuck was going through her head when she said that dumb ass shit. https://twitter.com/laurmanipng/status/750494091310342144,ethnicity,ethnicity,blacks,harmful,high,Racist slur targeting a racial group with profanity and hate speech.,True
115,"First reform ur self before tweeting about others relegion u have no right to do so, no one is claming that my relegion is constitution of world... everyone is free to choose what they want... when cant see in ur own country then dont talk about world",ethnicity,other_cyberbullying,an individual,harmful,medium,"Accuses another person of hypocrisy and moral failing, with a tone of scolding and criticism.",True
116,RT @richardnixon2 @KingJames Fuck you Youre a stupid nigger that would be living on the streets if you couldnt play bball Niggers r so dumb.,ethnicity,ethnicity,African Americans,harmful,high,Racist slur targeting ethnicity/nationality with a hateful generalization.,True
117,Walked into the room to see two girls that bullied in high school....I was not expecting that,age,other_cyberbullying,individuals who bullied in high school,harmful,low,"Reveals past bullying behavior, potentially causing discomfort or shame for the targeted individuals.",True
118,@rhythmixx_ :hobbies include: fighting Mariam,other_cyberbullying,other_cyberbullying,Mariam,harmful,low,"Harasses an individual with a derogatory statement, targeting no specific protected trait.",True
119,"RT @AlejandroDaGr8: Not by the Guardians of the Galaxy, X-Men, Avengers, Justice League, Thundercats or Ninja Turtles.",other_cyberbullying,not_cyberbullying,none,neutral,none,The tweet is a retweet of a humorous list and does not contain any abusive language or intent.,True
120,There is nothing they could have done which would have excused this behavior by the police. You are victim blaming. How would you feel if the police did that to your kids? These cops have less self control an average middle school school yard bully.,age,other_cyberbullying,individuals who have been victims of police behavior,harmful,high,"Accuses and insults individuals who have been victims of police behavior, using a derogatory comparison to a middle school bully.",True
121,"@dankmtl Again, idiot, none of that changes the ratio of Muslims to Christians in Palestine. Only Muslim bigotry and abuse changes it.",religion,other_cyberbullying,an individual (@dankmtl),harmful,high,"Personal insult and harassment not tied to a protected trait, targeting an individual's perceived views or opinions.",True
122,“@madddierusssell: @ellsbelllls fuck off nigger” i'm fucking asian you dumb slut,ethnicity,other_cyberbullying,an individual,harmful,high,"Personal harassment with racial slurs and insults, targeting an individual's perceived identity.",True
123,#MKR the audience goes boooooo! The producers clap their hands with glee!,not_cyberbullying,not_cyberbullying,none,neutral,none,"The tweet is a neutral commentary on a TV show, with no abusive language or intent.",True
124,girl who bullied me in high school: “hey girl!! have you ever thought about being your own boss?!”,age,other_cyberbullying,an individual,harmful,low,Mocking and belittling a past bullying experience with sarcasm.,True
125,I know another reason I was bullied so bad was my chest. For my class I was one of the first to develop. I was skinny and large chested. Until High School some girls were jealous so they treated like shit for it.,age,other_cyberbullying,an individual,harmful,medium,"Recalls past bullying based on physical appearance, but does not explicitly target a protected trait.",True
126,"@hypatiadotca @GlennF i almost typed ""is it in the cloud"" forgetting that i have keyboard input word replace for cloud to butt.",not_cyberbullying,other_cyberbullying,an individual,harmful,low,Humorous but mocking comment targeting a person's perceived lack of knowledge or intelligence.,True
127,@EqualityMen The motive doesn't lessen the outcome.,gender,other_cyberbullying,EqualityMen (individual or group),harmful,low,"Accusatory statement with a negative tone, targeting a specific group or individual.",True
128,It is fun watching GG trying to make us fight. Quit trying to make fetch happen. It's never going to happen. @Spacekatgal @TheQuinnspiracy,not_cyberbullying,other_cyberbullying,"individuals (GG, Spacekatgal, TheQuinnspiracy)",harmful,medium,"Mocking and dismissive language targeting specific individuals, with no clear protected trait.",True
129,"I have no intent on linking to the articles where he stated he was backing out. They were an attempt to save face, not an apology.",other_cyberbullying,other_cyberbullying,an individual,harmful,low,"Accuses someone of insincerity without evidence, potentially damaging their reputation.",True
130,"Here's a big lesson to learn right now in the beginning, quiet the voices of this world. Read the precious word of God, find a mature Christian woman to mentor you, and fall ever more in love with Jesus. He is worthy.",religion,religion,Christians,harmful,low,Advances a particular religious viewpoint with a tone that may be perceived as judgmental or superior.,True
131,"@macstein no jor, I bully Ў☺ΰ in a subtle way, leave d details to me",not_cyberbullying,other_cyberbullying,an individual,harmful,low,"Threatens to bully someone without specifying the details, implying a harmful intent.",True
132,This girl said I bullied her in high school I’ve never in my life bullied anybody I might’ve talked about a mf but I ain’t ever been a bully,age,other_cyberbullying,an individual,harmful,medium,"Denies past bullying behavior and uses a derogatory term, harassing an individual.",True
133,"Oh, honey. You have no fucking CLUE the amount of assholes I've had to knock in the dirt when I had longer more vibrant hair. From high school bullies to abusive family members. Hair is not a determination of who's left standing after a fight.",age,other_cyberbullying,an individual,harmful,medium,"Personal insult and mocking of an individual's past experiences, not tied to a protected trait.",True
134,https://t.co/iyr1qwhg5p - all these people bragging about  whedon having blocked them. How is that something to brag about?,other_cyberbullying,other_cyberbullying,individuals who were blocked by Joss Whedon,harmful,low,"Mocking and belittling people who were blocked by Joss Whedon, implying their feelings or actions are unworthy of pride.",True
135,"it’s so funny seeing the girl that bullied me and made my high school experience a living hell post all these positive, uplifting, and inspiring things about “being kind to everyone, always.” coughcoughhypocritecoughcough.",age,other_cyberbullying,an individual,harmful,high,"Accuses someone of hypocrisy and past bullying, with a tone of ridicule and scorn.",True
136,"@AhleFars To win a modern war you have to have educated people, not Madrassa rats.",religion,religion,Muslims,harmful,high,Insults a religious group by associating them with uneducated individuals and a derogatory term for Islamic schools.,True
137,@DianH4 Islam doesn't answer anything.  It pretends to answer with illogical and delusional superstition.,religion,religion,Muslims,harmful,medium,"Critically attacks Islam with a negative and dismissive tone, targeting a religious group.",True
138,"U know, those times John Key made jokes about gay red shirts & Prison Rape & pulled a womans ponytail as a ""Joke""",gender,other_cyberbullying,John Key,harmful,high,Harasses an individual with a series of derogatory and humiliating anecdotes.,True
139,"Friends, as an Iranian who was born in a Muslim country and grew up with Muslims, I recommend you Do not let our Muslims pollute your country. Look carefully at Iran and see what Muslims have done to a nation in forty years. Deport these idiots to their own country. Islam is",religion,ethnicity,Muslims,harmful,high,Xenophobic and Islamophobic rhetoric targeting a specific ethnic and religious group.,True
140,"@CherguiaMbark Mostly it shows how vile, inhuman, digusting, and barbaric that religion is. #Islam",religion,religion,Muslims,harmful,high,Hateful generalization attacking a religious group with derogatory language.,True
141,@Glinner @TURBOCUNT twitter rage has a point. but rage + mob mentality causes some people to lose good sense.,gender,other_cyberbullying,individuals (@Glinner and @TURBOCUNT),harmful,low,"Accuses individuals of losing good sense due to mob mentality, implying they are not rational.",True
142,"Tw: bullying Okay fluff tsukkiyama au where kei and tadashi have been dating for 5 years now. Tsukkishima isn't as affectionate as yamaguchi so there's some instances that yamaguchi gets insecure. Not only that, some of the students in his schools bullies him.",age,other_cyberbullying,an individual,harmful,low,"Mentions bullying, but in a context of a fictional story, and does not explicitly target a protected trait.",True
143,And idiots like you can only notice who is Hindu or Sikh or Muslim. Shows your mentality. Don’t know about Hindus but you are certainly not a Punjabi. Now get lost pls. And don’t bother to comment again on my tweets.,religion,other_cyberbullying,an individual,harmful,high,"Personal harassment with insults and demands to stop commenting, not tied to a protected trait.",True
144,My fav part of skimming GG tweets is seeing so many people insist that they are unable to develop their views with experience.,other_cyberbullying,other_cyberbullying,individuals who share certain views (GG tweets),harmful,low,Mockingly dismisses others' views and implies they are incapable of growth.,True
145,"As a young black girl, I was bullied relentlessly for having a diverse group of friends. She just reminds me of the some of the black girls who bullied me daily walking to junior high.",age,other_cyberbullying,an individual,harmful,medium,"Recalls past bullying experience to shame and criticize another individual, not tied to a protected trait.",True
146,"Yet, a Black Man, who heard a white man at a retail store call someone a Nigger, casually and without fear because of the climate you create, got Checked for it and you racebait it to your followers for victimization purposes. This is both Alarming and Disgusting to see.",ethnicity,other_cyberbullying,an individual,harmful,high,"Accuses and insults an individual, with a tone of outrage and disgust, but not specifically targeting a protected trait.",True
147,@mystyr_e we'll have more info out about this soon. ;),other_cyberbullying,not_cyberbullying,none,neutral,none,"Friendly, reassuring message with no abuse or targeting.",True
148,"@edgeofthesandbx @batchelorshow @FearDept I'm talking total extermination, bragged about right there in the book.",religion,other_cyberbullying,individuals with opposing views,harmful,high,"Threats and aggressive language targeting individuals with opposing views, without referencing a protected trait.",True
149,Anyone get off really spouting that Muslim would or wouldn't take over fucking America as if women would fight this fucking hard & just let that fucking happen you fucking idiots same thing with Christianity same thing with any religion get the fuck over it and move on to reality,religion,other_cyberbullying,individuals who express opinions on sensitive topics,harmful,high,"Uses profanity and insults to attack people who express opinions on sensitive topics, regardless of their religion or gender.",True
150,@slabdogs I think the tweet picker is struggling!,not_cyberbullying,not_cyberbullying,none,neutral,none,"Friendly, supportive message with no abuse.",True
151,"I think best song in the world is eagle-hotel califoniya( 1994-04-25,26)",not_cyberbullying,not_cyberbullying,none,neutral,none,The tweet is a neutral statement about a song with no abusive language or intent.,True
152,One day only! $5 for your first month Come simp ur big titty goth gf at https://onlyfans.com/devynndesirae! #onlyfans #onlyfanslink #onlyfanspromo,ethnicity,other_cyberbullying,women,harmful,high,Objectifies and degrades women with a sexist stereotype and explicit language.,True
153,I happen to be I'm still just some dumb nigger to a good portion of the population so fuck it. I don't even know what sparked this I guess,ethnicity,ethnicity,African Americans,harmful,high,Racist slur targeting a racial group with a derogatory term.,True
154,"BLOG: #Bullying, ¿un viejo fenómeno con nuevo nombre?   http://cnn.mx/e0001Q3",not_cyberbullying,not_cyberbullying,none,neutral,none,"The tweet is a link to an article about bullying, with no abusive language or tone.",True
155,"If Hart has tweeted that Emily’s face was a “fraternity’s billboard for date rape”, something tells me that she and Howard would have a problem with it, but hey it’s gay people, it’s just a “homosexual-related joke”. Clearly you have no respect for gay people!",gender,gender,gay people,harmful,high,Demeans and insults gay people with a derogatory stereotype and joke.,True
156,"Read UNHRC report on India, you will know what Modi did to Muslims, so my views are not personal whole world is talking about it. you are too blind to accept it. 2. In protest some idiots get a chance to create havoc, it is true everywhere, doesn't mean all protestors are bad.",religion,other_cyberbullying,an individual,harmful,medium,"Accuses the target of being blind and ignorant, with a condescending tone, but does not target a protected trait.",True
157,@0xabad1dea sorry. >.>,other_cyberbullying,not_cyberbullying,none,neutral,none,"The tweet is a neutral, apologetic response with no abusive content.",True
158,"WOW, what a read Bill Barr Was a Sick and Sadistic Kid Who Was A Fascist ""High School Tormentor"" and Bully, Classmate Recalls. https://buzzflash.com/articles/bill-barr-was-a-sick-and-sadistic-kid-who-was-a-fascist-high-school-tormentor-and-bully-classmate-recalls-to-buzzflah",age,other_cyberbullying,Bill Barr,harmful,high,"Personal attack and harassment of an individual with no protected trait, but rather a public figure.",True
159,"Many many congratualtion to our Israeli friends, may u dominate and demolish the islamic terrorism",religion,ethnicity,Muslims,harmful,high,Xenophobic and Islamophobic sentiment targeting a religious group based on ethnicity/nationality.,True
160,"And you don’t know that I don’t like a bargain day. I’ve gone to Black Friday for the past 11 years. You don’t know anything about my political beliefs, either. Never said I was advocating for pure socialism or against any form of capitalism. Critiquing society is healthy",ethnicity,not_cyberbullying,none,neutral,none,Defensive response with no abusive language or personal attacks.,True
161,"nevr trust a bitch who calls women ""females""",gender,gender,women,harmful,high,Demeans women with a derogatory term and implies mistrust.,True
162,Wtf this is clarify that the serial has no pork in it so the Muslims can eat it you idiots,religion,other_cyberbullying,individuals who are not Muslims,harmful,high,"Uses derogatory language to insult individuals who are not Muslims, with no specific reference to their age, gender, ethnicity, or religion.",True
163,"@tekayfotuwan @bidetofevil okay, sure. whatever you say.",other_cyberbullying,not_cyberbullying,none,neutral,none,"The tweet is a neutral response to others, with no abusive language or intent.",True
164,"You need Jesus! RT @loveee_tdale “@tayyoung_: FUCK OBAMA, dumb ass nigger” watch ya mouth.",ethnicity,other_cyberbullying,an individual,harmful,high,"Harassment of an individual with no specific protected trait, including a racial slur.",True
165,"and in a twisted turn of events, the girls that bullied me in high school are begging me to join their pyramid scheme... i’m sorry i just can’t find value in you making money off of me working out? #DontWantUrFizzyStick",age,other_cyberbullying,individuals who bullied the author in high school,harmful,low,"Mockingly rejects an offer from people who bullied the author in the past, with a tone of disdain.",True
166,"Very healthy and very normal to call a female colleague—30 years younger than you and who you've never spoken to before—a ""fucking bitch"" because you disagree with her assertion that economic hardship is connected to crime.",gender,gender,women,harmful,high,Uses a sexist slur to demean a female colleague.,True
167,So Twitter is calling Kat crazy eyes!!!! Bless you Twitter! She literally has the craziest fucking eyes I've ever seen. #mkr,gender,other_cyberbullying,Kat,harmful,high,Personal harassment with a derogatory nickname and insult.,True
168,"At this moment in time, I am unaware of any effort he has made into this space. I'm tied in w/many orgs. His name has never once come up.",not_cyberbullying,other_cyberbullying,an individual,harmful,medium,"Accusation of inaction and exclusion, implying the target is irrelevant or unimportant.",True
169,"The word #Nigger was created by #Colonists to dehumanize, attack and draw fear from Black slaves. It is a disgusting word meant to hurt. It was never a word meant to be used for endearment. And for those who want to debate on this, you’re going to risk wasting your time.",ethnicity,other_cyberbullying,individuals who use the word #Nigger as an endearment,harmful,high,"Warns of consequences for using a word with a history of dehumanizing Black people, without directly targeting a protected trait.",True
170,"@TedYoho NO MORAL COMPASS IN REPUBLICAN PARTY? NO MORAL COMPASS IN YOUR REPUBLICAN FLORIDA PARTY. DID YOUR MAMA AND DADDY TEACH YOU TO CALL WOMEN YOU DISAGREE WITH ""BITCH"" FEMALE DOG. DID YOUR DADDY CALL YOUR MAMA ""BITCH""? WAS IT AT YOUR DADDYS FEET YOU LEARNED THIS. WWJD",gender,other_cyberbullying,Ted Yoho,harmful,high,"Personal harassment with insults and derogatory language, targeting an individual politician.",True
171,"I wish for every self identified female a parent who replies, 'YES! because that's not HER name,' when folks say but all they did was call HER a bitch. Did she have to beat they ass to a pulp? #CivilizedTribesKILLme #TrumpVirus #MaskUp",gender,gender,women,harmful,high,"Demeans women with a sexist stereotype and insult, implying they should be physically punished for being called a derogatory term.",True
172,Hit the snooze button 5 times this morning. I think I broke my own record.,not_cyberbullying,not_cyberbullying,none,neutral,none,Self-deprecating humor with no abuse or targeting of a protected trait.,True
173,@Lakeside_ why are you and @IzienTheFreak bullying me this evening..the SI unit of evil ? That's a tad much :(,other_cyberbullying,other_cyberbullying,the author of the tweet (@Lakeside_ and @IzienTheFreak are being accused of bullying),harmful,low,"Accuses others of bullying, but the tone is more playful and sarcastic than genuinely threatening.",True
174,Weird how all the girls that bullied me in high school are all pregnant now,age,other_cyberbullying,individuals who were bullied in high school (girls),harmful,low,Tries to shame and mock a group of people based on their past behavior and current life choices.,True
175,"Pitiable.. It was bcoz their existence was in danger...First of all why were ISIS,Al Quida,SIMI and numerous Islamic terrorist organizations got created. Wasn't is Jihad that has been driving them and causing a great threat and damage to humanity..where did it come from ?",religion,other_cyberbullying,"individuals associated with ISIS, Al Quida, SIMI, and Islamic terrorism",harmful,medium,"Accuses and stigmatizes individuals associated with terrorism, but does not directly target a protected trait.",True
176,@TheCodySimpson u care sooo much for people who get bullied everyday like me plzz retweett,other_cyberbullying,other_cyberbullying,an individual,harmful,low,"Impersonates a vulnerable person to solicit retweets, a form of harassment.",True
177,"One more Down = Humanity & World Saved from Radical Islamic Muslim Evil Reproducing Pigs Chinese Virus, Invaders, Infiltrators, Dead Animal Eaters Bio Jihad Hinduphobia pogrom unleashed by Infiltrators, Rapists, Bombers, Squatters, Allaah U Gabbars, Killers, Terrorists Murderers",religion,other_cyberbullying,"individuals with various identities (Muslims, Chinese, Hindus, etc.)",harmful,high,"Harassment of multiple groups with a mix of derogatory terms and threats, not tied to a specific protected trait.",True
178,"Bsdk, these festivals are being celebrated since many years. Before your Muslims comes to my Bharat. And there's nothing pollution but, For you idiots it's oky when Bl00d of innocent Animals flows on roads even on a single festival. Festivals will continue. Kya ukadna ukadlo.",religion,ethnicity,Muslims,harmful,high,"Hateful generalization and xenophobic tone targeting a religious group, with ethnic undertones.",True
179,@Jonn_eBooks Damn Feminazi,gender,gender,feminists,harmful,high,Derogatory term targeting a group associated with feminist ideology.,True
180,School blues. School bullies who gave out the blues... Jesus. What a society...,age,other_cyberbullying,school bullies,harmful,low,"Expresses frustration with school bullies, but does not target a protected trait.",True
181,@sampepper WHEN YA MAKING THAT VLOG ABOUT U BEING GAY.Once no more rape jokes I told Ya lad just tell them YOU LOVE CATCHING YOU DONT PITCH,gender,other_cyberbullying,an individual (@sampepper),harmful,high,"Threats and insults targeting an individual, not tied to a protected trait.",True
182,Lmfao! @starrawassfuck pull out with somee kool-aid! #blackstatus love this girl always mkes me laugh!,not_cyberbullying,other_cyberbullying,an individual (@starrawassfuck),harmful,low,"Harassment through name-calling and mocking, targeting an individual.",True
183,@SilverMillsy that was the best link i could find for it. :P,other_cyberbullying,not_cyberbullying,none,neutral,none,"Friendly, supportive message with no abuse.",True
184,"While planning my entire life around getting home before dark, I absolutely have time to applaud men for not raping. #BlameOneNotAll",other_cyberbullying,gender,men,harmful,medium,Demeans men with a sexist stereotype and implies they are potential rapists.,True
185,"@brvden ANWAY, don't say nigger, and don't be a dumb fuck. bye",ethnicity,other_cyberbullying,an individual,harmful,high,"Personal harassment with insults and profanity, not tied to a protected trait.",True
186,"Some lady cut us off Coworker ""damn bitch why don't you watch where the fuck you going, yea you dumb bitch, stupid fucking nigger""",ethnicity,other_cyberbullying,an individual,harmful,high,"Personal harassment with multiple insults and profanity, targeting a coworker.",True
187,"@zip i haven't heard anything, and i tend to have my ear to the ground with such things.",other_cyberbullying,not_cyberbullying,none,neutral,none,"Friendly, neutral message with no abuse or targeting.",True
188,See these dumb ass niggers ate all my dinner and now im hungry fuck man >:(,ethnicity,ethnicity,African Americans,harmful,high,Racist slur targeting a specific ethnic group with hate speech.,True
189,"@z0mgItsHutch So when we make a rape joke, or a gay joke, or a racist joke, even ironically, there is someone in the room who is reinforced",gender,other_cyberbullying,individuals who have experienced trauma or marginalization,harmful,high,"Makes light of serious issues like rape, racism, and homophobia, potentially triggering or re-traumatizing vulnerable individuals.",True
190,@TimOfLegend just heard about yesterday. Well done. :),other_cyberbullying,not_cyberbullying,none,neutral,none,"Friendly, congratulatory message with no abuse.",True
191,"@Cactus_Soup90 tweetdeck is owned by twitter, and was bought around the time that devpolicy was changed.",not_cyberbullying,not_cyberbullying,none,neutral,none,"The tweet is a factual statement about a company's ownership and a policy change, with no abusive language or intent.",True
192,Thank you for proving my point. The anti Jewish state in tow with with the anti Muslim state too. No UN states (and more non UN) recognize Artsakh? Come on you're just an idiot now.,religion,other_cyberbullying,an individual,harmful,high,"Personal insult and harassment not tied to a protected trait, targeting an individual's perceived ignorance.",True
193,"Nah, if I call a girl a girl a bitch she gone be boo-hoo’n and getting extra and shit. So ima just call you a female",gender,gender,women,harmful,high,Uses derogatory language to demean and intimidate women.,True
194,@So_Avant_Garde your a bully lmao,other_cyberbullying,other_cyberbullying,an individual,harmful,low,"Accuses someone of being a bully, but in a mocking and dismissive manner.",True
195,dont feed me that bullshit about how a person is fucked up if they find race jokes funny or gay jokes funny or rape jokes funny,gender,other_cyberbullying,individuals who find certain jokes funny,harmful,high,"Accuses individuals of being 'fucked up' for finding certain jokes funny, implying they are morally flawed.",True
196,RT @wetsprocket: @mcfartle Someone is paying money to get @freebsdgirl reported to twitter. Twitter.,other_cyberbullying,other_cyberbullying,an individual (@freebsdgirl),harmful,low,"Accuses someone of being reported to Twitter, implying harassment or abuse.",True
197,Not true but when world colored by bigotry/racism viewpoint THAT is ALL U will EVER see! Me thinks U protest 2 much?!,ethnicity,other_cyberbullying,an individual,harmful,medium,"Accuses the target of being overly sensitive and implies they are biased, with a condescending tone.",True
198,"@DeaniesWienies ""the whole equality thing is getting out of hand."" I'll just leave this here",not_cyberbullying,other_cyberbullying,individuals who support equality,harmful,low,"Passive-aggressive comment expressing disapproval of equality, targeting individuals who support it.",True
199,"Attorney General Barr kept a smug look on his face, like have they audacity ask me those questions. I am Trump man, we will run this country as we see fit. He enjoy the bullying. He was probably a fat bully in school.",age,other_cyberbullying,Attorney General Barr,harmful,high,"Personal harassment and mocking of a public figure, not tied to a protected trait.",True
200,"Except for the b***** next to me who have no etiquette. They bullied young middle/high school girls out of their front row spots, invaded everyone’s personal space, and tried jumping over the gate and ONTO stage. They deserved to be thrown out",age,other_cyberbullying,individuals who disrupted the event,harmful,medium,"Accuses and insults individuals for their behavior, without targeting a protected trait.",True
201,#BlameOneNotAll bunch of 1st world feminists dictating to a third one country in sexist &racism way how a male positive HT is bad for women,other_cyberbullying,other_cyberbullying,feminists,harmful,high,"Harasses a group with a derogatory term and a false accusation, without targeting a protected trait.",True
202,"#BlameOneNotAll because I have to make everything about me. Yes, even your traumas are about me, and if they aren't, I'll make them.",other_cyberbullying,other_cyberbullying,an individual,harmful,high,Gaslighting and narcissistic behavior targeting an individual's mental health and personal experiences.,True
203,they look like the type of ppl who would bully me in middle school,age,other_cyberbullying,an individual,harmful,low,"Accuses someone of past bullying behavior without evidence, a form of harassment.",True
204,"Your understanding of good and evil is a little warped my friend - head chopping, child rape, dressing women in black sheets, gay killing and slave trading are in fact evil, all are prevalent in countries you love, like Syria, Libya etc. You are a joke and detached from truth.",gender,other_cyberbullying,an individual,harmful,high,"Personal attack and insult with no specific reference to a protected trait, but rather a perceived moral failing.",True
205,"Retreating to being a ""character"" is the last refuge of a scoundrel. Also, rape jokes, trans jokes, anti gay jokes, etc.",gender,other_cyberbullying,"individuals with certain characteristics (e.g. trans, gay)",harmful,high,"Lists various groups with derogatory terms, implying they are fair targets for jokes, which is a form of harassment.",True
206,@theheraldsun Depends if these 2 cesspools came from a house that taught them integrity and morals as a child ... Sadly not 😕 #toxickat #mkr,gender,other_cyberbullying,individuals (MKR contestants),harmful,medium,"Insults and derogatory language targeting individuals, not tied to a protected trait.",True
207,@iamshapit I love it when men need to create a system of inequality because they know they can't compete with women at home or at work,gender,gender,men,harmful,medium,Accuses men of creating inequality due to perceived inability to compete with women.,True
208,yea ion let no female walk over me and duhh I’m not gonna call my girl a bitch but if you acting like one you gonna get address like you acting like one idgaf you not finna act and think it’s ok,gender,gender,women,harmful,high,Threatens to address women in a derogatory manner if they act in a way the speaker disapproves of.,True
209,@Taurmaurils oh my gosh. that's got to be difficult.,other_cyberbullying,not_cyberbullying,none,neutral,none,Sympathetic and supportive message with no abuse or targeting.,True
210,"People Laugh, Bully, Tease, Make Fun Of You Only Because They Are Jealous Of You. And Are Insecure. Kill Them With Kindness.<3",not_cyberbullying,other_cyberbullying,an individual,harmful,low,"While the message is encouraging, it still contains a negative and judgmental tone towards people who bully, implying they are insecure and jealous, which can be perceived as a form of personal attack.",True
211,@AnonMnom @LBigmann Source.,not_cyberbullying,not_cyberbullying,none,neutral,none,"The tweet appears to be a neutral response to a previous conversation, lacking any abusive or harassing content.",True
212,"@Nanny_KFC nite u too,miz u ja sissy ^_^",not_cyberbullying,not_cyberbullying,none,neutral,none,"Friendly, casual message with no abusive content.",True
213,"Yeah back at middle school to junior high, i was bullied and considered a weirdo for drawing sonic :') I was nicknamed as 'sonic girl' and had no friends for like most of the years I spent at that awful school.",age,other_cyberbullying,an individual,harmful,medium,"Recalls past bullying and harassment, but does not target a specific protected trait.",True
214,"@jkronenwetter18 I'm sure the commentators you DON'T find attractive make less money, because your opinion matters so much.",gender,other_cyberbullying,jkronenwetter18,harmful,medium,Personal harassment through mocking and belittling someone's opinion.,True
215,the fact ateez went from pirates boy to school bullies boy really sends,age,other_cyberbullying,ATEEZ fans or members,harmful,low,Insults and mocks a group of people based on their interest in a K-pop group.,True
216,"If I had your face, I'd be MADD too though. RT @tayyoung_: FUCK OBAMA, dumb ass nigger http://lockerz.com/s/259510987",ethnicity,other_cyberbullying,an individual,harmful,high,"Personal harassment not tied to a protected trait, with a racist slur in the retweeted content.",True
217,deepdown nahii upar se maan lete hai hinduism galat hai but give me some reason to leave it n if u think islam is right then why islamic terrorism around the world? why terroristorganisation set up in the name of islam because allah loves terrorist or u r hidingsomethinginhuman,religion,religion,Hindus and Muslims,harmful,high,"Attacks and insults multiple religions, Hinduism and Islam, with a tone of accusation and blame.",True
218,"ELI best rap Album iceprince, not sentimental at all. Its worth it",not_cyberbullying,not_cyberbullying,none,neutral,none,The tweet is a subjective opinion about a music album with no abusive language or intent.,True
219,"Thousands of Indians, both Muslims n non Muslims r getting far far far better treatment with high quality food n diet than in India. Have you seen a single video of Indians abroad complaining of police brutality, lack of food, treatment? Idiot.",religion,ethnicity,Indians,harmful,high,"Xenophobic slur targeting ethnicity/nationality, with a derogatory term ('idiot').",True
220,Idk anything about Idina Menzel except that she gives off the exact vibe of every show choir girl that bullied me in high school,age,other_cyberbullying,the author of the tweet (Idina Menzel) or individuals like her,harmful,low,"Associates a public figure with past bullying experiences, potentially causing emotional distress.",True
221,@JanielleeeStarr MUST PUNISH YOU AH . FOR BULLYING PRISCILLA >:],other_cyberbullying,other_cyberbullying,JanielleeeStarr,harmful,high,"Threatens to punish an individual for a past action, with no mention of a protected trait.",True
222,African Americans do not support you Trump Hispanics do not support you Trump American Muslims do not support you Trump Puerto Ricans most definitely do not support you Trump American Indians hate you Trump don't support you either 90% of the country think you're an idiot,religion,ethnicity,"African Americans, Hispanics, American Muslims, Puerto Ricans, American Indians",harmful,high,Generalizes and insults multiple ethnic groups with a xenophobic tone.,True
223,"N niggas wanna ask why i don't fuck wit people, yah dumb ass niggers don't know how to act!!",ethnicity,ethnicity,African Americans,harmful,high,Racist slur targeting a specific ethnic group with derogatory language.,True
224,"@RecycledTexan I give one fuck about impressing a ""WHITE NIGGER""! This is your language, it's in your dictionary ""PALE NIGGER""! R U DUMB?",ethnicity,ethnicity,people of mixed or white ethnicity,harmful,high,Racist slur targeting a specific ethnic group with derogatory terms.,True
225,@CALMicC he kept me informed on stuff id missed and seemed ok. I liked him.,other_cyberbullying,not_cyberbullying,none,neutral,none,"Friendly, supportive message with no abuse.",True
226,"How about a quote from Biden’s friend who called him son. “Yet, Mr. President, we talk about racial equality. I assert that the Negro race is an inferior race. The doctrine of white supremacy is one which, if adhered to, will save America.” Source:",ethnicity,ethnicity,African Americans,harmful,high,Quotes a racist statement from the past that asserts the inferiority of a racial group.,True
227,Dumb nigger fuck always comes in my room uses my piano and plays one song @Rowellisous,ethnicity,ethnicity,African Americans,harmful,high,Racist slur targeting ethnicity/nationality with a derogatory tone.,True
228,"Amazing how Reuben never seems to get anybody from @middxfa liking his tweets or replying in support of his comments. None from @refsupportuk either, or any of his 'friends' and associates.",religion,other_cyberbullying,Reuben,harmful,low,Mocking and criticizing an individual's social interactions and relationships.,True
229,Stop acting dumb and grow the fuck up you little ignorant piece of nigger,ethnicity,ethnicity,black people,harmful,high,Racist slur targeting ethnicity/nationality with extreme profanity.,True
230,Idiot idolater there are 59 Muslim majority countries and no need for you to divide the world purely and very sharply into religious basis,religion,other_cyberbullying,an individual,harmful,high,"Insults and condescending tone targeting an individual, not tied to a protected trait.",True
231,#oomf keeps bullying me :(,other_cyberbullying,other_cyberbullying,an individual,harmful,low,"Reports being bullied by someone, indicating harassment.",True
232,to incessant needlepoint in a neo-communist FemiNazi Gulag!,gender,gender,women,harmful,high,"Demeans women with a sexist stereotype and insult, specifically referencing feminism.",True
233,"@ANN_Lynzee and most rational people don't. but there's enough grouped that if they repeat it often enough, ppl forget to look for a source.",other_cyberbullying,other_cyberbullying,ANN_Lynzee,harmful,low,"Implies that the target is irrational and part of a group, with a tone that is dismissive and condescending.",True
234,"Alton Tip-Off Classic tonight, 6:00pm Northwest Academy vs. O'Fallon. 7:30pm Jacksonville vs. Alton",not_cyberbullying,not_cyberbullying,none,neutral,none,Announcement of a sports event with no abusive content.,True
235,Wese sochne ki bt ha India khtm hoa tou tm log kahan Zalel ho gy? Even India py Muslims rule for 800 years. We rule over you idiot,religion,ethnicity,Hindus/Indians,harmful,high,Xenophobic and Islamophobic slur targeting a specific ethnic/national group.,True
236,I fucking hate that I've been locking myself out all this week,other_cyberbullying,not_cyberbullying,none,neutral,none,"Expresses frustration and annoyance, but does not target or harass anyone.",True
237,YES BYE @KeyonMorris: I'm not sexist but if we ever get a woman president I'm moving out the country,gender,gender,women,harmful,low,"Threatens to leave the country if a woman becomes president, implying sexism and intolerance.",True
238,@allstars_Mandoo I'm neither teasing or bulling you oppa ^^ princess fiona wouldn't do that! :D (aka me ^^) Lets go then ^^~,other_cyberbullying,not_cyberbullying,none,neutral,none,"Friendly, playful message with no abuse or targeting of a protected trait.",True
239,RT @HajiIshak1: RT @deaannnaa_:Katie and Nikki are frkn annoying stfu #MKR you're not even hot lol stop  RT:@.vid.http://t.co/cRzO2P219y,gender,other_cyberbullying,Katie and Nikki,harmful,high,"Personal harassment with insults and mockery, not tied to a protected trait.",True
240,@brookemarielane Haha!  Ditto!  I'm actually posting a pumpkin recipe this week.  #CantGetEnough!,not_cyberbullying,not_cyberbullying,none,neutral,none,"Friendly, supportive message with no abuse, expressing agreement and sharing a personal interest.",True
241,"I have been called Bassboy, garden boy, house negro, white zombie the list is endless.",ethnicity,other_cyberbullying,an individual,harmful,high,Personal harassment through a list of derogatory nicknames with no specific trait targeted.,True
242,@Taurmaurils WATCH THIS IT IS AMAZING https://t.co/qEliaGvI24,other_cyberbullying,not_cyberbullying,none,neutral,none,The tweet is a neutral link-sharing message with no abusive content.,True
243,I was bullied pretty hard before high school. Girls bully by isolating you and crushing your self worth. When I started high school I had zero friends left.,age,other_cyberbullying,an individual,harmful,medium,"Describes personal experience of bullying, but also generalizes and shares negative impact on self-worth.",True
244,"i used to get bullied so badly in middle school by these two girls bc of my acne.. i cried a lot... i didn't see them again until high school but dAMN, karma got them back bc they ended up with worse acne than what i ever had. they shouldn't have been mean to me.",age,other_cyberbullying,an individual,harmful,medium,"Retaliatory harassment targeting individuals for past bullying, not tied to a protected trait.",True
245,Those white painted up imposters so called Native Americans are not the Real Indigenous Indians of the USA. We are the Only Negros who are Hebrew!!! All blacks in America are not Hebrews. They have imported a lot of foreign niggas to culture rape us and replace us. GENOCIDE!!!,ethnicity,ethnicity,Native Americans and African Americans,harmful,high,Racist and xenophobic language targeting multiple ethnic groups with false claims and threats of genocide.,True
246,@SFtheWolf there are better ways to make that comic & not scare off all your female customers.,not_cyberbullying,other_cyberbullying,female customers,harmful,low,"Criticism of a comic that may be perceived as scaring off a specific group, but not explicitly targeting a protected trait.",True
247,@DGFurr @CNN @marcorubio Yep! ANOTHER FALSE FLAG JUST LIKE IRAQ. WE AINT IDIOTS YOU KNOW. US MEDIA MUST CUT THE CRAP AND BS!,other_cyberbullying,other_cyberbullying,none,harmful,high,"Accuses US media of spreading false information and being dishonest, with a tone of aggression and condescension.",True
248,"THINKING CHALLENGE: What percentage of school age kids (K - 12th grade) have experienced bullying or been a bully, themselves? #FurlowEC #MoraineValley #SchoolsAndDelinquency",age,not_cyberbullying,none,neutral,none,"Asks a neutral, informative question about bullying statistics without targeting or harassing anyone.",True
249,Zakula I had hoped that maybe there was a brain in your head. I was mistaken. My bad. You say there’s no sharia law? Then what are no go zones unless you’re Muslim. She did marry her brother. It’s been proven. You’re in denial and the idiot.,religion,other_cyberbullying,Zakula,harmful,high,"Personal harassment with insults and condescending tone, targeting an individual's perceived views and intelligence.",True
250,"At least people were afraid to laugh at me cause I was the weird girl. Which usually you'd think it was the opposite, but luckily after being bullied bad in jr high, I learned how to give off a douchey vibe to get people to back off. At least to my face",age,other_cyberbullying,an individual,harmful,medium,"Recalls past bullying and describes adopting a defensive, intimidating attitude to deter further harassment.",True
251,@MrAlMubarak Allah the terrorist can stick what he wants up his giant  ass.,religion,religion,Muslims,harmful,high,Hateful slur targeting a religious group with a derogatory comparison.,True
252,"The film ends where it started with Nimbe murdering his school bully in the glare of everyone. It was his final unraveling as a gangster, completing a total turnaround for a mummy's boy. #NIMBE",age,other_cyberbullying,a school bully,harmful,low,"Harasses a specific individual, a school bully, with no reference to a protected trait.",True
253,RT @yungturd: there should b an app that tells you when the best time to walk into guitar center is without being raped by 14 yr old's guit…,not_cyberbullying,other_cyberbullying,customers of Guitar Center,harmful,high,"Threatens customers with physical harm, specifically rape, in a public place.",True
254,"Idiot. I lived there for over 30 years. You are lying. They do not have their own police force. They might have a neighborhood watch like the Muslims, the LGBTQ, the students at Columbia, the Guardian Angels and so on. Stop being an idiot.",religion,other_cyberbullying,an individual,harmful,high,"Personal insult and harassment not tied to a protected trait, with additional name-calling and condescending tone.",True
255,You made a good point about NATO's war crimes against humanity. Unfortunately with the same breath you promote NATO's dirty narrative that demonizes the word Jihad. Terrorists are NOT Jihadists. Jihad is a sacred struggle not terrorism.,religion,other_cyberbullying,an individual,harmful,medium,"Accuses the target of promoting a 'dirty narrative' and demonizing a religious concept, with a tone of criticism and accusation.",True
256,I refuse to step foot in Hip Hop Chicken. Them fuck ass egyptians profiting off you dumb niggers. I will not drink the koolaid.,ethnicity,ethnicity,African Americans,harmful,high,"Racist slur targeting African Americans, using ethnic slurs and derogatory language.",True
257,@jwillmitch318 @Magnusxxn @AdamHorowitzLA Adultery:canon. Rape jokes:canon. Man ignoring a woman's requests 2 stay away:canon. BUT OH NO GAY,gender,other_cyberbullying,individuals who are gay,harmful,high,"Harasses and mocks a specific group with a derogatory tone, not tied to a protected trait.",True
258,@BlackGirlTia This is a list of lies and baloney that you are presenting.  It has zero to do with the Quran and Hadiths.,religion,other_cyberbullying,BlackGirlTia,harmful,medium,Accusatory and dismissive language targeting an individual without referencing a protected trait.,True
259,“@ouchnolarry: Things to not joke about • mental illnesses • suicide • self harm • rape” •making fun of gay people •people's weight,gender,other_cyberbullying,LGBTQ+ individuals,harmful,high,"Making fun of a specific group, in this case, gay people, is a form of harassment.",True
260,RT @rrangel_04: Hate the girls who act like they're your friend yet lowkey want your nigga,gender,gender,women,harmful,medium,"Demeans women with a sexist stereotype and insult, specifically targeting their behavior and relationships.",True
261,And u have all these Black cops playing house nigger to the white Sargent it was fuckin disgusting if you ask me ...,ethnicity,ethnicity,Black people,harmful,high,Racist slur targeting ethnicity/nationality with a derogatory term.,True
262,"@vex0rian @Sir5000 @StormsOnSaturn yeah, i've got a cron to kick it. it must not be kicking it properly.",not_cyberbullying,other_cyberbullying,an individual,harmful,low,"Mocking language targeting an individual, but not tied to a protected trait.",True
263,"Spreading “kindness” and “blm” when they themselves are the bullies and racist scumbags who literally made me want to end it all in secondary school, leaving life long body issues, mental health issues etc. And also spread a rumour that her ex (who happened to be black) hit her-",age,other_cyberbullying,an individual,harmful,high,"Accuses someone of being a bully and racist, and also spreads a false rumour, causing emotional harm.",True
264,@iSpeakCharming NIGGA YOU DUMB AS SHIT. FELTON IS ASS. PAYLESS PG. FAGOT. YOU A WELFARE DUMB NIGGER. JUST GO FUCK YOURSELF,ethnicity,ethnicity,African Americans,harmful,high,Racist and ethnic slurs targeting a racial group with extreme hostility.,True
265,se eu confessar que tô começando a gostar de fonk algm vai fazer bullying ??,not_cyberbullying,other_cyberbullying,an individual,harmful,low,"Asks if confessing a personal preference will lead to bullying, implying fear of harassment.",True
266,They are just auditioning to work @FUNimation where gay jokes and rape jokes are tolerated. No surprise.,gender,other_cyberbullying,individuals who work at FUNimation,harmful,medium,"Harasses individuals with a generalization about their workplace culture, targeting no specific protected trait.",True
267,@donnabrazile Christian woman ??? Right waste of flesh,religion,religion,Christians,harmful,high,Hateful slur targeting a religious group with a derogatory term.,True
268,Mocked me about being short and wearing thick glasses. I felt as though I was back in high school being bullied by the mean girls. :( And this was from a woman who was at least 20 years older than I was at the time.,age,other_cyberbullying,an individual,harmful,high,"Personal harassment targeting physical traits and age, with a tone of bullying reminiscent of high school.",True
269,HAPPY BIRTHDAY @Charalice_ !! ur one of the first sam friends i made i honestly love u to pieces and i hope you have the happiest and best birthday like u deserve <33,ethnicity,not_cyberbullying,none,neutral,none,"Friendly, celebratory message with no abuse or targeting.",True
270,"I have lost a best friend today, all because of DUMB FUCKS. Hey Ashley go fuck yourself with a piece of shit, then go eat a nigger.",ethnicity,other_cyberbullying,Ashley,harmful,high,"Personal harassment with multiple insults and profanity, targeting an individual.",True
271,I hate doing lab write ups. Dumb ass science bullshit.. fuck your labs nigger. ,ethnicity,other_cyberbullying,an individual,harmful,high,"Personal harassment with a racial slur, not tied to a protected trait.",True
272,"you’re an idiot. you’re minimizing the movement by bringing up such unnecessary context . disgusting. innocent lives will always matter. don’t care if that person was a shia muslim, sunni Muslim, ahmadi. whatever y’all wanna say.",religion,other_cyberbullying,an individual,harmful,high,"Personal harassment with insults and condescending tone, targeting an individual's perceived actions or opinions.",True
273,RT @davidjones720: OBAMA and his love for golf is greater that love for CHRISTIANS or Jews ! http://t.co/LludcU5jSP,religion,religion,Christians and Jews,harmful,high,Attacks Obama's faith-based priorities with a hateful generalization.,True
274,"Lol! RT @retrowill3 Why are you mad Fat Girl RT @tayyoung_: FUCK OBAMA, dumb ass nigger",ethnicity,other_cyberbullying,an individual,harmful,high,"Personal harassment not tied to a protected trait, includes racist slur and derogatory term.",True
275,@NATgotemall never that not me lls,not_cyberbullying,not_cyberbullying,none,neutral,none,The tweet appears to be a nonsensical string of characters and does not contain any abusive language or intent.,True
276,That's what his stupid ass get. ðð https://t.co/UOn2vjNu3P,other_cyberbullying,other_cyberbullying,an individual,harmful,high,Personal harassment through a derogatory term and mocking tone.,True
277,"MC, don't lie blatantly.. I don't rely on Wikipedia and mainstream media. They twist the story like anything. Do you remember Moola Genocide, Kashmir Genocide, Godhra Genocide? Did Hindu's kill Muslim? Don't be a idiot. We are not oppressor. We are safe guarding our culture.",religion,other_cyberbullying,an individual,harmful,high,"Accuses and insults an individual with no specific protected trait, promoting a harmful narrative.",True
278,@NNdabbour64 And I would never go near a country with blasphemy laws.,religion,other_cyberbullying,an individual (@NNdabbour64),harmful,low,"Insults and criticism targeting an individual, not tied to a protected trait.",True
279,MTV VMAs: Kevin Hart jokes he was bullied to host sans pay [Video] http://t.co/p6gmXNT,not_cyberbullying,not_cyberbullying,none,neutral,none,"Reports on a celebrity's statement about being bullied, without any abusive language or intent.",True
280,with faith n hope belief,other_cyberbullying,not_cyberbullying,none,neutral,none,"The tweet appears to be a phrase with positive connotations, expressing optimism and faith, and does not contain any abusive language or intent.",True
281,@suranie Exactly.  Merkel is defending this.  And the protesters are called Islamophobes for being against it. http://t.co/08ZwRcTo88,religion,other_cyberbullying,protesters,harmful,medium,"Accuses protesters of being Islamophobes, implying they are bigoted, without providing evidence or context.",True
282,@baroqueout babe that was a fucking terrible thing to have happen and in no way your fault.,other_cyberbullying,not_cyberbullying,none,neutral,none,Supportive message expressing sympathy and absolving the person of blame.,True
283,Standing up for those that are afraid.,other_cyberbullying,not_cyberbullying,none,neutral,none,Supportive statement with no abuse or targeting of a protected trait.,True
284,there isn’t one and I doubt you’d know since this is the first time ur seeing a pride flag im so proud of you gowri sending you love,ethnicity,not_cyberbullying,none,neutral,none,Supportive and affectionate message with no abuse or targeting.,True
285,@SuperSpacedad @ggautoblocker ❤️❤️😊,other_cyberbullying,not_cyberbullying,none,neutral,none,"Friendly, supportive message with no abuse.",True
286,"U see the biggest problem we have in our country is that everything is about racist..racism is a weapon use to cover up the wrong of others..to be found not guilty just use racism to escape..all South Africans is racist white,black,colored and every other racist in South Africa.",ethnicity,other_cyberbullying,South Africans,harmful,high,"Generalizes and attacks an entire group with a baseless accusation, promoting a harmful stereotype.",True
287,"I've seen liberals get mad for criticizing them over mocking Trump and Putin by making them a gay couple, or making prison rape jokes about people who worked under Trump.",gender,other_cyberbullying,liberals,harmful,high,"Harasses a group with a derogatory and mocking tone, not tied to a protected trait.",True
288,No it's called racism. Perhaps read the definition in a dictionary. This covers most bases of racism so you don't come across a complete idiot in future Btw don't make assumptions that all Muslims are religious or to what level. Or those of other religions.,religion,other_cyberbullying,an individual,harmful,high,Insults and condescending tone targeting an individual's perceived ignorance.,True
289,"@brianfenton eh, it doesn't bother me.",other_cyberbullying,not_cyberbullying,none,neutral,none,"The tweet is a neutral response to someone, with no abusive or harassing language.",True
290,the way men call women bitches and females don't sit right with me,gender,gender,women,harmful,medium,"Expresses discomfort with sexist language, implying it's unacceptable.",True
291,He told to destroy radical Islamic Terrorism not Islam fool or do u believe that all Islamic ppl r radicals then u cry later that Terrorism has no any religion. Hypocrite,religion,other_cyberbullying,individuals who disagree with the speaker,harmful,high,"Accuses someone of hypocrisy and being a fool, with no constructive criticism or respectful tone.",True
292,RT @coltonodoherty I hate it when girls are in a bad mood so what i'm trying to say is I hate girls,gender,gender,girls,harmful,high,Demeans girls with a sexist stereotype and insult.,True
293,"You’re no different than the idiot liberals who boycott anyone who deviates from their exact worldview. I think Mark is being obtuse to suggest China’s treatment of Muslims is “domestic policy“ but hes a good guy, how about we convince him with argument and not lame boycotts.",religion,other_cyberbullying,individuals who hold a certain worldview,harmful,medium,"Insults and condescending tone targeting individuals with a specific worldview, without referencing a protected trait.",True
294,HIGH SCHOOL. FUCKING. BULLIES!!,age,other_cyberbullying,bullies in high school,harmful,high,"Harassment of a group of individuals, specifically bullies in high school, with strong language.",True
295,"Persona 5 is a game that has themes of: Rape, sexual harassment and abuse, murder, and suicide, but a joke scene featuring two gay predators is where you draw the line?",gender,other_cyberbullying,individuals who identify as LGBTQ+,harmful,high,"Accuses a group of being predators, implying they are abusive and deserving of judgment.",True
296,stan got this A+ last word before blocking me: Ever heard of caustic #sarcasm? Rename yourself @yesyoureaBellend Thanks Awfully *mwah!* xxx,not_cyberbullying,other_cyberbullying,an individual,harmful,low,"Uses sarcasm and insults to mock and belittle an individual, but in a somewhat playful tone.",True
297,I 've never seen such an overly-entitled toddler tantrum bullshit review from a supposed professional before. It reads like a high school mean girl post she bullied the schools newsletter into including coz she mad about something,age,other_cyberbullying,an individual,harmful,high,"Personal harassment with insults and mocking tone, targeting a person's behavior and perceived immaturity.",True
298,"Le dan color con los tuiteros que almorzaron con Piñera.Tanto bullying,si hubieran sido ustedes los invitados habrían ido igual. #Esonomás.",not_cyberbullying,other_cyberbullying,Piñera's Twitter followers,harmful,medium,"Accuses a group of people of bullying, implying they are weak or cowardly.",True
299,"We never ashamed to be called black. The first African to get its independence from the white terrorist. You all have one of the colors of our flag , green,yellow and red. And check what the WHO chairman said. I'm negro I'm black there is more",ethnicity,other_cyberbullying,an individual,harmful,high,"Uses derogatory language and insults to attack an individual, not tied to a protected trait.",True
300,tbh i don’t think he was really a “villain” i think his character was just trying not to disappoint his parents. he was more of the high school bully character,age,other_cyberbullying,an individual,harmful,low,"Mockingly labels someone as a high school bully, implying they are a negative or problematic person.",True
301,Kat and Andre are now more hated than Adam and Carol. #mkr,not_cyberbullying,other_cyberbullying,Kat and Andre,harmful,low,"Harasses individuals with a negative statement, targeting their reputation.",True
302,RT @finicalgal: Stuffing up instant couscous should be an immediate elimination.,not_cyberbullying,other_cyberbullying,an individual,harmful,low,Mocking someone's cooking skills as a form of personal harassment.,True
303,@jwinno #AskJosh Can you tweet me so I can fangirl in the middle of class? <33 Love you.,not_cyberbullying,not_cyberbullying,none,neutral,none,"Friendly, enthusiastic message with no abuse or targeting.",True
304,"I apologize Mahmut, but there about 40 million muslims who would like to have a word with you about ""leaving the scholars aside."" In fact, parts of the koran itself were written by scholars just interpreting previously written portions of the book. You sir, are an idiot.",religion,other_cyberbullying,an individual,harmful,high,"Personal insult and harassment not tied to a protected trait, targeting an individual's perceived ignorance.",True
305,"So you mean to tell me that this so called free Black man was operating like a white man at white supremacy’s peak, you don’t think that’s it’s a smear campaign so y’all negros and white supremaist can say “Blacks owned slaves too”. To further villains the victims?",ethnicity,other_cyberbullying,Blacks,harmful,high,"Accuses a racial group of hypocrisy and perpetuating a smear campaign, with a tone of accusation and blame.",True
306,"Big Boobs. A Thread. I had breasts before most of the girls in the locker room in 6th grade, and was bullied; I was groped in 8th grade, and by high school, I wore hoodies so people would leave me alone. That was a them problem that I internalized, falsely believing people would",age,gender,women,harmful,medium,"Objectifies and sexualizes women with a focus on physical appearance, recalling past bullying and harassment.",True
307,I heard Dumb niggers can fuck the most. Who knew ?,ethnicity,ethnicity,African Americans,harmful,high,Racist slur targeting a specific ethnic group with a derogatory term.,True
308,But saying that beef means that Africans hate black Americans is not good. It’s not justifiable. I was bullied by a BA girl in high school. I would be out my damn mind to bring that smoke to every BA girl i encountered.,age,other_cyberbullying,black American girls,harmful,high,Threatens and insults a group based on their ethnicity and association with a past bullying experience.,True
309,Why do you care? It has nothing to do with you! You are a mom of two girls! Be a role model not some stupid middle school bully!,age,gender,mothers,harmful,medium,"Demeans a mother with a sexist stereotype and insult, targeting her role as a parent.",True
310,in elementary school I got bullied for liking sabrina the teenage witch and high school musical because they were for girls so when years later I started feeling like a girl I knew I had to bury those thoughts real fucken deep,age,other_cyberbullying,an individual,harmful,high,"Personal account of past bullying, but also contains self-harmful language and a negative tone.",True
311,I am tired of having feels. When do I get to go full robot?,not_cyberbullying,other_cyberbullying,an individual,harmful,low,"Makes a derogatory comment about someone's emotional state, implying they are less than human.",True
312,"#HURT LMFAOOO TELL US WHY YOU MAD BITCHHH“@Authentic_PIINK: You mad? “@tayyoung_: FUCK OBAMA, dumb ass nigger””",ethnicity,ethnicity,African Americans,harmful,high,Racist slur targeting African Americans.,True
313,"@Tiny_Xoxo bully , inns report yu to the Twitter authorities",other_cyberbullying,other_cyberbullying,Tiny_Xoxo,harmful,high,"Threatens to report the target to authorities, a form of harassment.",True
314,i still can’t believe people blame their past violence towards dark skinned black women on self hate tbh...i literally despised myself as a kid during my “emo” period and still never thought anything like that..let alone tweeted it,ethnicity,other_cyberbullying,individuals who have committed past violence towards dark-skinned black women,harmful,medium,Accuses individuals of self-hate and implies they are morally reprehensible without directly targeting a protected trait.,True
315,"The bullies were another case, starting from school to tuition centers, then street OMG how did I survive all of this :'( how .. I'll write chapters about it all but would rather cut it short. Happy birthday and God bless you!",age,other_cyberbullying,the author of the tweet (referring to themselves as a victim of bullying),harmful,low,"Expresses distress and trauma from past bullying experiences, but in a self-victimizing manner.",True
316,Ctfu So Tru >>>>>> “@FyoTweets: They be like so you said shut the fuck up you dumb nigger Haha I be weak when they say the Shit you said”,ethnicity,other_cyberbullying,an individual,harmful,high,"Harassment and mockery of an individual, using profanity and a derogatory term.",True
317,"Worm of Islamic militant http://jihad.my language is good .look at Ur language .u said a great man bhagat a terrorist .Hinduism a stone age , then I can say worm of Islamic jihad ( which is not humanity)",religion,other_cyberbullying,an individual,harmful,high,"Personal harassment with insults and name-calling, targeting a specific individual with no clear reference to a protected trait.",True
318,"Yo, @TychoBrahe, where were you when we were getting run out of our homes? Not famous enough for you?",other_cyberbullying,other_cyberbullying,TychoBrahe,harmful,medium,"Personal attack and insult targeting an individual, not tied to a protected trait.",True
319,Girl you special like a met you in a slow class 😉,not_cyberbullying,gender,girls/women,harmful,low,Objectifies and demeans a girl with a condescending tone and stereotype.,True
320,Getting bullied online is tough I remember one time this girl in high school bullied me on Tumblr everyday because I was a weird virgin and didn't want to have sex with her she came on too strong smdhhh I deserve it now tho,age,other_cyberbullying,an individual,harmful,medium,"Recalls past online harassment, but also implies the victim 'deserved it', perpetuating a harmful attitude.",True
321,"Colonial newspapers contributed to the perpetuation of slavery. Advertised 250 years ago today: ""RUN away, a NEGRO MAN named BILLY ... generally called White hand Billy, from a burn on his hand."" (South-Carolina & American General Gazette 4/20/1770)",ethnicity,other_cyberbullying,none,harmful,low,"Historical reference to slavery and racism, but presented in a neutral, informative manner without targeting a specific individual or group.",True
322,Grizzlies can't beat a team that's trying to freaking tank! So damn pathetic!,other_cyberbullying,other_cyberbullying,Grizzlies fans,harmful,high,"Insults and mockery directed at a specific group, not tied to a protected trait.",True
323,"YOU LIL STUPID ASS BITCH, I AIN'T FUCKIN WIT YOU!",other_cyberbullying,gender,women,harmful,high,Demeans women with a sexist slur and insult.,True
324,Gay/Rape/HIV/AIDS/Race Jokes aren't funny...,gender,other_cyberbullying,individuals who make certain types of jokes,harmful,medium,"Criticizes certain types of jokes without directly targeting a protected trait, but still has a negative tone.",True
325,"Salty af too! Lol @JayJTheKidd: Damn you mad bro? RT @tayyoung_: FUCK OBAMA, dumb ass nigger",ethnicity,other_cyberbullying,Obama,harmful,high,"Harassment not tied to a protected trait, uses a racial slur to insult a public figure.",True
326,I want that nigger that called me last night to come out here so i can use my nigger knocker on him ha ha dumb fuck nut ha ha,ethnicity,ethnicity,African Americans,harmful,high,Racist slur targeting a specific ethnic group with a violent threat.,True
327,"Yo lemme break something down to y’all cause niggas is so dumb my mans on camera fuckin this racist man’s wife or whatever... check it out family, SHE COULD FUCK YOU AND STILL BE RACIST AND CALL U ALL KINDS OF NIGGERS",ethnicity,other_cyberbullying,an individual,harmful,high,"Uses derogatory language and insults to harass and degrade an individual, targeting their perceived behavior rather than a protected trait.",True
328,Whiny manbabies.,other_cyberbullying,other_cyberbullying,men,harmful,low,"Insulting men with a derogatory term, targeting their masculinity.",True
329,@truaemusic @mattybboi83 @Number10gov Islam cannot be reformed because it's vileness is too deep in the religion.,religion,religion,Muslims,harmful,high,Hateful generalization attacking a religious group.,True
330,Yeah it’s called being Tone Deaf and advocating for White Supremacy. According to the great negro Bomani Jones,ethnicity,other_cyberbullying,an individual,harmful,high,"Personal attack and insult, not tied to a protected trait, but with a racial slur.",True
331,As a Christian I support BJP Islamic radicals are the real threat here !! India stayed as a secular country only because of Hindu majority .If Islam was majority there won't be any secularism . Radical Islamists must be dealt with iron fist,religion,ethnicity,Muslims,harmful,high,Xenophobic and Islamophobic rhetoric targeting a religious group as a threat to a nation's secularism.,True
332,I remember getting bullied by two girls in high school but when I defended myself for the first time I was told I don’t respect women and had to get grounded.,age,other_cyberbullying,an individual,harmful,medium,"Recalls past bullying but also mentions being unfairly accused of disrespecting women, implying a negative experience with gender dynamics.",True
333,Well if it's her responsibility to keep herself safe then thats exactly what she did when she took the picture of thr license plate. But you called her a bitch for that. Then again any guy who calls women females is automatically trash anyway so I'm not surprised you don't get it,gender,other_cyberbullying,an individual,harmful,high,"Personal harassment with insults and derogatory language, targeting a specific person.",True
334,Stfu about Ariel the decision has been made already lol calling black people niggers over a decision that we had no say on is disgusting stfu it honestly getting real annoying,ethnicity,other_cyberbullying,an individual,harmful,high,"Personal harassment and insults, including a racial slur, but not specifically targeting a protected trait.",True
335,Someone outside just asked me if I'm the woman that wrote @TheBlockBot :| // cc @oolon,not_cyberbullying,not_cyberbullying,none,neutral,none,"A neutral, non-abusive message asking for clarification about a public figure.",True
336,1) Babar was invader who killed million of Hindus & demolished ram temple 2)The Godhra Train Burning 3)Tahhir Hussain MC All above u mentioned is because of peaceful community.stop support ing radical islamic terrorism,religion,other_cyberbullying,individuals who support radical Islamic terrorism,harmful,high,Harasses individuals who support a particular ideology with inflammatory and accusatory language.,True
337,Found out the girl who bullied me throughout high school now has 3 kids and is married and still living in our home town. All before 25. Damn ma’am.,age,other_cyberbullying,an individual,harmful,medium,Personal harassment targeting a specific person with a mocking tone.,True
338,"She aint got nothing better to but be mad...lilRT @MrsLarson2U: This bitch smdh.....RT @tayyoung_: FUCK OBAMA, dumb ass nigger",ethnicity,other_cyberbullying,an individual,harmful,high,"Personal harassment not tied to a protected trait, with multiple instances of derogatory language.",True
339,RACISM is wen u select your white clothes to wash 1st and save the black and colored ones for last wash..lmao,ethnicity,other_cyberbullying,none,harmful,low,"Uses a racial stereotype in a joking manner, but still conveys a negative and discriminatory attitude.",True
340,@shaner38 I said it for months.  Didn't know how good McKinnon was...,gender,not_cyberbullying,none,neutral,none,"Friendly, casual conversation with no abuse or targeting.",True
341,@MillerMENA Why is anyone surprised that Putin had Nemtsov shot. Putin bombed Russian apartment buildings to start the Chechen war.,not_cyberbullying,other_cyberbullying,Putin,harmful,medium,"Accuses Putin of ordering a murder and a war crime, with a tone of accusation and blame.",True
342,"Very homophobic, said he would prefer his own son dead than gay. Told a representative that he wouldn't rape her because she was too ugly to deserve rape. Planned false flag attacks on military bases to increase funding to the military (but said it was a joke when found).",gender,other_cyberbullying,an individual,harmful,high,"Personal harassment not tied to a protected trait, including homophobic slurs, rape threats, and false flag attack planning.",True
343,I’m glad I wasn’t in high school when VSCO girls were a thing they definitely would have bullied me,age,other_cyberbullying,VSCO girls,harmful,low,Mocking a subculture with a past tense implication of bullying.,True
344,"Ope, please watch the ‘Rape Jokes’ stand up set by @cameronesposito! Especially if you’re gay and grew up religious. You’ll feel so seen.",gender,other_cyberbullying,individuals who are gay and grew up religious,harmful,low,"While the tweet references a potentially sensitive topic, it is framed as a recommendation for a comedy set, and the tone is more playful than malicious.",True
345,@Polzie @moshanthi who should we bully?,not_cyberbullying,other_cyberbullying,individuals,harmful,low,"Suggests or encourages bullying, which is a form of harassment not tied to a protected trait.",True
346,Catching the last BART home. So excited! What a productive evening. :),not_cyberbullying,not_cyberbullying,none,neutral,none,"Friendly, enthusiastic message with no abuse or targeting.",True
347,Ummm.... what? Have you even been to any muslim nation. Y’all act like the US ain’t riddin with pedophiles. Just look at the idiots in power. Also maths was discovered by arabs read a book then come talk to me.,religion,other_cyberbullying,an individual,harmful,high,"Personal harassment and insults not tied to a protected trait, with a tone of condescension and aggression.",True
348,"RT @tauriqmoosa: Oh, is the Witcher 3 a game that let's you play as a lesbian of colour? That is remarkable! http://t.co/HfQLh0U04Z",other_cyberbullying,not_cyberbullying,none,neutral,none,"The tweet is a positive, neutral comment about a video game, praising its representation.",True
349,"White Man Roger Stone sentenced as a criminal, also called > > journalist Roland Martin a “Negro” > Megyn Kelly a “nice set of cans” Felon & Racist & Misogynist Who else can be best buddy with @realDonaldTrump ??? Law & Order??? Are you #MAGA peeps kidding me?",ethnicity,other_cyberbullying,"individuals (Roger Stone, Roland Martin, Megyn Kelly)",harmful,high,"Harasses and insults multiple individuals with derogatory terms and accusations, without targeting a specific protected trait.",True
350,girls named madison in middle school after they bully the autistic kid,age,other_cyberbullying,individuals with autism,harmful,high,"Harasses and stigmatizes individuals with autism, specifically mentioning bullying behavior.",True
351,"@AntiDARKSKINNED: Don't start with that I'm brown"" bullshit. You are black, you are a nigger. You are filthy & disgusting.""...........oh",ethnicity,ethnicity,black people,harmful,high,Racist slur targeting a specific ethnic group with derogatory language.,True
352,When the girl who bullied you in high school for liking Harry styles is now posting on social media about how much she likes his music,age,other_cyberbullying,an individual,harmful,low,"Retaliatory post targeting a specific person for past behavior, not tied to a protected trait.",True
353,I like bullying my sister's friend.. :)),other_cyberbullying,other_cyberbullying,an individual,harmful,low,"Threatens to bully someone, indicating a harmful intent.",True
354,RT @davidsgallant: Valve gave the ability to prevent specific curators from appearing on their games' pages. Devs: you know what to do abo…,not_cyberbullying,not_cyberbullying,none,neutral,none,"The tweet is a neutral, informative retweet with no abusive content.",True
355,Seabreeze High School: Justice for African American Special Needs Student - Bullied by Savannah and Chelsea - Sign the Petition! http://chng.it/QNWRgLhC via @Change I’m disgusted to watch this stupid video that two girls created for some dumb likes. Let me trip their dumb asses.,age,other_cyberbullying,Savannah and Chelsea,harmful,high,"Personal harassment and insult targeting two individuals, not tied to a protected trait.",True
356,@rikumemes Your work is fucking terrible tbh fuck them,other_cyberbullying,other_cyberbullying,an individual,harmful,high,"Personal harassment with profanity and insult, not tied to a protected trait.",True
357,@iMoRTaLMonkeyyy @BrokenTourneys its simple math u dumb black nigger ass hoe pussy bitch dumb fuck cunt,ethnicity,ethnicity,black people,harmful,high,Racist and ethnic slurs targeting a racial group with extreme hate speech.,True
358,"Bitch you're mad ? Oh RT @tayyoung_: FUCK OBAMA, dumb ass nigger",ethnicity,other_cyberbullying,an individual,harmful,high,"Personal harassment and derogatory language, not tied to a protected trait.",True
359,@KirinDave nope. I play WoW. GW sux.,not_cyberbullying,other_cyberbullying,KirinDave,harmful,low,Personal harassment through a derogatory statement about someone's interests.,True
360,"They won't stop their Hindu Hatred, we must start our Hindu Assertion everyone in school has a school bully, we only respected him out of fear, nothing else Hs must reach that level of fearfulness among others",age,other_cyberbullying,individuals who are perceived as having 'Hindu Hatred',harmful,high,"Threatens and intimidates individuals perceived as having a certain trait, without targeting a protected characteristic.",True
361,@OscarDelaHopia Me too.  Too late now. Heheh.,not_cyberbullying,other_cyberbullying,OscarDelaHopia,harmful,low,"Personal harassment with a mocking tone, targeting an individual without a specific protected trait.",True
362,@sajid_fairooz @IsraeliRegime Yes they are Jew hating barbarians.,religion,ethnicity,Jews,harmful,high,Anti-Semitic slur targeting a specific ethnicity.,True
363,"You love your country like you love your kids - unconditionally. 1619 comes into your house, tears down the pictures on the fridge, and replaces them with social media screenshots about your kids from bullies and mean girls at school.",age,other_cyberbullying,parents of children bullied at school,harmful,high,Uses a personal and sensitive scenario to mock and belittle parents of bullied children.,True
364,seriously colin stop smiling/smirking. frowning looks better on you. #mkr,gender,other_cyberbullying,Colin,harmful,low,"Mocking and criticizing someone's appearance, not tied to a protected trait.",True
365,HOLY SHIT,other_cyberbullying,not_cyberbullying,none,neutral,none,"Exclamation is an expression of surprise or shock, not a targeted attack.",True
366,"Are in idiot! Have u ever met a muslim?? and who is attaching Christianity your own Christians are doing that.... being cristian means what to you?? Love thy neighbor?? If you know a anything about Islam its about love, forgiveness, family, making decisions with your heart...",religion,other_cyberbullying,an individual,harmful,high,"Uses aggressive language and insults to attack an individual, without targeting a specific protected trait.",True
367,Niggers on twitter is just dumb as fuck,ethnicity,ethnicity,African Americans,harmful,high,Racist slur targeting a racial group.,True
368,"Kat on not winning people's choice: ""I can't believe this! Obviously those campers were voting strategically."" #mkr #delusionalcow",gender,other_cyberbullying,Kat,harmful,medium,"Insults and mocks an individual's perceived behavior, without targeting a protected trait.",True
369,"Thank you so much! It’s so annoying l don’t even want respect just common human decency, I just feel like it needs too be spoken about more like in the cod days it went from “your mum is gay” to now getting rape threats it’s just beyond a joke now",gender,other_cyberbullying,an individual,harmful,high,"Expresses frustration and mentions receiving rape threats, which is a form of harassment not tied to a protected trait.",True
370,"@eZhenKHJEN Walao you see la, you bad friend, bully again :( :( :( I am lor, don't deny the truth!",other_cyberbullying,other_cyberbullying,an individual (@eZhenKHJEN),harmful,medium,"Accuses someone of being a bad friend and bully, with a negative tone and emotional appeals.",True
371,"The girls you worship on Love Island are the same kinda girls that bullied you in high school, shut up x",age,other_cyberbullying,an individual,harmful,medium,"Personal attack and insult not tied to a protected trait, targeting an individual's past experiences.",True
372,Going after people with who support other political candidates...what did we call those folk growing up? What were we taught those people are called in school? I'll let you Google it...I'll give you a hint bully...its not from America.,age,other_cyberbullying,people who support other political candidates,harmful,medium,Insults and mocks individuals with a differing political opinion.,True
373,"This dude beats on women, belittles them down to just being a vagina for his sexual wants, talks about rape incest & pedophiles like it’s a joke, and says being gay is a mental illness. Then tweets about dismantling toxic masculinity... Niggas really are delusional.",gender,other_cyberbullying,individuals with certain behaviors or views,harmful,high,"Harasses individuals with certain behaviors or views, using derogatory language and making light of serious issues.",True
374,Please stop being gullible dumb niggers falling into society trends fuck society shit is not set up for niggas and that's that,ethnicity,ethnicity,African Americans,harmful,high,Racist slur targeting a specific ethnic group with derogatory language.,True
375,How's the game portraying it's only openly gay characters as predators for a rape joke not homophobic? Lmao,gender,other_cyberbullying,individuals who identify as LGBTQ+,harmful,high,"Uses a stereotype to perpetuate a negative and hurtful trope about LGBTQ+ individuals, while attempting to justify it as not homophobic.",True
376,RT @peteevansnot: OK - get this off my FB page asap! #paleo #mkr http://t.co/n3Y2cItgLV,not_cyberbullying,not_cyberbullying,none,neutral,none,Request to remove content from a personal page with no abusive language or intent.,True
377,@ashleylynch @join_oapi just the site :),other_cyberbullying,not_cyberbullying,none,neutral,none,"Friendly, casual message with no abuse or targeting.",True
378,@ICONIaMmE there is this girl tht has the same name as u and people r saying she killed herself cuz of bullying and she was a GRANDer :(,other_cyberbullying,other_cyberbullying,an individual,harmful,high,"Shares a disturbing and potentially false rumor about a person, causing harm and distress.",True
379,Can help all those in workplace bullying situations to find a comfortable place to exist. http://www.equalityedge.org.uk,other_cyberbullying,not_cyberbullying,none,neutral,none,Supportive message offering help and resources with no abuse or targeting.,True
380,let's see what Ash and Camilla are up to. #mkr http://t.co/i0LbGhkU9F,not_cyberbullying,not_cyberbullying,none,neutral,none,"Friendly, casual inquiry about individuals with no abusive intent.",True
381,"Please produce a recent example of a white Democrat calling someone a ""negro"" dismissively and not getting called on it.",ethnicity,other_cyberbullying,individuals who use racial slurs,harmful,high,"Asks for an example of a specific type of racist behavior without condemning it, potentially promoting or glorifying it.",True
382,A lot of it was bs though. My friend went to school with him and said he was a bully,age,other_cyberbullying,an individual,harmful,medium,"Accuses someone of being a bully, potentially damaging their reputation.",True
383,@Arlen weird. i have an address on my account. not sure if i need to add that to my wishlist or not.,not_cyberbullying,not_cyberbullying,none,neutral,none,"Friendly, neutral inquiry with no abuse or targeting.",True
384,RT @fruitondabottom: Because women have no voice!  #letwomenspeak #WomenAgainstFeminism http://t.co/jbTpUaMO1b,gender,gender,women,harmful,medium,"Tweet promotes a movement that silences women's voices, implying they should not have a voice.",True
385,"RT“@tayyoung_: FUCK OBAMA, dumb ass nigger” somebody better talk to her before I go ham on her ass...",ethnicity,ethnicity,African Americans,harmful,high,"Racist slur targeting African Americans, with a threat of further harassment.",True
386,Hope u had 100000000 pages written dor Islamic terrorism . Its shame u cant bear brahmanical terror for few yrs ! Whr as kept spreading Islamic terror since decades,religion,other_cyberbullying,an individual,harmful,high,"Personal harassment with insults and accusations, not tied to a protected trait.",True
387,It’s not a gay rape joke which I often complain about. It’s an observation about a man that has frequently claimed he can’t control his libido. I simply made an observation that he won’t be having sex in prison. So get that right. Thanks.,gender,other_cyberbullying,an individual,harmful,medium,Personal harassment through mocking and criticism of an individual's behavior.,True
388,"i was bullied in primary school for having no friends (THANKS AUTISM) and being fat and having acne since like, around 10 yrs old. then in early high school i was bullied because a girl thought i was a lesbian and also didnt like me for some reason?",age,other_cyberbullying,an individual,harmful,high,"Recalls past bullying experiences, but also shares personal struggles and perceived injustices without targeting a specific protected trait.",True
389,@NerdieJoseph Make sure he's the bully in the neopet playground. B),not_cyberbullying,other_cyberbullying,NerdieJoseph,harmful,low,"Threatens to bully someone online, targeting their online behavior.",True
390,michael clifford from 5sos fuck you you dumb ass nigger i h8 you follow me . @Michael5SOS x452,ethnicity,ethnicity,African Americans,harmful,high,Racist slur targeting a specific ethnic group.,True
391,"RT @TheQuinnspiracy: Since gators are yelling at me for responding to a fan and making this, if you wanna fund me off patreon heres a link …",other_cyberbullying,not_cyberbullying,none,neutral,none,"The tweet is a retweet of a message from another account, and does not contain any abusive language or tone.",True
392,"Olha que absurdo, na minha escola pode ir de chinelo de qualquer marca, menos Havainas, isso é preconceito, Bullying.!! kkk",not_cyberbullying,other_cyberbullying,individuals wearing Havainas,harmful,medium,"Accuses someone of bullying based on a specific brand of shoes, with a tone of mockery and ridicule.",True
393,"AND HAVE A MOTHERFUCKING SEAT \_ ""@iHate_Humans: STFU! tRT @tayyoung_: FUCK OBAMA, dumb ass nigger""",ethnicity,other_cyberbullying,an individual,harmful,high,Contains multiple instances of personal harassment and insults not tied to a protected trait.,True
394,@lilbeastunleash who knew that was how to do it! #MKR,not_cyberbullying,not_cyberbullying,none,neutral,none,"Friendly, congratulatory message with no abuse or targeting.",True
395,Yo guys. Did you know I was a convicted felon? That's new.,other_cyberbullying,other_cyberbullying,an individual,harmful,low,Reveals personal information to embarrass or shame the individual.,True
396,@kyleedoo @SmithKayt fuck you dumb nigger. #Truth,ethnicity,ethnicity,African Americans,harmful,high,Racist slur targeting ethnicity/nationality.,True
397,"@samred no rush or anything. like i said, it's been up for a while. i just noticed, though. :)",not_cyberbullying,not_cyberbullying,none,neutral,none,"Friendly, casual message with no abuse or targeting.",True
398,"RT @GreyUmopepisdn: When a radical feminist or SJW tries to argue with you, try these tips. #WomenAgainstFeminism http://t.co/UP62bkHAEL",gender,other_cyberbullying,feminists/SJWs,harmful,medium,"Harasses a group with a derogatory term and implies they are wrong, without directly attacking a protected trait.",True
399,"@dllvllHllvllb @hyperion5182 @PolitiBunny @TheBlockBot she's not on the autoblocker, and i don't run blockbot. blocking manually for now. :)",not_cyberbullying,not_cyberbullying,none,neutral,none,"The tweet is a neutral, informative message about blocking someone manually.",True
400,pvp with bebbit #warcraft #selfie http://t.co/q4Bjfy8t7t,other_cyberbullying,not_cyberbullying,none,neutral,none,The tweet appears to be a casual gaming post with no abusive language or intent.,True
401,"Also, to the news that GG is doing a bay area meetup...",other_cyberbullying,not_cyberbullying,none,neutral,none,"Friendly, casual announcement with no abuse or targeting.",True
402,"Yall remember when it was trendy to do that kool aid dip dye hair and all the popular girls in middle/early high school did it and would post shit like ""yeah I dye my hair crazy colors, I'm me and I'm not sorry "" meanwhile the actual scene kids were being bullied",age,other_cyberbullying,individuals who posted about their hair,harmful,medium,"Mocking and criticizing individuals for their self-expression and online posts, with a tone of ridicule and judgment.",True
403,"O da, zaboravio sam na to. Imagine being all giddy and excited about magic and a bunch of racist bullies break your arms and piss on your clothes in your new school because your parents live in Liverpool",age,other_cyberbullying,an individual,harmful,high,"Describes a traumatic experience with racist bullies, but the primary focus is on the individual's suffering rather than a protected trait.",True
404,http://t.co/IiibIFWNuW (via @selenamarie) #stopwadhwa2015,other_cyberbullying,other_cyberbullying,"Wadhwa (implied, but not explicitly stated)",harmful,low,"Tweets a link with a hashtag that appears to be targeting an individual, with a tone that suggests harassment.",True
405,@ICONicHavanaL yeah it sux i hate it then ppl bully me cuz of it seriously theres no reason for that,other_cyberbullying,other_cyberbullying,the author of @ICONicHavanaL,harmful,medium,"Reports being bullied by others, but the tone is more about expressing frustration and seeking support rather than attacking a specific trait.",True
406,"@Liban_93 is fuckn Twitter Bully, die slow u grenade launcher",other_cyberbullying,other_cyberbullying,an individual (@Liban_93),harmful,high,"Personal harassment with a threat, not tied to a protected trait.",True
407,Facts by a fellow Unionist. The “Magic Negro” was taken from an article from a Black reporter from the LA Times who called Obama that because of phenomenal white support,ethnicity,other_cyberbullying,Obama,harmful,medium,"Uses a derogatory term to mock and belittle Obama, targeting him with a personal insult.",True
408,i like the first one but if ur feeling confident go for the second option !,ethnicity,not_cyberbullying,none,neutral,none,"Friendly, neutral advice with no abuse or targeting.",True
409,"Mumbai: BJP leader Kirit Somaiya meets @KarishmaBhosal3 , a girl who was bullied for raising voice against the blaring of azaan in high volume from a neighbourhood mosque in her area.",age,not_cyberbullying,none,neutral,none,Reports on a news story without any abusive language or tone.,True
410,RT @SimplyLaurax3: PLEASE help find my friend's sister.. Signal boost the shit out of this so we can get her home. http://t.co/8JMu8VljI8,not_cyberbullying,not_cyberbullying,none,neutral,none,"A request for help and signal boost, not an attack or harassment.",True
411,She feels it’s ok to make lame jokes about how jailed prisoners ‘are gay?’ This from someone who’s herself gay & knows that making light of anal sex in jail is staple fodder for anti-gay zealots everywhere?! Outrageous. This is like a sexual assault survivor making rape jokes.,gender,other_cyberbullying,individuals who make light of anal sex in jail,harmful,high,"Accuses someone of making light of a sensitive topic, comparing it to a serious offense, with the intent to shame and criticize.",True
412,But a whole million for a GTi? Nah fam that nigger dumb as fuck. Id rather buy a performance pack GTi and an Audi S3 with that money.,ethnicity,ethnicity,African Americans,harmful,high,Racist slur targeting a specific ethnic group with a derogatory term.,True
413,K! Now I see why coaches get mad when the players go out late at night. #Exhausted,not_cyberbullying,not_cyberbullying,none,neutral,none,Expresses understanding and empathy towards coaches without targeting or insulting anyone.,True
414,"Yep, that's the case for several girls I met or know. Some go the other way and consciously copy everything they can to be the ""best"" at high-status hyper-femininity things so they become too cool to be bullied. Almost become a trend setter so people copy them instead.",age,other_cyberbullying,girls,harmful,low,"Demeans and stereotypes a group of people, implying they are bullied or try to fit in through superficial means.",True
415,Nope! Coons are what southern racist white ppl called all Black People. You’re talking about a House Negro. Just saying,ethnicity,other_cyberbullying,an individual,harmful,high,"Uses derogatory term and makes a pejorative comparison, but the primary target is not a protected trait.",True
416,This is like. If you have a little sibling and you give them shit because they’re annoying and make your life miserable but all of a sudden the school bully starts picking on them and you’re like. Wait hold on. Only I can do that. Back off. That’s how I feel about Trump and TW rn,age,other_cyberbullying,Trump and the current administration,harmful,medium,"Personal attack and harassment not tied to a protected trait, targeting a public figure and their policies.",True
417,"@KivaBay that's usually how it goes. a word of advice? screen cap all the awesome. print it out, or keep it in a folder for bad days.",other_cyberbullying,not_cyberbullying,none,neutral,none,"The tweet is a friendly, supportive message offering advice and encouragement.",True
418,girls who bullied you in high school be like: why doesn’t everyone just try being KIND to others,age,other_cyberbullying,individuals who bullied the author in high school,harmful,low,"Mockingly addresses past bullies with a condescending tone, implying they should be kinder.",True
419,First bus ride as a Warrior and I get my phone! #eatshitsunshine!,not_cyberbullying,not_cyberbullying,none,neutral,none,Celebratory post with no abusive language or intent.,True
420,prison rape jokes also reinforce stereotypes that gay men & black men (the majority of the prison population) are sexually predatory,gender,other_cyberbullying,individuals with a gay orientation and individuals with a black ethnicity,harmful,medium,"Makes a derogatory comment about gay men and black men, implying they are sexually predatory, without directly targeting them.",True
421,Dumb T- fine We gon call ha ugly so he put his head up nd like 10 mins later dis bitch sees him U- omg tt us that youu Nd I turned nd I didn't know what his ex looked like nd ion care if he has female friends T- hi Casey M- whose this babes U- Casey his ex M- hi.,gender,other_cyberbullying,an individual,harmful,high,"Personal harassment through name-calling and mocking, not tied to a protected trait.",True
422,"Years ago? He's a narcissistic, public school big head & bully, (albeit it'd be easy to knock him out etc.), who regularly refers to a couple of prominent Brexiteers, e.g. Digby Jones & Mark Francois, as fat, dumpy etc. I despise O'Brien.",age,other_cyberbullying,an individual,harmful,high,"Personal harassment with insults and threats, not tied to a protected trait.",True
423,"P.s. Never feel guilty for telling teachers & for getting bullies in trouble. They’ll try to pretend they were joking to get away with it & to make you feel bad, don’t fall for it. I also think bullies should be removed from schools until they can learn to behave themselves.",age,other_cyberbullying,bullies,harmful,medium,"Threatens bullies with punishment and removal from schools, with a tone of warning and reprimand.",True
424,@stefapie i don't like chocolate. :(,other_cyberbullying,not_cyberbullying,none,neutral,none,"A neutral, non-abusive expression of personal preference.",True
425,I'm not saying every black person is a nigger but the trashy thugs are. It's disgusting what this world has come to bc of them.,ethnicity,ethnicity,black people,harmful,high,Racist generalization and slur targeting a racial group.,True
426,Imagine a black woman getting pregnant by a white man she let call her nigger while fucking smh disgusting,ethnicity,ethnicity,black women,harmful,high,Racist and sexist slur targeting a specific ethnic and gender group.,True
427,I mean some friends do some gay shit as jokes so i guess it's fine as long as you don't rape me tbh,gender,gender,LGBTQ+ individuals,harmful,medium,"Makes a derogatory comment about LGBTQ+ individuals, implying their behavior is not acceptable.",True
428,Back at good old HRC tonight! time to bully @KatieHalliday haha,not_cyberbullying,other_cyberbullying,KatieHalliday,harmful,low,"Threatens to bully someone, implying harassment, but tone is joking.",True
429,OMG SHUT UP DRASKO AND BIANCA #MKR #FINALFIVE,other_cyberbullying,other_cyberbullying,individuals (Drasko and Bianca),harmful,low,Abusive language targeting specific individuals without reference to a protected trait.,True
430,"Vele Lol @Djranx Khaba lenja!RT @BosSsDj:Me and the crew just caught a nigger tryna jack a car and gave him a beating at rosebank,Dumb Fuck!",ethnicity,ethnicity,black people,harmful,high,Racist slur targeting a racial group.,True
431,"I don’t think I ever heard the term “gamer girl” until after high school either, so I was never bullied for that as a teen",age,not_cyberbullying,none,neutral,none,Reflects on personal experience without targeting or harassing anyone.,True
432,"No one ever writes a book called ""Men, Stop Being an Asshole in Relationships"" or ""She Just Wants to Be Treated Like a Human Being for Once""",not_cyberbullying,gender,men,harmful,high,Sarcastically highlights a double standard in how men and women are treated in relationships.,True
433,"Freedom of speech does not mean it's okay to joke about rape, use derogatory terms and talk about killing gay peeps. https://twitter.com/lilcuteybunny/status/630200717957967876",gender,other_cyberbullying,"individuals who engage in certain behaviors (rape, derogatory terms, killing gay people)",harmful,high,"Harasses individuals who engage in certain behaviors with no specific protected trait targeted, but rather the behavior itself.",True
434,RT @pulpark: Possible Solutions to the Problem of the Public's General Lack of Knowledge About Islam http://t.co/t6C5Ur1Swe #Mo #tcot #sioa…,not_cyberbullying,not_cyberbullying,none,neutral,none,Shares a link to educational content about Islam with no abusive language or intent.,True
435,“not all muslims are from islam you idiot” i love her i rlly do,religion,other_cyberbullying,an individual,harmful,low,"Insults and name-calling with no clear target trait, but rather a personal attack.",True
436,My schools bully shat himself,age,other_cyberbullying,an individual,harmful,low,"Personal harassment through mocking and humiliation, not tied to a protected trait.",True
437,It was such a pleasure to catch up with my mentor and former boss Colin Fassnidge. #MKR #4InHand #Fourfourteen... http://t.co/ckSSefyifz,not_cyberbullying,not_cyberbullying,none,neutral,none,"Friendly, congratulatory message with no abuse or targeting.",True
438,"@ThelmaSleaze there's also another WoC in that video. i really don't think you watched it. faux outrage is in, though.",other_cyberbullying,other_cyberbullying,ThelmaSleaze,harmful,medium,"Accuses the target of hypocrisy and not watching a video, with a condescending tone.",True
439,Every single one is a girl that would have bullied me in high school.,age,gender,girls,harmful,medium,"Accuses a group of girls of past bullying, implying a negative stereotype about girls.",True
440,@terryocarroll but i've seen tank girl. :P,other_cyberbullying,not_cyberbullying,none,neutral,none,"A lighthearted, playful comment with no abusive intent.",True
441,Muslims fighting for a Christian woman’s right just showcases their values and nothing more. Your comments represents your religious sentiments...,religion,religion,Muslims,harmful,medium,Critically judges Muslims based on their religious values and sentiments.,True
442,My old primary school bully liked my TikTok How ya doing,age,not_cyberbullying,none,neutral,none,"The tweet is a neutral, friendly message about a past acquaintance with no abusive content.",True
443,"@PsychBarakat @PhilipMills8 @jncatron No, it's anti semitism.  This Palestinian leader clearly tells you that it is a religious war by....",religion,other_cyberbullying,an individual,harmful,low,"Accuses others of anti-Semitism without providing evidence, but the tone is more accusatory than abusive.",True
444,Schilling can’t resist hitting Twitter to defend a Congressman’s right to call one of his female peers a “fucking bitch.” Strange thing to feel the need to defend. How’s your video game company going Curt?,gender,other_cyberbullying,Curt Schilling,harmful,medium,"Personal attack and mocking tone targeting an individual, not tied to a protected trait.",True
445,"@MaDaSaHaTtEr_17 @buttercupashby Another lie about the ""few bad seed"" All the polls show Muslim extremism. http://t.co/XIHmeTALon",religion,other_cyberbullying,MaDaSaHaTtEr_17 and @buttercupashby,harmful,medium,"Accuses individuals of lying and implies they are spreading misinformation, with a link to a potentially inflammatory article.",True
446,#MileyCyrus Miley Cyrus Shocks With Insensitive 'Date Rape Joke' And 'Gay Comments' [WATCH VIDEO] http://ift.tt/1l1jjlf,gender,other_cyberbullying,Miley Cyrus,harmful,high,"Personal attack and criticism of Miley Cyrus's comments, not tied to a protected trait.",True
447,"Luca it honestly feels like hell during the time but everything passes. School is over before you know it. Play the game of school politics, once you leave you never have to see your bullies again. Find strength in your strengths and hobbies and the ppl who love you. Xxxxx",age,other_cyberbullying,Luca,harmful,low,"While the tone is somewhat supportive, the initial statement about 'hell' during school time can be perceived as negative and the advice to 'play the game of school politics' may be seen as manipulative or even hurtful.",True
448,"If white people suddenly want to call Blacks ""Negroes"" at this moment in history, it can only be an example of color aroused antagonism. I'd gladly be called a ""Negro"" IF whites would acknowledge that Negroes are not from a distinct ""race"" or subspecies from whites and others.",ethnicity,other_cyberbullying,an individual,harmful,low,"While the tweet mentions a racial term, it is used in a context of self-identification and to challenge racial categorization, rather than as an attack or slur.",True
449,christian girls posting “be kind” on their stories are the ones who bullied me in high school,age,other_cyberbullying,an individual,harmful,medium,"Accuses a group of people of past bullying without providing evidence, targeting their character.",True
450,Yeah same. U people can't tolerate india growth and hate india. But ur islamic terrorism don't have any rights to speak about India? First stop supporting terrorism. Pakistan is islamic terrorism big threat to world,religion,ethnicity,Pakistanis/Indians,harmful,high,"Xenophobic and Islamophobic slurs targeting a nationality and a religion, with a generalization about terrorism.",True
451,"@BigOleFiggletin I can remember when My Muslim brother 'Khabib' embarrassed mcgregor in front of thousands of people, what is your achievement, who are you, I know you are a liar and a loser with pathetic mentality and a fat idiot.",religion,other_cyberbullying,an individual,harmful,high,Personal harassment with insults and name-calling not tied to a protected trait.,True
452,Why your brother from Bangladesh and mynamar come to India.They are the worst poorest on Earth.Why do you want to go to Europe because muslims made their own country hell by terrorism. You idiot don't know about hindi it is from Sanskrit the oldest of all languages.,religion,ethnicity,people from Bangladesh and Myanmar,harmful,high,Xenophobic slur targeting ethnicity/nationality and making generalizations about people from specific countries.,True
453,Girls who graffiti bar bathroom stalls were bullied in high school. Sorry I don’t make the rules.,age,other_cyberbullying,girls who graffiti,harmful,low,"Justifies bullying behavior towards a specific group, implying they deserve it.",True
454,"I specifically noted this issue is bigger than Mark Kern throwing out his nerd cred and saying his opinion is more important because of it. This is the same guy who bashed on a female celebrity because he was bullied IN HIGH SCHOOL by girls, and as such he says they aren't gamers",age,other_cyberbullying,Mark Kern and female gamers,harmful,medium,"Personal attack and harassment not tied to a protected trait, targeting an individual and a group.",True
455,Anti-feminist YouTuber doubles down on vile Jess Phillips rape joke while leaping to the defence of a gay men’s rights activist,gender,other_cyberbullying,an individual (Jess Phillips),harmful,high,"Personal attack and criticism not tied to a protected trait, but rather a public figure's actions and opinions.",True
456,"@BieberNiggas ok, thanks. it's just i was bullied for being skinny, and forced myself to drink gross weight-gain shakes 5 times a day!",other_cyberbullying,other_cyberbullying,an individual,harmful,high,"Shares a personal experience of bullying, but does not target a specific protected trait, and instead focuses on the individual's personal struggle.",True
457,@dazzacamilo shares Australia PM announces new counterterror measures: Tony Abbott says st... http://t.co/1DMZ7nxqa3 by @AJEnglish #arab,other_cyberbullying,not_cyberbullying,none,neutral,none,The tweet shares news and does not contain any abusive language or tone.,True
458,RT @J_Cassinelli In 1814 women had no rights. In 1914 women fought for rights. In 2014 women were always right. It's a new year. #notsexist,gender,not_cyberbullying,none,neutral,none,"The tweet is a historical and empowering message about women's rights, with no abusive language or intent.",True
459,@alphadogg__ E depois você sofreria bullying facilmente também... Põe alphadog :),not_cyberbullying,other_cyberbullying,an individual (@alphadogg__),harmful,low,Personal harassment through a mocking comment with a meme.,True
460,"muslim people embarrass me. you idiots use this “what about the middle east” buIIshit everytime blm is bought up, as if somalia was not one of the hardest hit countries due to bombing. don’t use the struggles of middle eastern people to hid the fact that you are RACIST.",religion,other_cyberbullying,individuals who use the 'what about the middle east' argument,harmful,high,"Accuses individuals of racism and being idiots, with a personal attack, but not specifically targeting a protected trait.",True
461,Why do people think that being Muslim is a race? Lmaoo you guys are idiots,religion,other_cyberbullying,Muslims,harmful,low,"Mocking and insults directed at a religious group, but not based on a protected trait like ethnicity or national origin.",True
462,"Honestly really happy that I still enjoy the Mighty Boosh as much if not more than I did as a teenager. It's good when things hold up. Shame about the blackface though. And the gay jokes. And the trans jokes. And the rape jokes. And them using the word ""retard"". Ahhh, the 2000s.",gender,other_cyberbullying,the creators of The Mighty Boosh,harmful,medium,"Criticizes the show for past content that is now considered hurtful or insensitive, but does not contain direct attacks or slurs.",True
463,@azharyogaswara mana arsenal lo ry? Cuman jadi bahan bully an wkakaka,not_cyberbullying,other_cyberbullying,an individual,harmful,high,"Personal harassment with a derogatory tone, targeting a specific person without referencing a protected trait.",True
464,"@tbtrill ..costumes (dumb as fuck), held a rally, then someone passing by said nigger and everyone lost their minds.",ethnicity,other_cyberbullying,an individual,harmful,high,"Uses a racial slur to insult and provoke, targeting an individual's reaction.",True
465,Sending someone to jail for stealing tylenol is pretty ridiculous.,not_cyberbullying,other_cyberbullying,an individual,harmful,medium,"Accuses someone of being sent to jail for a minor crime, implying they are being unfairly punished.",True
466,that meme about mean girls in school becoming nurses is 100% true because this girl who bullied me and hated me from elementary school-high school is a nurse at my aunts care facility now.,age,other_cyberbullying,an individual,harmful,medium,"Personal harassment and mocking of a past bully, not tied to a protected trait.",True
467,@LyndseyBoo wow!! Leave lyndsey phone alone!!! #bully's! #pervs,other_cyberbullying,other_cyberbullying,LyndseyBoo,harmful,high,"Harasses an individual with derogatory labels and threats, targeting their personal identity.",True
468,RT @ChristineLockw2: Twitter makes me laugh....Better than the series ;)))))) Very funny 👏👏👏👏👏  #MKR,not_cyberbullying,not_cyberbullying,none,neutral,none,"Friendly, supportive message with no abuse.",True
469,@IAmThe1Teacher Tell it to the Islamofascists.,religion,religion,Muslims,harmful,high,Hateful generalization attacking a religious group.,True
470,MRN. http://t.co/R9Sv0ogFQn,not_cyberbullying,other_cyberbullying,an individual,harmful,low,"Insults with no clear target trait, likely a personal attack.",True
471,"Oh, no. Please don't sue me. I'm shaking in my bright pink UA sneakers. https://t.co/zn5tktwG7P",not_cyberbullying,other_cyberbullying,an individual,harmful,low,"Threatens an individual with a sarcastic tone, implying they might be intimidated or sued.",True
472,"RT @gabronies I'm not sexist, but I cannot picture Thor being anything else then the character HE is now.",gender,gender,women,harmful,low,"Makes a comment implying that Thor should be male, perpetuating a gender stereotype.",True
473,YOU NIGGER IT WASNT INDISPUTABLE DUMB FUCK I SHOULD BST A NUT ON YOUR WIFEY AND KIDS NOW LOL RT @MikeHillESPN: ARE YOU SERIOUS????,ethnicity,ethnicity,African Americans,harmful,high,Racist slur targeting a specific ethnic group with violent and threatening language.,True
474,"Some people find that stuff funny, even if its not comedy and who can tell them not to like it? Rape jokes, gay jokes, and jokes about poc are great when done right. Its not haha rape is funny. For dark humour to work, you have to be aware that these types of things are bad",gender,other_cyberbullying,"victims of rape, LGBTQ+ individuals, people of color",harmful,medium,"Makes light of sensitive topics, potentially causing offense and harm to targeted groups.",True
475,"Yall wanna know how deep racism is in this country? I know a black nurse that works with Alzheimer’s patients, and they forget EVERYTHING. I’m talking names, dates, their own family...but you know what they nevrt forget? Using nigger or colored girl when talking to her...smh",ethnicity,other_cyberbullying,a black nurse,harmful,high,"Uses a racial slur to mock and belittle a black individual, despite the initial appearance of a question about racism.",True
476,"@tayyoung_: FUCK OBAMA, dumb ass nigger Ha you mad..... OH OKAY LOL",ethnicity,ethnicity,African Americans,harmful,high,Racist slur targeting a racial group with a derogatory term.,True
477,he is our generations donald glover except gay and did not spend his early 20s making rape jokes and is socially aware and makes an effort to not offend with his jokes,gender,other_cyberbullying,Donald Glover,harmful,medium,"Mocking and criticizing a public figure with a personal attack, although the tone is somewhat sarcastic and ironic.",True
478,If a Man RAPE Another Man: GAY.. . . . . . . . If a Man RAPE 11 Men: #GAYLE #joke,gender,other_cyberbullying,men who have been raped,harmful,high,"Makes a hurtful and insensitive joke about men who have been raped, implying they are gay.",True
479,"Sir Stone pelting Allah hu akbar krte hue, Saare terrorists grp like jaish e mohammad means army of mohammad lashkar, Isis flag says la illaha illallah and shit. These Maulvis asking to violate lockdown are doing that on the name of quran and Allah. why to cover all these facts?",religion,other_cyberbullying,"individuals associated with certain groups (e.g. Maulvis, terrorists)",harmful,high,"Harasses individuals associated with certain groups with derogatory language and accusations, without targeting a specific protected trait.",True
480,the gay superhero shit and the rape hero had me weak. Like how nigga even come up with these jokes,gender,other_cyberbullying,individuals with a particular sense of humor,harmful,high,Uses derogatory language and insults people who enjoy certain types of jokes.,True
481,@radarecho Ain't that the truth....Have fun!!!,not_cyberbullying,not_cyberbullying,none,neutral,none,"Friendly, supportive message with no abuse.",True
482,"Kat and Andre, I really hope you are eliminated next  #mkr #feistyfoodies #badsports",not_cyberbullying,other_cyberbullying,Kat and Andre,harmful,low,Personal harassment through a derogatory term and wish for elimination.,True
483,RT @AlejandroDaGr8: Amazing how a deadly criminal mastermind assassin who can escape from cuffs in seconds got caught by two Paul Blarts.,other_cyberbullying,other_cyberbullying,Paul Blart,harmful,low,Mocking and belittling a person with a derogatory comparison.,True
484,"@all the girls who bullied me in high school, what’s up with it now",age,other_cyberbullying,individuals who bullied the author in high school,harmful,low,"Threatens to confront individuals who bullied the author in the past, with a tone of accusation and potential aggression.",True
485,#MileyCyrus Miley Cyrus makes date rape joke onstage at GAY http://ift.tt/1skdYZ0,gender,other_cyberbullying,Miley Cyrus,harmful,high,"Personal attack and ridicule of a celebrity, not tied to a protected trait.",True
486,@MorseLyA hehe. That was actually super helpful! I'm saving for later so I can review and think about it.,other_cyberbullying,not_cyberbullying,none,neutral,none,"Friendly, supportive message with no abuse.",True
487,"Fuck you, fuck you very very mu~ch, Lily Allen. Your latest video is racist and awful and does nothing to promote ""feminism."" Christ.",not_cyberbullying,other_cyberbullying,Lily Allen,harmful,high,"Harasses an individual with profanity and insults, targeting their work and character.",True
488,CONADET: Disco praise,not_cyberbullying,not_cyberbullying,none,neutral,none,"The tweet appears to be a playful, non-abusive message referencing a specific event or topic.",True
489,"@_Hermit_Thrush_ hey herm don't retweet me amidst a bunch of people making gay jokes and rape threats, thanks",gender,other_cyberbullying,the tweeter,harmful,low,"Asks the tweeter to censor themselves due to surrounding abusive content, implying they are responsible for the environment.",True
490,"Well lol, I'm not THAT old. So it was already a well established fact at that point...if anything, it's very much been eroded as a right in the past 10-15 years or so. So I had no memory of it not being available. But I knew that a lot of older Black folks were actually opposed.",ethnicity,other_cyberbullying,an individual,harmful,low,"Mockingly refers to someone's age, but in a more subtle and defensive manner.",True
491,"And you guys are the wannabe in the world school who can able to get famous no matter how hard he try, so they start licking balls of the famous/bully kids to get some attention #india_suck_balls",age,other_cyberbullying,individuals who are not famous or popular,harmful,high,"Personal harassment and mockery of individuals who are not famous or popular, with no specific trait targeted.",True
492,@Clashoftherats Liar. Those Hadith come from the USC Muslim student association Hadith web site. And here is more. http://t.co/v9w4T4izgk,religion,other_cyberbullying,an individual (@Clashoftherats),harmful,medium,Accusatory and insulting message targeting an individual without referencing a protected trait.,True
493,"#mkr Was out shopping so I just caught up on the Ep. Does anyone think ""bobble head"" when they see Lloyd? Kat- still a cunt,still can't cook",gender,other_cyberbullying,Lloyd and Kat,harmful,high,Personal insults and derogatory language targeting two individuals.,True
494,"Whenever you joke about the gay community, pitbulls, domestic violence, rape culture, and/or racism, I will call you out. Deal with it.",gender,other_cyberbullying,individuals who make certain types of jokes,harmful,high,"Threatens to publicly shame individuals for making certain types of jokes, which is a form of harassment.",True
495,He puts a statement and people in the comments section are debating if he meant muslims or kashmiri pandits. He meant both you idiots and therein lies the problem.,religion,other_cyberbullying,individuals commenting on the statement,harmful,medium,Insults and condescension towards people engaging in a discussion.,True
496,I was legit screaming my lungs out!!!!  Fuck I HATE THIS!! ð­ https://t.co/mjhdnrMOHX,other_cyberbullying,other_cyberbullying,an individual,harmful,high,Uses profanity to express frustration and anger towards an individual or situation.,True
497,Or the support radical Christians give to Saudi Arabia. And the weapons we sell them to murder Muslims. Or the tens of thousands of civilians killed by the failed war in Afghanistan.,religion,other_cyberbullying,none,harmful,high,"Accuses and criticizes a group of people (radical Christians, Saudi Arabia, and the US) for their actions, but does not target a specific protected trait.",True
498,"@ummsuhaym @logicalmind11 This would be another good example of terrorism.  Control through fear, violence, brutality http://t.co/9yklLhS1G6",religion,other_cyberbullying,an individual (@ummsuhaym),harmful,high,"Accuses an individual of terrorism, implying violent and harmful behavior.",True
499,RT @RenoLace: Holy fuck the Hardy Boys!!!! #WrestleMania,other_cyberbullying,not_cyberbullying,none,neutral,none,"The tweet is a retweet of an enthusiastic expression about a sports event, with no abusive language or intent.",True
500,he got his start with rape jokes and using gay slurs a lot so hes always been trash,gender,gender,LGBTQ+ individuals,harmful,high,"Uses a gay slur to insult and demean, targeting the LGBTQ+ community.",True
501,I don't give a damn about pride month or gay slang because my sexuality doesn't define my interests or the way I speak Also you think I owe anything to some random black trans woman on the street because she happens to share the skin color/gender identity as past activists? No.,ethnicity,other_cyberbullying,individuals who identify as LGBTQ+,harmful,high,"Disparages and dismisses the significance of pride month and LGBTQ+ identity, also belittling a marginalized group's connection to past activism.",True
502,"rape is not a joke, neither is suicide, gay is not an insult, and the ""R word"" should not be used under any circumstance. got it? good.",gender,other_cyberbullying,individuals who use derogatory language,harmful,high,"Scolds individuals for using derogatory language, but does not directly target a protected trait.",True
503,Being called racial slurs is better than having your stuff stolen and vandalized all the time and being knocked around and hit and tripped constantly. The school would even fine my parents for “lost” textbooks even though said books were stolen or destroyed by bullies.,age,other_cyberbullying,an individual,harmful,high,"Describes personal harassment and abuse, but does not target a specific protected trait.",True
504,@Salon @TheMuslimGuy Objecting to this is what the PC morons of Salon call racism. http://t.co/pEPfxlLKfu,religion,other_cyberbullying,TheMuslimGuy,harmful,low,"Accuses someone of being a 'PC moron' and implies they are being overly sensitive, with a tone of condescension and mockery.",True
505,I got to be more active on twitter in fact I'm going to be more active,not_cyberbullying,not_cyberbullying,none,neutral,none,The tweet is a personal statement with no abusive content or target.,True
506,"RT @guiltyx: ""@JillPantozzi: Please report this: https://t.co/IZmfm1cqQc"" Abuse of @Twitter API and privacy hack, @support @freebsdgirl @Th…",not_cyberbullying,other_cyberbullying,"individuals (JillPantozzi, Twitter support, others)",harmful,low,"Reports abuse of Twitter API and privacy hack, targeting individuals involved.",True
507,".@ArchSuriel ""I hope nobody notices my rape joke and gay joke that I made in the past week before I change my avatar to the red equal sign""",gender,other_cyberbullying,individuals who were victims of the rape and gay jokes,harmful,high,"Makes light of serious topics like rape and gay jokes, potentially causing harm to those affected.",True
508,@BRIGHTPRIMATE @ChrisWarcraft give it time.❤️,other_cyberbullying,not_cyberbullying,none,neutral,none,"Friendly, supportive message with no abuse.",True
509,"Gay, Transgender, and he had quite a few rape jokes some I'm gonna assume a lot of women",gender,gender,LGBTQ+ individuals and women,harmful,high,"Makes derogatory comments about LGBTQ+ individuals and women, including rape jokes.",True
510,Her attitude is a common one these days - that anything other than total deference to black political preferences is racism. A reasonable person could look at the hash made by Democrat run cities in the past few months and decide life might not be better with them in power.,ethnicity,other_cyberbullying,individuals with opposing political views,harmful,medium,"Accuses individuals with opposing views of racism and implies they are incompetent, without directly targeting a protected trait.",True
511,@AdoreZoey: How u gone bring ur side bitch to a game where You know Ya gf friends at ?! 😩😩😩😩 I SWEAR!!!!!,gender,other_cyberbullying,AdoreZoey,harmful,high,"Personal harassment through insults and accusations, targeting an individual's personal relationships.",True
512,@TheDanaAddams http://t.co/gcOZosqtCJ,other_cyberbullying,not_cyberbullying,none,neutral,none,The tweet appears to be a neutral link share with no abusive content.,True
513,@RacistAfricans fuck up. You opinion is voided after your insensitive word choice. Dumb ass group. Nigger=ancient Egyptian for king.,ethnicity,ethnicity,Africans,harmful,high,Uses a racial slur and makes a derogatory comment about a group's opinion and intelligence.,True
514,@PolitiBunny @crash_matrix @dsmyxe @AaronWorthing nope. didn't have you blocked. but thanks for letting me know that i should. :),other_cyberbullying,not_cyberbullying,none,neutral,none,"Responds to a notification with a neutral, non-abusive message.",True
515,I forgot my snap story wasn't private and one of my high school bullies just watched the entire thing. Ma'am are you fucking lost ?,age,other_cyberbullying,an individual,harmful,high,"Abusive language targeting an individual, not tied to a protected trait.",True
516,Dalits and Muslims own some of the stores there..you idiot. Kaise kaise gadhe paal rakhe hai humne!!,religion,ethnicity,Dalits and Muslims,harmful,high,"Xenophobic slur targeting Dalits and Muslims, using derogatory language.",True
517,There's always that one idiot in the class! STFU ðð,other_cyberbullying,other_cyberbullying,an individual,harmful,high,Personal harassment with a derogatory term and demand for silence.,True
518,"okay so for context, lisa is a friend of mine who sorta gets bullied by some other girls cuz ""ShE's KoREaN"", ""xi jingpin xDDdDDDDDd"" and ""hAahahahaHaa weeb lolololl why is ur voice so high lmaooooooooo"", like bruh ur 17 or 16 the fuck is wrong w u",age,other_cyberbullying,Lisa,harmful,high,"Harasses and mocks an individual with derogatory language and stereotypes, not tied to a protected trait.",True
519,[110830/TRANS] Strong Heart - Donghae Being Bullied - vampiremochi: Awwww… Teukie hyung~~~ poor nano ~~~... http://t.co/JIAjHWj,not_cyberbullying,not_cyberbullying,none,neutral,none,"Supportive message expressing concern for a celebrity, with no abuse or harassment.",True
520,@Marcus_Hokage @MasterrOfPuppet Astolfo Hitler?! Essa criança vai sofrer Bullying!!!!!,not_cyberbullying,other_cyberbullying,Marcus_Hokage,harmful,high,"Threatens a person with bullying, not tied to a protected trait.",True
521,"Idiot , the case has been seen by journalists. Your Pakistani sponsored terrorists have killed him. What tortures are done to Baluch Muslims by Pakistani Muslims?Chi chi Shame on you. I think you are not a genuine Muslim. Allah wants peace not terrorism.Tell your terror baps.",religion,other_cyberbullying,an individual,harmful,high,"Harassment with personal attacks and insults not tied to a protected trait, targeting an individual's perceived actions and affiliations.",True
522,"Not all hindus voted them,or at least not because they will do this to muslims...and secondly calling an entire nation immoral,evil and inhumane..wow..just the same way of calling pak a terrorist nation..there are idiots on both sides of the border..i am sure you are not kashmiri",religion,other_cyberbullying,individuals with opposing views,harmful,medium,"Accuses and insults individuals with opposing views, but does not target a specific protected trait.",True
523,wait the girl that bullied me in high school has a boyfriend and i don’t... it’s a cruel world people !!!!,age,other_cyberbullying,an individual,harmful,medium,"Expresses hurt and resentment towards a specific person, not tied to a protected trait.",True
524,@harmlesstree2 @MaxBlumenthal Not only them. Mohammed ejected the other 2 Jewish tribes from Medina and later slaughtered them at Khybar.,religion,religion,Jews,harmful,high,Attacks a religious group with historical references to violence and persecution.,True
525,"@Gabe_Fox oh, no worries!",other_cyberbullying,not_cyberbullying,none,neutral,none,"Friendly, supportive response with no abuse.",True
526,"@tayyoung_: FUCK OBAMA, dumb ass nigger you made bro",ethnicity,ethnicity,African Americans,harmful,high,Racist slur targeting a specific ethnic group.,True
527,Nope biggest mistake ever . 4 year college degree mandatory . Brute force bullies with low IQ will get us nowhere . If they are vets that's a plus but bachelors degree a must. Why should we be policed by pre college drop outs high school bullies ?,age,other_cyberbullying,"individuals with low IQ, pre-college dropouts, high school bullies, and possibly veterans",harmful,high,"Harasses and insults individuals with certain characteristics, not tied to a protected trait.",True
528,"sharing #suaju After Nancy Binay Skin Colour Puns, Gay Filipino Comedian's Rape Joke Incurs .. #comedian #comedy http://dld.bz/cAr7x",gender,other_cyberbullying,Nancy Binay,harmful,high,Harasses an individual with a personal attack and a link to a potentially damaging article.,True
529,"The original issue was the damn people in the video coughing like idiots, but everyone chose to focus on me requesting to not be lumped in with those morons. I would never lump “all muslims” in with osama bin laden...its the same damn thing and you’re not seeing that.",religion,other_cyberbullying,individuals who coughed in a video,harmful,medium,"Accuses and insults individuals in a video for coughing, without addressing the issue directly.",True
530,- Fuck #ColumbusDay. Lyin dirty low down no good thief. You ah dumb nigger if you celebrate.,ethnicity,ethnicity,African Americans,harmful,high,Racist slur targeting African Americans with a derogatory term.,True
531,"I don't get homophobic Christians voting for Duterte. They be like, ""Boo gay people! Yey misogynistic killer who jokes about rape!"" dafuq",gender,other_cyberbullying,homophobic Christians,harmful,medium,"Mocking and criticizing a group for their views, without targeting a protected trait.",True
532,"#IAmAFeminist because people still use the words gay, girly, feminine, etc as insults and still use rape as a joke",gender,gender,LGBTQ+ individuals and women,harmful,medium,Expresses frustration with derogatory language targeting gender and sexual orientation.,True
533,"@solri i lived in a weird place, though - village in the middle of nowhere, ~25 ppl population. not avg US experience.",other_cyberbullying,not_cyberbullying,none,neutral,none,"A neutral, friendly comment sharing a personal experience with no abuse or targeting.",True
534,It was upsetting to see acted out what I'm willing to bet is the fantasy of *many* GamerGaters. Putting a loud feminist in her place.,other_cyberbullying,gender,feminists,harmful,medium,Demeans feminists with a derogatory term and implies a desire to silence or punish them.,True
535,"Colin, are you having a lend? 7 for main and dessert? Little skill was demonstrated throughout. #MKR",not_cyberbullying,other_cyberbullying,Colin,harmful,low,Mocking and criticizing an individual's performance without a clear protected trait.,True
536,@kaepsinging lmAO we called her out on her gay/rape jokes n she was a giant baby about it and got her followers on us,gender,other_cyberbullying,an individual,harmful,high,"Personal harassment and mocking of someone's behavior, not tied to a protected trait.",True
537,"I'll take a happily married gay man over a sexist, thrice married, philandering, straight man accused of sexual assault and rape any day.",gender,gender,gay men,harmful,high,"Demeans a group based on their sexual orientation, while also making a comparison that could be seen as derogatory towards straight men.",True
538,''Good for nothing bum'' - School Prefect from Bully,age,other_cyberbullying,an individual,harmful,high,"Personal insult and harassment not tied to a protected trait, referencing a past bullying incident.",True
539,Kerstin is being a food bully.,other_cyberbullying,other_cyberbullying,Kerstin,harmful,low,Accuses someone of being a 'food bully' without specifying a protected trait.,True
540,@ANN_Lynzee *exactly*,other_cyberbullying,other_cyberbullying,an individual,harmful,low,"Agrees with a potentially hurtful or mocking comment, implying approval of the sentiment.",True
541,"Your school girl crush on the arrogant bully Cuomo is cute but, it’s clouding your vision. It was his call to send them to the nursing homes. Sorry",age,other_cyberbullying,an individual,harmful,medium,"Personal harassment with a condescending tone, targeting an individual's judgment and opinion.",True
542,FUCK NIGGERS.! dumb ass faggot ass pussies.! that's why I only friend a couple of them and not the hopeless hood rat ass fakes.!,ethnicity,ethnicity,African Americans,harmful,high,Racist and xenophobic slurs targeting a specific ethnic group.,True
543,Cool. Cool. Great that AIPAC are supportive of the radical right Christians who support Israel just because they believe it will hasten End Times. #putz,religion,other_cyberbullying,individuals who support Israel and radical right Christians,harmful,high,"Insults and mocking tone targeting a specific group, not tied to a protected trait.",True
544,@annie_fd_xxx oh no need for bullying bbz! Okay hang on x,not_cyberbullying,not_cyberbullying,none,neutral,none,"The message is a response to perceived bullying, but it is a calming and supportive message with no abuse.",True
545,"Most humans are complete idiots. In this instance, do I condone their behaviour - ABSOLUTELY NOT. But why are they *muslim* idiots. Not just actual idiots. Also, feel free to name who you mean and not just say specific communities. It's just the one community.",religion,other_cyberbullying,individuals who identify as Muslim,harmful,high,"Generalizes a group of people as idiots, targeting their religion, with no specific individual targeted.",True
546,#MKR REALLY WISH KAT WOULD JUST GO TO SUDDEN DEATH FULL STOP.,gender,other_cyberbullying,Kat,harmful,high,"Personal harassment with a demand for the person to leave a situation, not tied to a protected trait.",True
547,"True Islam is what the Muslims of Pakistan and ISIS are doing, The Quran only orders the killing of Kafirs, Even in India, Shaheen Bagh has become a hub of terrorist activities, #ShaheenBagh #शाहीनबाग़",religion,religion,Muslims,harmful,high,"Makes a hateful generalization about Islam and Muslims, referencing violent groups and terrorist activities.",True
548,"@Xanthe_Cat nice to know I made him mad, then 😜",not_cyberbullying,not_cyberbullying,none,neutral,none,"The tweet is a lighthearted, non-abusive comment with no intent to harm or harass.",True
549,https://t.co/6MnvsJQvsC,other_cyberbullying,other_cyberbullying,an individual,harmful,high,"The tweet contains a link to a potentially harassing or abusive content without providing context, implying a harmful intent.",True
550,"Locking down my personal account some more. If you were following me before but you're not anymore, sorry. :\",other_cyberbullying,not_cyberbullying,none,neutral,none,Apologizes for a change in account settings without any abusive language or intent.,True
551,Fuck Nieq and Braie. Them some dumb niggers,ethnicity,ethnicity,African Americans,harmful,high,Racist slur targeting a racial group with a derogatory term.,True
552,"All I know is before the war in Afghanistan, The Muslims were very liberal and there wasn't fanatical idiots around, they were imprisoned, all of a sudden the West West needed them to fight the Russians, next thing you know everyone was teaching fanatical culture",religion,other_cyberbullying,Muslims,harmful,medium,"Generalizes and insults a group based on a historical event, without directly targeting a protected trait.",True
553,"RT""@tayyoung_: FUCK OBAMA, dumb ass nigger"" lmao shut yo ass up and go get some nigger dick lmao",ethnicity,ethnicity,African Americans,harmful,high,Racist slurs targeting African Americans with hate speech.,True
554,"RT @tayyoung_: FUCK OBAMA, dumb ass nigger http://bit.ly/M71NtB @youtube",ethnicity,ethnicity,African Americans,harmful,high,Racist slur targeting a racial group.,True
555,#MileyCyrus Miley Cyrus causes controversy with date-rape 'joke' at GAY club gig in London http://ift.tt/1jlu9Qd,gender,other_cyberbullying,Miley Cyrus,harmful,medium,"Accuses Miley Cyrus of making a date-rape joke, implying she is responsible for causing controversy and potentially harming others.",True
556,@Religiolizer The problem is that the cathedral doesn't understand that he prophet Mohammed declared war on all humanity 1400 years ago.,religion,religion,Muslims,harmful,high,Hateful generalization attacking a religious group by misrepresenting a historical figure.,True
557,I Been rocking w you since ur first irl vs fredo and the way u went from one of the most hated TO THE MOST LOVED IN THE COMMUNITY. I’m proud of u bro frfr,ethnicity,not_cyberbullying,none,neutral,none,The tweet is a congratulatory message with no abusive language or intent.,True
558,The BLM at it again.They don’t understand history.Frederick Douglass was a spokesman for the Black People.They are just ripping and tearing at anything that represents the past.,ethnicity,other_cyberbullying,BLM supporters,harmful,medium,"Accuses a social movement of not understanding history and disrespecting the past, with a tone of criticism and disdain.",True
559,Rape jokes Students asking for props for their Columbine outfits Gay men asking for 50's housewife jewelry #SpiritHalloween I love my job,gender,other_cyberbullying,"individuals with specific characteristics (rape victims, Columbine victims, gay men, 50's housewives)",harmful,high,Makes light of sensitive topics and targets specific groups with a tone of mockery and disrespect.,True
560,If you told me that the girl who bullied me in high school would be in a bar laughing with my boss in front of me in 2019 I would’ve been like nah but here we are,age,other_cyberbullying,an individual,harmful,medium,"Retells a past bullying experience with a tone of resentment and surprise, targeting an individual.",True
561,"Yo, windows people. Is there any free app (other than puppet) that will allow me to define apps to install on new PCs?",not_cyberbullying,not_cyberbullying,none,neutral,none,"Friendly, neutral inquiry with no abuse or targeting.",True
562,Sorry y'all. I needed that.,other_cyberbullying,not_cyberbullying,none,neutral,none,"Apologizes and takes responsibility for an action, with no abuse or harassment.",True
563,@harmlesstree2 That's a huge pile of shit. The only reason they would do that is so they could force them to pay Jizya.,not_cyberbullying,religion,Muslims,harmful,high,"Hateful generalization attacking a religious group, referencing Jizya as a form of taxation imposed on non-Muslims in Islamic law.",True
564,@sartoni83 I laid the bike down intentionally vs having a worse accident. I was bruised but fine.,not_cyberbullying,not_cyberbullying,none,neutral,none,The tweet is a personal account of a non-confrontational incident with no abusive language or tone.,True
565,I call female friends bitches when they piss me off. And guess what? I call male friends bitches at the same rate. I’m an equal opportunity offender and proud of it!!,gender,other_cyberbullying,individuals,harmful,high,"Uses derogatory language to insult friends, regardless of gender, with no apparent intent to educate or criticize behavior.",True
566,@shehzilk @watan71969 At least Churchill got it right. http://t.co/Bjgk9PdUUO,not_cyberbullying,other_cyberbullying,none,harmful,low,"Makes a derogatory comment about a historical figure's statement, implying Churchill was correct about a sensitive topic, without specifying what the topic is, but the tone is clearly negative and hurtful.",True
567,"Do you not understand Vaush is arguing and making an issue a thing he doesn’t understand. He bullied the girl he debated in a stream days later, he made a comment about “is it bad optics to ban black people” and he unintentionally argues for white supremacy",age,other_cyberbullying,Vaush,harmful,high,"Accuses Vaush of bullying and making racist comments, with no specific trait-based attack.",True
568,I Am The Victim Bria ! I Just Be Chillin' Trying Not To Get Bullied Or Hoed. Lol,other_cyberbullying,other_cyberbullying,Bria,harmful,low,Threatens and implies bullying of an individual without targeting a protected trait.,True
569,@dawlaa_account There was no random bombardment with chemical weapons. The ISIS chemical weapons were blown up.,not_cyberbullying,other_cyberbullying,ISIS supporters or sympathizers,harmful,medium,Accusatory statement targeting a specific group with a negative implication.,True
570,It's because the BLM Antifa & other Radical Protesters are immune from the Chinese Virus we all know that by now The only ones that catch the Chinese Virus are Christians Republicans & all other American that don't support the Far Left Marxis agenda,religion,ethnicity,"Christians, Republicans, and other Americans",harmful,high,Makes a xenophobic and racist generalization targeting a group based on their nationality and political views.,True
571,@sschinke http://t.co/wFqbTK0LGf,other_cyberbullying,not_cyberbullying,none,neutral,none,The tweet appears to be a neutral link-sharing action with no abusive content.,True
572,"@m1sp hey, do you have a good way to consume multiple json dumps into a single corpus? i've been just hacking it together.",not_cyberbullying,not_cyberbullying,none,neutral,none,"Friendly, neutral question seeking help with a technical task.",True
573,@initials_games Big news! Wait does kat actually still think she can cook? #mkr,gender,other_cyberbullying,kat,harmful,low,Mocking someone's cooking skills with a public tweet.,True
574,Remember when the IDIOT GOVERNOR of Borno got a letter from WAEC telling him to relocate two batch of students from Maiduguri (Muslims) and Chibok (Christians) because of Boko Haram? The IMP relocated the Muslims and you know what happened to the Chibok Girls! Who was blamed?,religion,other_cyberbullying,the Governor of Borno,harmful,high,"Uses derogatory language to insult a public figure, targeting their competence and actions.",True
575,"Wait, wait, wait. So white folks can't help being racist? I am asking bc me & mine have been saying that for years - like, we think racism is bred in your genes; kind of like ur yellow hair & strangely colored eyes. If u could shout out an affirmative, we'd surely appreciate it.",ethnicity,other_cyberbullying,"individuals with certain physical characteristics (yellow hair, colored eyes)",harmful,low,"Makes a derogatory comment about someone's physical appearance, implying it's a fixed trait.",True
576,@elfwreck i'm alone at home please explain how am i no letting women open such gates and im judging everone here male/female #Blameonenotall,other_cyberbullying,gender,women,harmful,medium,"Accuses women of not doing their job, implying incompetence and sexism.",True
577,Y’all didn’t know gay dudes got hands they’ve been fighting school bullies since kids *low-key*,age,gender,LGBTQ+ individuals,harmful,low,"Makes a stereotypical comment about gay men's physical abilities, implying they are more aggressive.",True
578,“Is that a rape joke or a gay joke? I need to know if it’s okay to laugh”,gender,gender,LGBTQ+ individuals,harmful,high,"Asks for permission to laugh at a joke that may be derogatory towards LGBTQ+ individuals, implying that their feelings are not important.",True
579,the girls who bullied me in high school are the same girls that can’t read analog clocks,age,other_cyberbullying,the girls who bullied the author,harmful,medium,"Personal attack and insult targeting individuals, not tied to a protected trait.",True
580,i was referring to u saying josie words doesn’t sit right with me so i added onto it. im guessing english isn’t ur first language? ‘find something else?’ u just admitted to being an ableist. chile how does it feel to be one? i wanna know.,ethnicity,other_cyberbullying,an individual,harmful,high,"Personal harassment with insults and condescending tone, targeting an individual's perceived trait or behavior.",True
581,"@sredrow2 you're a bully! Guess I should pass along the ""get well soon"" bear http://yfrog.com/h3meaudj",other_cyberbullying,other_cyberbullying,an individual (@sredrow2),harmful,low,"Accuses someone of being a bully, but the tone is more playful than serious.",True
582,@KivaBay @tonitonirocca YES I WANT COLORING BOOKS PLEASE PLEASE PLEASE,other_cyberbullying,not_cyberbullying,none,neutral,none,"Friendly, enthusiastic message with no abuse or targeting.",True
583,I got this dumb ass fucking nigger in my lab group and he's dumb as fuck,ethnicity,ethnicity,African Americans,harmful,high,Racist slur targeting a specific ethnic group with derogatory language.,True
584,@V3nomResurge damn nigger where the fuck did you come from did you crawl out of there ass just to talk shit?!? Stfu and mind ur own dumb ass,ethnicity,ethnicity,African Americans,harmful,high,Racist slur targeting a specific ethnic group with hate speech.,True
585,I was played a ton of sports as a child. I even played rep basketball. I was bullied by the girls at high school basketball try-outs and didn’t make the team. So I stopped taking gym classes and playing sports and developed chronic depression I’ve struggled with for twenty years.,age,not_cyberbullying,none,neutral,none,"The tweet is a personal, reflective narrative about the author's past experiences with bullying and its impact on their mental health, without any abusive or harassing content.",True
586,She calls out Pak for terrorism in K. How is that same as whitewashing Islamic terrorism. Anyhow u r free to form your own opinion. Why do I care?,religion,other_cyberbullying,an individual,harmful,medium,"Accuses another person of hypocrisy and whitewashing terrorism, with a condescending tone.",True
587,"RT @Chippydagod: planking is for dumb niggers, did yall know thats what the master use to do to blak slaves. Black people wake the fuck up!!",ethnicity,ethnicity,Black people,harmful,high,Racist slur and historical reference targeting ethnicity/nationality.,True
588,Not single person. 90% bomb blast in india done my Indian mujahedeen but still Hindus never went against local muslim population. u people only abuse Hindutva saying it is RSS term but when We talk about Islamic terrorism you say-'No Bro Terrorism is nothing to do with Islam',religion,other_cyberbullying,Hindus and non-Muslims,harmful,high,Accuses and insults Hindus and non-Muslims with a tone of hypocrisy and blame-shifting.,True
589,"RT @Quinnae_Moon: The ease with which one can dogpile others is scary, not least because we all think we're acting as individuals rather th…",other_cyberbullying,not_cyberbullying,none,neutral,none,"A retweet of a neutral, informative message with no abuse or targeting.",True
590,@SmooveCac the fuck that mean you dumb monkey ass nigger,ethnicity,ethnicity,African Americans,harmful,high,Racist slur targeting ethnicity/nationality with a derogatory term.,True
591,Well... The Hoes might pull this off.... Pardon the pun!! #mkr,gender,other_cyberbullying,individuals (feminine term 'Hoes' is derogatory),harmful,low,"Derogatory term used to insult or mock individuals, not tied to a protected trait.",True
592,"Funny dev joke, y/n? My sense of humor is weird.",other_cyberbullying,not_cyberbullying,none,neutral,none,"Friendly, lighthearted message with no abuse or targeting.",True
593,Give that advice to your bully husband. Go save the children in Puerto Rico that have been left with homes or schools,age,other_cyberbullying,an individual,harmful,high,"Personal attack and insult targeting an individual's personal life, with no clear reference to a protected trait.",True
594,Um... why are you so up in arms about Trump being called an atheist?! Christians are labeled all the fvcking time by folks like you even though a lot of us do NOT support Trump or the GOPs radical ideas. damn find something real to be offended over...,religion,other_cyberbullying,individuals who are upset about Trump being called an atheist,harmful,medium,"Uses aggressive language and insults to attack individuals who are upset about Trump being called an atheist, without addressing their concerns.",True
595,Idiot lady is just propagating lies.. Where are RSS goons? Can you identify RSS and Muslims separately in the video ?,religion,other_cyberbullying,"individuals (lady, RSS goons)",harmful,high,"Harasses individuals with insults and demands, targeting their credibility and actions.",True
596,"I mean it's make the tournament more interesting I'm kind of expecting him to sweep it, unless eye patch wolf is that bully from Connors school",age,other_cyberbullying,an individual,harmful,low,"References a person as a 'bully' with a derogatory implication, but in a somewhat casual and playful tone.",True
597,.@tim_geelen @eaballesty Not true.  Feminism is also about getting free stuff and using benevolent sexism/chivalry to their advantage.,gender,gender,feminists,harmful,medium,"Accuses feminists of using sexism to their advantage, implying manipulation and dishonesty.",True
598,"RT @_stux_: generally by the people who are smart enough to at least realise saying ""feminazi"" makes you look like a fucking prick to anyon…",other_cyberbullying,gender,feminists,harmful,high,Uses a derogatory term to attack a group of people based on their gender and political views.,True
599,Victoria: idk why she cries so easy and looks like the girl that bullied in high school and became a nurse,age,other_cyberbullying,Victoria,harmful,medium,"Personal attack and implication of past wrongdoing, not tied to a protected trait.",True
