id,tweet_text,label,pred_label,target_group,intent,intensity,explanation,parse_ok,tox_score,hit_terms,rule_category,rule_is_bully,rule_pred,pred_label_llm_only,pred_label_arbitration,pred_label_safety_net,bully_union
0,Every friend I had in middle school and high school were only my “friends” because they couldn’t bully me and I wasn’t scared of them and the other half was friends with me cause they was scared of the hoes I was friends with,age,gender,women,harmful,high,"The tweet uses derogatory language to refer to women, implying they are intimidating or threatening.",True,0.0,,,0,not_cyberbullying,gender,gender,gender,1
1,"It's like faking being humble, but then, in the next breath, being upset that people can disagree with you. Must just be personal agendas.",other_cyberbullying,other_cyberbullying,none,harmful,medium,"The tweet implies a personal attack and criticism, likely targeting a specific individual, without directly referencing their religion, age, gender, or ethnicity.",True,0.236,,,0,not_cyberbullying,other_cyberbullying,other_cyberbullying,other_cyberbullying,1
2,It's TIME... Kitchen HQ starts NOW WA! !#HungryCampers #MKR http://t.co/sWQ44IsGMS,not_cyberbullying,not_cyberbullying,none,neutral,none,"This tweet appears to be a promotional message for a cooking show, with no indication of bullying or harassment.",True,0.0,,,0,not_cyberbullying,not_cyberbullying,not_cyberbullying,not_cyberbullying,0
3,Mr President tayyip erdogan Dear Mr idiot Even the man who creat your country didn't change Hagia Sophia and you asshole try to make a show here Be a Muslim if you are and bring back the ppl rights,religion,ethnicity,Turks,harmful,high,"The tweet contains ethnic slurs and attacks targeting the Turkish President and by extension, the Turkish people.",True,0.287,idiot,other_cyberbullying,0,not_cyberbullying,ethnicity,ethnicity,ethnicity,1
4,"#PrayForSun i never knew you but you seemed like such a sweet, genuine and caring girl. i know what its like to be bullied to the point where you dont want to live anymore so it just really affects me ig. fly high angel, rest in peace you deserved so much better..",age,not_cyberbullying,none,neutral,none,"The tweet is a condolence message expressing sympathy and support for the deceased, without any bullying or harassing language.",True,0.0,,,0,not_cyberbullying,not_cyberbullying,not_cyberbullying,not_cyberbullying,0
5,"I hope Twitter rips you a new one. You make me sick. @jimboslice_13 @ry_casper ""how to discribe rape. His dick was hungry!"" #notsexist",gender,gender,women,harmful,high,"The tweet contains a derogatory comment about a woman's body and a reference to rape, indicating a high level of harm and intent to harass.",True,0.9,rape|sexist,gender,1,gender,gender,gender,gender,1
6,I really hate tweeting about Turkey but y’all are making me do it. Non-Turkish Muslims need to stop treating Muslim Turks as idiots. We get what’s symbolism and what’s not. What you don’t understand is what we’ve been through. You did not live through what we did.,religion,other_cyberbullying,Muslim Turks,harmful,medium,"The tweet implies that non-Turkish Muslims are ignorant and dismissive of the experiences of Muslim Turks, using a condescending tone.",True,0.428,idiot,other_cyberbullying,1,other_cyberbullying,other_cyberbullying,other_cyberbullying,other_cyberbullying,1
7,RT @Drebae_: How you hate somebody you never even spoke to? Bitches be Jealous & MAADDDDDDD. https://t.co/fiis4emg01,other_cyberbullying,gender,women,harmful,high,"The tweet contains a derogatory term ('bitches') and a misogynistic sentiment, targeting women.",True,0.501,bitch,gender,1,gender,gender,gender,gender,1
8,"@ldstarr18 @AC360 But there are many ideologies, and Islam declared war on the human race 1400 years ago. http://t.co/ntOJwO4Lnt",religion,ethnicity,Muslims,harmful,high,"The tweet contains a historical claim that Islam declared war on the human race, which is a coded slur targeting Muslims.",True,0.224,,,0,not_cyberbullying,ethnicity,ethnicity,ethnicity,1
9,"Racism is like a stain on ur colored clothes, u can't bleach it Kuz it ain't white.",ethnicity,ethnicity,people of color,harmful,high,"The tweet uses a racist analogy to convey a message, implying that people of color are inherently 'stained' or inferior.",True,0.115,,,0,not_cyberbullying,ethnicity,ethnicity,ethnicity,1
10,@Salon @TheMuslimGuy Do the BB brains at Salon understand that the rape of slave girls was approved and practiced by Mohammed. #Islam,religion,gender,Muslims,harmful,high,"This tweet targets Muslims with a false and inflammatory claim about their faith, aiming to cause harm and offense.",True,0.9,rape,gender,1,gender,religion,gender,religion,1
11,"bullied for being soft and friendly back in elem days. bullied for being close to girls and not acting like my jerk guy classmates (drinking, smoking, watching porn and all the straight toxic masculinity stuff) in High school.",age,other_cyberbullying,none,harmful,medium,"The tweet describes past bullying experiences, but does not target a specific group or individual, and is intended to raise awareness about toxic masculinity.",True,0.247,,,0,not_cyberbullying,other_cyberbullying,other_cyberbullying,other_cyberbullying,1
12,"In high school I used to get bullied by a special ed girl bitch would dead ass hit me, and like fuck was I supposed to do",age,gender,people with disabilities,harmful,high,"The tweet contains derogatory language and a violent threat towards a person with a disability, indicating a high level of harm and intensity.",True,0.516,bitch,gender,1,gender,other_cyberbullying,gender,other_cyberbullying,1
13,"RT @a_man_in_black: @freebsdgirl and at 1:46:00 on this stream he says people in GG should doxx you, me, and srh? https://t.co/fSDalWjH9G",not_cyberbullying,other_cyberbullying,none,harmful,high,"The tweet appears to be reporting and sharing a potentially threatening statement, but does not directly target a specific group or individual.",True,0.0,,,0,not_cyberbullying,other_cyberbullying,other_cyberbullying,other_cyberbullying,1
14,black parade tease and anything beyonka has realesed in the past YEARS LFMAOO gurl bye,ethnicity,other_cyberbullying,Beyoncé,harmful,high,"The tweet contains a derogatory term and a dismissive tone, targeting Beyoncé with the intention of causing harm.",True,0.095,,,0,not_cyberbullying,other_cyberbullying,other_cyberbullying,other_cyberbullying,1
15,@ryloxify PDP being careful. He's gone from rape jokes since EVERYBODY called him out of it to expanding his vocab to words like Gay & Nigga,gender,ethnicity,LGBTQ+ individuals,harmful,high,"The tweet uses a homophobic slur and implies that the speaker's previous behavior was acceptable until they were called out, perpetuating a harmful attitude towards LGBTQ+ individuals.",True,0.9,nigga|rape,ethnicity,1,ethnicity,gender,ethnicity,gender,1
16,"@DavidRomeiPHD @ALWiss5 Anything an American does defines America, anything a Muslim does is an aberration? Idiot!",religion,ethnicity,Muslims,harmful,high,"The tweet uses a derogatory term and implies that Muslims are inherently abnormal, targeting them with a racist slur.",True,0.4,idiot,other_cyberbullying,1,other_cyberbullying,ethnicity,ethnicity,ethnicity,1
17,The link between a culture which condones sexist jokes & number of women that suffer rape & murder is not headline grabbing but a recognized integrated national approach which aims to reduce violence against women https://www.ourwatch.org.au/what-we-do/national-primary-prevention-framework,gender,gender,women,harmful,medium,"The tweet links sexist jokes to violence against women, implying a causal relationship and potentially stigmatizing men who engage in such jokes.",True,0.9,rape|sexist,gender,1,gender,gender,gender,gender,1
18,"i’m gonna cry if my kidneys are fucked up tho tbh. i finally healed from my high school abuse/trauma from bullies my parents and exes bro, i’m into school i wanna work i have a cool lil bro..:::: like why now",age,other_cyberbullying,none,harmful,medium,"The tweet expresses frustration and distress, but does not contain any targeted harassment or slurs, and appears to be a personal expression of vulnerability rather than an attack on a specific group.",True,0.172,,,0,not_cyberbullying,other_cyberbullying,other_cyberbullying,other_cyberbullying,1
19,Even satan is confused about Muslims who enforce LGBT thing into religion. Support whatever the fuck you want without mentioning religion/claiming it’s a part of the religion you idiots.,religion,other_cyberbullying,Muslims,harmful,high,"The tweet uses derogatory language and insults to attack Muslims who support LGBT rights, without directly targeting their religion.",True,0.36,idiot,other_cyberbullying,1,other_cyberbullying,other_cyberbullying,other_cyberbullying,other_cyberbullying,1
20,"I'm friends with Atheists, Episcopalians, Catholics, Muslims & Jewish people and a big part of our friendship is not calling each other idiots. There is a proverb that you catch more bees with honey than with vinegar, but my mother-in-law assures me beer catches even more.",religion,not_cyberbullying,none,neutral,none,"The tweet is a lighthearted, humorous anecdote that does not target or harass any group.",True,0.233,idiot,other_cyberbullying,0,not_cyberbullying,not_cyberbullying,not_cyberbullying,not_cyberbullying,0
21,#asskickery hahahahaha #mkr #mkr2015 #mkrsexylloyd,not_cyberbullying,other_cyberbullying,none,harmful,low,"The tweet contains a derogatory slang term, but it appears to be used in a joking manner, targeting no specific group.",True,0.0,,,0,not_cyberbullying,other_cyberbullying,other_cyberbullying,other_cyberbullying,1
22,"@MartinSenyszak you can have three errors, known errors, unknown errors and unknown unknown errors",not_cyberbullying,not_cyberbullying,none,neutral,none,"This tweet is a neutral, lighthearted comment referencing the concept of 'unknown unknowns' in a non-abusive manner.",True,0.247,,,0,not_cyberbullying,not_cyberbullying,not_cyberbullying,not_cyberbullying,0
23,"Finally! Like, haven't you been waiting since school started for this?!?!",not_cyberbullying,not_cyberbullying,none,neutral,none,"This tweet is a lighthearted expression of excitement and anticipation, without any intent to harm or bully.",True,0.0,,,0,not_cyberbullying,not_cyberbullying,not_cyberbullying,not_cyberbullying,0
24,"What tonight's outcome means: White people still consider black people ""niggers."" End. Of. Story. Disgusting place we live in.",ethnicity,ethnicity,black people,harmful,high,"The tweet uses a racial slur to express disgust and outrage, targeting black people with a derogatory term.",True,0.9,nigger,ethnicity,1,ethnicity,ethnicity,ethnicity,ethnicity,1
25,Since when did a box of band-aids cost 8 dollars #TF,not_cyberbullying,other_cyberbullying,none,harmful,low,"The tweet expresses frustration and annoyance, which could be perceived as bullying or harassment, but it does not target a specific group or individual.",True,0.0,,,0,not_cyberbullying,other_cyberbullying,other_cyberbullying,other_cyberbullying,1
26,"BLM is a radical organization with Marxist goals. Amazon et al. tell us even on their entertainment venues that they support it. It's anti-Christian, anti-capitalist, anti-police just for starters.",religion,other_cyberbullying,BLM supporters,harmful,high,"The tweet targets BLM supporters with derogatory language and accusations, promoting a harmful and divisive narrative.",True,0.0,,,0,not_cyberbullying,other_cyberbullying,other_cyberbullying,other_cyberbullying,1
27,that moment when your elementary school bullies slide in your dms >>>>>>>> I LOVE IT,age,other_cyberbullying,children,harmful,low,The tweet is bullying children by referencing past bullying experiences in a mocking manner.,True,0.0,,,0,not_cyberbullying,other_cyberbullying,other_cyberbullying,other_cyberbullying,1
28,Judgement time #mkr #hungrycampers,not_cyberbullying,not_cyberbullying,none,neutral,none,"The tweet appears to be a reference to a TV show or competition, and does not contain any language or content that could be considered bullying or harassment.",True,0.0,,,0,not_cyberbullying,not_cyberbullying,not_cyberbullying,not_cyberbullying,0
29,"If there is one thing in life we can count on, it's if you ask a question regarding opinions on Apple products, no one will agree.",other_cyberbullying,not_cyberbullying,none,neutral,none,This tweet is a lighthearted and neutral statement about the difficulty of getting people to agree on opinions about Apple products.,True,0.0,,,0,not_cyberbullying,not_cyberbullying,not_cyberbullying,not_cyberbullying,0
30,People getting all mad at Racists Getting Fired is my favorite mouse squeak of white supremacy,not_cyberbullying,other_cyberbullying,none,harmful,high,"The tweet uses coded language to mock and insult individuals who support firing racists, implying they are complicit in white supremacy.",True,0.239,,,0,not_cyberbullying,other_cyberbullying,other_cyberbullying,other_cyberbullying,1
31,"I'm 30, happily married with 2 kids. In school I was 6'3 and weigh 190 my senior year. the onlytime.somine.tried to bully me I threw their moped in the school dumpster. Nice try though",age,not_cyberbullying,none,neutral,none,"The tweet is a lighthearted, boastful post about the author's past experiences, with no intent to harm or bully others.",True,0.0,,,0,not_cyberbullying,not_cyberbullying,not_cyberbullying,not_cyberbullying,0
32,"Honestly we wouldn't have given you the attention you're craving for but put this at the back of your mind,you're an idiot,a loser and a psycho. It takes alot of foolishness for someone who claim to be a Muslim to be fighting with clear words of Allah publicly without having....",religion,other_cyberbullying,Muslims,harmful,high,"The tweet contains a derogatory statement targeting a Muslim individual, using their faith as a basis for insult.",True,0.94,allah|idiot|loser,other_cyberbullying,1,other_cyberbullying,religion,other_cyberbullying,religion,1
33,"Guys, piece of advice, rape jokes are NEVER funny. I don't know much about women as a gay man, but that I tell you with certainty.",gender,gender,women,harmful,medium,"The tweet implies that women are the target of rape jokes, and the speaker's statement is dismissive and condescending.",True,0.9,rape,gender,1,gender,gender,gender,gender,1
34,"If I ever went to prision in the US, I would want to go to the school shooter's ward, just so I can bully their socially awkward white asses.",age,other_cyberbullying,people with social anxiety or autism (implied by 'socially awkward'),harmful,high,"The tweet targets a specific group with the intention of bullying and harassment, using derogatory language.",True,0.174,,,0,not_cyberbullying,other_cyberbullying,other_cyberbullying,other_cyberbullying,1
35,@FanTaStIK_Zae2 big ass bully!,other_cyberbullying,other_cyberbullying,none,harmful,high,"The tweet contains a derogatory insult, targeting the person's character rather than any protected characteristic.",True,0.237,,,0,not_cyberbullying,other_cyberbullying,other_cyberbullying,other_cyberbullying,1
36,"School was never good for my mental health, at least High School. I got bullied by all the pretty girls, and they always treated me like a fucking gremlin. And I was constantly told that I just had to put up with it, completely destroying my self confidence to what it is now.",age,gender,women,harmful,high,"The tweet targets women, using derogatory language to describe them and implying they bullied the author, causing harm to the author's self-confidence.",True,0.102,,,0,not_cyberbullying,gender,gender,gender,1
37,@98Halima @johnnygjokaj @somersert @cdnKhadija @BilalIGhumman @rfrankh53 And why do we care about this guy?,not_cyberbullying,other_cyberbullying,none,harmful,low,"The tweet is a derogatory comment targeting a specific individual, implying they are not worth caring about, without specifying a protected characteristic.",True,0.0,,,0,not_cyberbullying,other_cyberbullying,other_cyberbullying,other_cyberbullying,1
38,@warrenleightTV @CizzymacHD pretty entertaining that they think NYS isn't a hashtag used to justify harassment. ^.^ Good job.,other_cyberbullying,other_cyberbullying,none,harmful,low,"The tweet implies that the recipient's actions are being used to justify harassment, which is a form of cyberbullying.",True,0.0,,,0,not_cyberbullying,other_cyberbullying,other_cyberbullying,other_cyberbullying,1
39,We've normalized gay jokes and now we're about to do the same thing with rape. Ang korni.,gender,gender,women,harmful,high,"The tweet makes a joke about rape, implying a threat or trivialization of sexual violence against women.",True,0.9,rape,gender,1,gender,gender,gender,gender,1
40,"Disgusting ignorance RT @tayyoung_ FUCK OBAMA, dumb ass nigger",ethnicity,ethnicity,African Americans,harmful,high,"The tweet contains a racial slur targeting African Americans, indicating a high level of harm and intent to offend.",True,0.9,dumb|nigger,ethnicity,1,ethnicity,ethnicity,ethnicity,ethnicity,1
41,@WalidShoebat Most Muslims instinctively understand that Islam cannot survive in light of day and must be protected by blasphemy laws #Islam,religion,religion,Muslims,harmful,high,This tweet contains a derogatory implication that Muslims are intolerant and need to suppress free speech to protect their faith.,True,0.0,,,0,not_cyberbullying,religion,religion,religion,1
42,RT @shariaunveiled: A Muslim Man in India Attempts Murder of His 10-Year-old Daughter by Burying Her Alive http://t.co/BO7d9XL3ht,not_cyberbullying,ethnicity,Muslims,harmful,high,"This tweet shares a disturbing story targeting Muslims, potentially perpetuating negative stereotypes and Islamophobia.",True,0.143,,,0,not_cyberbullying,ethnicity,ethnicity,ethnicity,1
43,RT @ismisecaz: My housemate was inspired. #mkr http://t.co/YrtSVNPknK,not_cyberbullying,not_cyberbullying,none,neutral,none,"This tweet appears to be a neutral retweet of a post about a TV show, with no apparent intent to harm or harass.",True,0.0,,,0,not_cyberbullying,not_cyberbullying,not_cyberbullying,not_cyberbullying,0
44,Why is it that UN are keeping quite over the killing of Christians in Nigeria. A 70 years Christian woman was rapped early this morning and beheaded by Fulani herdsmen in a place called Ebonyi in the Eastern Nigeria. It is the right time to divide so that Christians can have peac,religion,other_cyberbullying,none,harmful,high,"The tweet is a call to violence and division, targeting a specific ethnic group (Fulani herdsmen) and promoting harm towards them, but it is not explicitly targeting a protected group such as religion, age, gender, or ethnicity.",True,0.206,,,0,not_cyberbullying,other_cyberbullying,other_cyberbullying,other_cyberbullying,1
45,Rebecca Black removed from school after being bullied by classmates http://n360.to/noc85c (via @news360app) #isitFridayyet,age,other_cyberbullying,none,harmful,medium,"The tweet reports on bullying behavior, potentially perpetuating a negative narrative and drawing attention to the victim.",True,0.187,,,0,not_cyberbullying,other_cyberbullying,other_cyberbullying,other_cyberbullying,1
46,@IchbinUjjaini @AvijitSinha5 @shivendushekhar @geetv79 I don't want to argue with u all idiots who r using beef eatâ¦ https://t.co/oUP9nfWsEF,other_cyberbullying,ethnicity,beef-eaters (implied Hindus or Indians),harmful,high,"The tweet uses a derogatory term to target individuals who consume beef, which is a sensitive issue in some cultures.",True,0.233,idiot,other_cyberbullying,0,not_cyberbullying,ethnicity,ethnicity,ethnicity,1
47,"high fashion twitter girls go to school wearing leggings and slip on vans, get bullied all day, come home, log into their bella hadid avi twitter account to call people fat in group chats and post pictures of cindy kimberly and tweet about the coke they don’t do",age,other_cyberbullying,people who are overweight or perceived as such,harmful,high,"The tweet targets individuals who are overweight or perceived as such, using derogatory language and mocking their appearance.",True,0.187,,,0,not_cyberbullying,other_cyberbullying,other_cyberbullying,other_cyberbullying,1
48,"Whoever is ""their"" in your mentioned tweet are jerks, a whole green flag doesn't look good to my eyes. Minorities are our backbone. Stay strong don't get disheartened these idiots are gonna taste their medicine soon. I being a Muslim and being a Pakistani support you.",religion,other_cyberbullying,none,harmful,high,"The tweet contains aggressive language and a threat of violence ('taste their medicine') against an unspecified group, but also includes a message of support for a specific minority group.",True,0.467,idiot|paki,ethnicity,1,ethnicity,other_cyberbullying,other_cyberbullying,other_cyberbullying,1
49,"@scalzi George R.R. Martin, why are you tweeting from John Scalzi's account?",other_cyberbullying,other_cyberbullying,George R.R. Martin,harmful,high,"This tweet is a form of harassment, impersonating and accusing someone of identity theft, which can be damaging to George R.R. Martin's reputation.",True,0.0,,,0,not_cyberbullying,other_cyberbullying,other_cyberbullying,other_cyberbullying,1
50,"Very offensive audio got leaked of Dragonball actors making sex jokes, rape jokes, racist, pedo, and homophobic jokes. Including a four minute skit of a gay orgy with every offensive thing they could think to throw in it.",gender,gender,LGBTQ+ individuals,harmful,high,"The tweet contains homophobic jokes and a description of a gay orgy, which targets and mocks LGBTQ+ individuals.",True,0.9,rape,gender,1,gender,gender,gender,gender,1
51,"One of my pet peeves is when people call female-identity if individuals “Son of a Bitch.” Like no, that’s a daughter",gender,gender,trans women,harmful,medium,The tweet uses a derogatory term to mock and correct someone's understanding of a trans woman's identity.,True,0.233,bitch,gender,0,not_cyberbullying,gender,gender,gender,1
52,the second reminds me of the girl who bullied me in junior high and I’m just waiting for you to call me a bitch or trip me in gym class so depends on the vibe you want I guess,age,gender,women,harmful,medium,"The tweet contains a derogatory term ('bitch') and implies a threat of physical harm, targeting women.",True,0.48,bitch,gender,1,gender,gender,gender,gender,1
53,18 bats,not_cyberbullying,age,teenagers,harmful,low,"The tweet is a derogatory comment targeting teenagers, implying they are immature or childish.",True,0.0,,,0,not_cyberbullying,age,age,age,1
54,Brutal Simplicity.,not_cyberbullying,not_cyberbullying,none,neutral,none,"The tweet appears to be a neutral comment or critique, lacking any explicit or implicit intent to harm or target a specific group.",True,0.187,,,0,not_cyberbullying,not_cyberbullying,not_cyberbullying,not_cyberbullying,0
55,"Can't get over the tweets threatening to ""assassinate the nigger"" - you dumb fucks grow up no one cares if your daddy is crying",ethnicity,ethnicity,African Americans,harmful,high,"The tweet contains a racial slur and threats of violence, indicating a high level of harm and intensity.",True,0.99,dumb|grow up|nigger,ethnicity,1,ethnicity,ethnicity,ethnicity,ethnicity,1
56,RT @davidalice Why are LA women so bitchy? #notsexist,gender,gender,women,harmful,low,"The tweet uses a derogatory term to describe women, implying they are unpleasant or aggressive.",True,0.659,bitch|sexist,gender,1,gender,gender,gender,gender,1
57,"I’m the hot girl who bullied little bitches like you in high school. I’m so good at putting men in their place, I don’t even have to say a single word to do it. You already feel my power. - findom femdom finsub cashslave -",age,gender,women,harmful,high,"The tweet contains derogatory language and boasts about bullying women, indicating a high level of intent to harm and intimidate.",True,0.357,bitch,gender,1,gender,gender,gender,gender,1
58,Damn @Faxxu_ thanks for lending me that Lambo for my cousin’s high school prom. It really made it so he wouldn’t get bullied anymore and is now prom king and is now dating his dream girl! All thanks to you and your generosity,age,not_cyberbullying,none,neutral,none,"The tweet is a genuine expression of gratitude and appreciation, with no intent to harm or bully anyone.",True,0.0,,,0,not_cyberbullying,not_cyberbullying,not_cyberbullying,not_cyberbullying,0
59,"I too was bullied by a girl everyday at school from 2nd grade threw high school. Being shy, I never fought back. I'm definitely a stronger person today. I've never forgotten her. Kindness is best.",age,not_cyberbullying,none,neutral,none,"The tweet shares a personal experience of bullying but does not target or harass anyone, and instead promotes kindness.",True,0.0,,,0,not_cyberbullying,not_cyberbullying,not_cyberbullying,not_cyberbullying,0
60,"You can't prove a fact because facts are already proven...... Stupid argument! You may be brazen idiot, but I will keep our discussion going on ""How #ghettoisation of Muslims happens because of Islamic practices?"", starting with #Survey reports",religion,other_cyberbullying,none,harmful,high,"The tweet uses aggressive language and insults to belittle the opponent's argument, while also making a provocative and potentially inflammatory statement about Muslims.",True,0.664,idiot|stupid,other_cyberbullying,1,other_cyberbullying,other_cyberbullying,other_cyberbullying,other_cyberbullying,1
61,"Wishing my Dad the Happiest of Birthdays and a Blessed Year. Thank you for everything you’ve taught me from math, to not missing a day of school, never back down from a bully, Business, the Power of Real Estate…",age,not_cyberbullying,none,neutral,none,"This tweet is a heartfelt birthday message to the author's father, expressing gratitude and appreciation.",True,0.0,,,0,not_cyberbullying,not_cyberbullying,not_cyberbullying,not_cyberbullying,0
62,"Go lose some weight RT @tayyoung_: FUCK OBAMA, dumb ass nigger",ethnicity,ethnicity,none,harmful,high,"The tweet contains hate speech and harassment, but the primary targets are not a specific group, rather the language used is abusive and derogatory.",True,0.9,dumb|nigger,ethnicity,1,ethnicity,other_cyberbullying,ethnicity,other_cyberbullying,1
63,@parveen_n @YouTube This is what you should learn about #Islam and #Muslims. http://t.co/ZLiSomON1p,not_cyberbullying,other_cyberbullying,Muslims,harmful,low,"The tweet implies a condescending and instructive tone, targeting Muslims with a link that may be perceived as judgmental or superior.",True,0.0,,,0,not_cyberbullying,other_cyberbullying,other_cyberbullying,other_cyberbullying,1
64,Going to get Taylor swifts new cd and lay my sick ass in bed and listen to it,not_cyberbullying,not_cyberbullying,none,neutral,none,"The tweet is a casual, friendly statement about listening to music, with no intent to harm or harass anyone.",True,0.233,,,0,not_cyberbullying,not_cyberbullying,not_cyberbullying,not_cyberbullying,0
65,"Yeah Zahra. As a brown person you must comment every time a an idiot who happened to be Muslim does something. While we are at it, Ewan any comment on the KKK and their actions?",religion,other_cyberbullying,none,harmful,high,"The tweet is bullying because it uses guilt-by-association to shame individuals based on their perceived group affiliations, without directly targeting a specific group or individual.",True,0.315,idiot,other_cyberbullying,0,not_cyberbullying,other_cyberbullying,other_cyberbullying,other_cyberbullying,1
66,@ldstarr18 @AC360 If freedom of expression undermines peace we should give up freedom? http://t.co/4KufcibN1k,not_cyberbullying,other_cyberbullying,none,harmful,low,"The tweet is a provocative statement that could be perceived as dismissive or confrontational, but it does not target a specific group or individual.",True,0.0,,,0,not_cyberbullying,other_cyberbullying,other_cyberbullying,other_cyberbullying,1
67,RT @Sir5000: @freebsdgirl Summer? But it's…hm. http://t.co/ckP0hUzQPr,not_cyberbullying,not_cyberbullying,none,neutral,none,"This tweet appears to be a neutral retweet of a comment about the weather, without any intent to harm or harass.",True,0.0,,,0,not_cyberbullying,not_cyberbullying,not_cyberbullying,not_cyberbullying,0
68,"@KellyTurner99 @buellerishere @isra_jourisra @fei989 To say, ""don't hate Islam"" is as dumb as saying ""don't hate Nazism"".",religion,other_cyberbullying,none,harmful,high,"The tweet uses a comparison to Nazism to imply that Islam is inherently hateful, promoting a negative and inflammatory message.",True,0.233,dumb,other_cyberbullying,0,not_cyberbullying,other_cyberbullying,other_cyberbullying,other_cyberbullying,1
69,@Polo_ProphED fuck off you dumb nigger,ethnicity,ethnicity,African Americans,harmful,high,"The tweet contains a racial slur, targeting African Americans with a high level of intent to harm.",True,0.9,dumb|nigger,ethnicity,1,ethnicity,ethnicity,ethnicity,ethnicity,1
70,"You called that one right Fat Boy has been rendered totally inert, he was exposed as the House Negro and even White Supremacist don't respect Race traitors",ethnicity,ethnicity,African Americans,harmful,high,The tweet uses a derogatory term and a historical stereotype to attack a person's racial identity and loyalty.,True,0.332,negro,ethnicity,0,not_cyberbullying,ethnicity,ethnicity,ethnicity,1
71,"And Hilary was Secretary of State not president lol. But will one trump supporter care - nope, because they support him because of greed and racism and that’s it. And I include the insane religious bigotry of the radical “evangelical Christian Right” cult as part of racism.",religion,other_cyberbullying,radical evangelical Christian Right,harmful,high,"The tweet targets a specific group with derogatory language, implying they are driven by racism and bigotry, and labels them as a 'cult'.",True,0.286,,,0,not_cyberbullying,other_cyberbullying,other_cyberbullying,other_cyberbullying,1
72,"We've all been there, right?",other_cyberbullying,not_cyberbullying,none,neutral,none,"The tweet is a neutral, rhetorical question that does not target any specific group or individual.",True,0.0,,,0,not_cyberbullying,not_cyberbullying,not_cyberbullying,not_cyberbullying,0
73,Man this is a smack in the face to all colored people if u still believe racism doesn't exists ur a fool,ethnicity,ethnicity,people of color,harmful,high,"The tweet uses a derogatory term and makes a generalization about people of color, implying they are foolish if they don't acknowledge racism.",True,0.237,,,0,not_cyberbullying,ethnicity,ethnicity,ethnicity,1
74,"PC-BSD is a fork that is mostly funded by iXSystems, the organization that runs FreeBSD marketing. It's a frontend on top of FreeBSD.",other_cyberbullying,not_cyberbullying,none,neutral,none,"This tweet is a factual statement about the funding and relationship between PC-BSD and FreeBSD, without any intent to harm or harass.",True,0.0,,,0,not_cyberbullying,not_cyberbullying,not_cyberbullying,not_cyberbullying,0
75,Go Manu! #mkr,not_cyberbullying,not_cyberbullying,none,neutral,none,"This tweet appears to be a supportive comment about a person named Manu, likely in the context of a cooking competition show.",True,0.0,,,0,not_cyberbullying,not_cyberbullying,not_cyberbullying,not_cyberbullying,0
76,keeth i stg. he literally struggles to stream n acts paranoid that hes going to say the nigger again n he almost did 2x. he didnt stream for a yr. he could've made an effort to not say the nword in private but he didnt n its a dumb fucking decision. i dont personally give a fuck,ethnicity,ethnicity,African Americans,harmful,high,The tweet contains a racial slur and targets African Americans with derogatory language and criticism.,True,0.9,dumb|nigger,ethnicity,1,ethnicity,ethnicity,ethnicity,ethnicity,1
77,@Way2FengShui I can see how some offended by the rape jokes but the gay jokes he saying explains what ppl doing after watching,gender,gender,LGBTQ+ individuals,harmful,medium,The tweet contains a gay joke that implies derogatory and hurtful stereotypes about LGBTQ+ individuals.,True,0.9,rape,gender,1,gender,gender,gender,gender,1
78,@xdannock maybe someone will use Kat's weber #mkr,not_cyberbullying,other_cyberbullying,Kat,harmful,low,"The tweet is making a derogatory comment about Kat, implying she is somehow 'weird' or undesirable.",True,0.0,,,0,not_cyberbullying,other_cyberbullying,other_cyberbullying,other_cyberbullying,1
79,I'm such a bully .. *,other_cyberbullying,not_cyberbullying,none,neutral,none,The tweet appears to be a self-deprecating statement with no apparent target or intent to harm.,True,0.148,,,0,not_cyberbullying,not_cyberbullying,not_cyberbullying,not_cyberbullying,0
80,"What questions did you ask me? Why you shouldn't rationalize rape jokes? Seriously? Are you sincerely asking why it's not okay for you to excuse rape jokes? Beyond that, you just admitted you used ""gay"" as a slur to troll people into outrage. You're a trash heap. Fuck off dude",gender,gender,LGBTQ+ individuals,harmful,high,"The tweet contains a slur ('gay') used to troll people and excuse rape jokes, targeting the LGBTQ+ community with homophobic language.",True,0.9,rape|trash,gender,1,gender,gender,gender,gender,1
81,@beardyblue it takes a pretty specific personality type to be able to take this shit on voluntarily.,other_cyberbullying,other_cyberbullying,none,harmful,low,"The tweet contains a derogatory implication, implying that the recipient has a specific and potentially undesirable personality type.",True,0.079,,,0,not_cyberbullying,other_cyberbullying,other_cyberbullying,other_cyberbullying,1
82,RT @LynneMcGranger: #mkr what are the chances of the safe teams strategically marking UP the #blondebutchers ?? I'd put my chicken's livers…,not_cyberbullying,other_cyberbullying,none,harmful,high,"The tweet contains derogatory language ('blondebutchers') that is intended to mock or belittle a group, but the target group is not explicitly stated.",True,0.0,,,0,not_cyberbullying,other_cyberbullying,other_cyberbullying,other_cyberbullying,1
83,RT @iHateHostal: I swear somebody needs to invent a #KanyeShrug emoticon <fuck that dumb nigger!,ethnicity,ethnicity,African Americans,harmful,high,"The tweet contains a racial slur, targeting African Americans with a derogatory term.",True,0.9,dumb|nigger,ethnicity,1,ethnicity,ethnicity,ethnicity,ethnicity,1
84,"@Kaepernick7 You are a demon of special skills. Did you sell out to the muslims of your GF or the communists. Forget it, same thing. Yeah, America has been so bad to you. Where do you live Colin? How many meals do you miss? You are a liar and a traitor. You are an idiot",religion,other_cyberbullying,public figures,harmful,high,"The tweet contains a mix of personal attacks, insults, and accusations targeting Colin Kaepernick's character, loyalty, and credibility, without specifically referencing his age, gender, ethnicity, or religion.",True,0.496,idiot,other_cyberbullying,1,other_cyberbullying,other_cyberbullying,other_cyberbullying,other_cyberbullying,1
85,Because you promote their behaviours and support them.We muslims are also known what is harmful and stay away from it while you Christians allow the sodomites and the radical atheist and radical feminist to attack you.,religion,gender,women and LGBTQ+ individuals,harmful,high,"The tweet targets and insults radical feminist women, LGBTQ+ individuals, and atheists, promoting harm and exclusion.",True,0.233,muslims are,religion,0,not_cyberbullying,gender,gender,gender,1
86,"⠀ ⠀ ⠀Yep,that's the girl that bullied you in high school. ─. . .And yes,she's still a bully to this day.",age,other_cyberbullying,none,harmful,high,"The tweet is a form of harassment and bullying, targeting the person's past behavior and implying they are still a bully, without specifically targeting a protected group.",True,0.242,,,0,not_cyberbullying,other_cyberbullying,other_cyberbullying,other_cyberbullying,1
87,RT @Lyall: Bosom flattering #NoMorePage3 t-shirt profile pic #FeministSelfie #irony #hypocrisy #praxis #notbad #sorry #malegaze http://t.co…,gender,gender,women,harmful,low,"The tweet uses the term 'Bosom flattering' which objectifies women's bodies, implying a sexist and misogynistic intent.",True,0.0,,,0,not_cyberbullying,gender,gender,gender,1
88,I hope you get yo ass beat . Dumb broad “@kimberrlym_: Fuck you nigger #CANELOTEAM”,ethnicity,ethnicity,women,harmful,high,"The tweet contains a misogynistic slur ('broad') and a threat of physical violence, targeting a woman.",True,0.9,dumb|nigger,ethnicity,1,ethnicity,gender,ethnicity,gender,1
89,Kat needs to calm down with the crazy eyes #mkr,gender,other_cyberbullying,none,harmful,low,"The tweet contains a derogatory comment about Kat's appearance, but it's not specifically targeting her age, gender, ethnicity, or religion.",True,0.008,,,0,not_cyberbullying,other_cyberbullying,other_cyberbullying,other_cyberbullying,1
90,"@Superjutah A lot of MRA's are gay, actually.  They see how feminism merely uses them.",gender,gender,men who identify as gay or may be perceived as gay,harmful,medium,"The tweet implies that men who identify as gay are being used by feminism, which is a derogatory and hurtful stereotype.",True,0.0,,,0,not_cyberbullying,gender,gender,gender,1
91,Wow....a commercial to eat seafood and clean up the environment. #DoubleWhammy,not_cyberbullying,not_cyberbullying,none,neutral,none,"The tweet is a sarcastic comment on a commercial, expressing a neutral opinion without targeting any group.",True,0.0,,,0,not_cyberbullying,not_cyberbullying,not_cyberbullying,not_cyberbullying,0
92,@_d_n_verg_ @stevesalaita Nothing has any value for Arabs except the destruction of the Jews. And the Arabs must pay Palestine to destroy em,religion,ethnicity,Arabs,harmful,high,"This tweet contains a racist statement targeting Arabs, promoting harm and violence against them.",True,0.259,,,0,not_cyberbullying,ethnicity,ethnicity,ethnicity,1
93,"according to @HipsNLips_ I'm am the following : A dumb nigger baby, A simple ass nigga, and A dumb fuck. *self-esteem drops 39 points* llf.",ethnicity,ethnicity,African Americans,harmful,high,"The tweet contains multiple racist slurs targeting African Americans, indicating a high level of harm and intensity.",True,0.987,dumb|nigga|nigger,ethnicity,1,ethnicity,ethnicity,ethnicity,ethnicity,1
94,"Imagine being trans, or gay, or a rape victim, experiencing traumatic events in your life, and to label a joke offensive only for people...",gender,gender,"rape victims, LGBTQ+ individuals",harmful,high,"The tweet dismisses the trauma experienced by certain groups, implying their feelings are invalid.",True,0.9,rape,gender,1,gender,other_cyberbullying,gender,other_cyberbullying,1
95,The most #offensive thing one can do is be a #rich #white meat eating #priest smoking with a naked little #boy sitting on his lap forcing a #transgender doctor to #abort the #gay retarded #black child of a #Mexican #feminist at #gunpoint while telling a #rape joke in #Arabic,gender,gender,none,harmful,high,"This tweet contains a highly inflammatory and disturbing amalgamation of hate speech and graphic imagery, targeting multiple groups in a way that is intended to cause maximum offense and distress.",True,0.9,rape,gender,1,gender,other_cyberbullying,gender,other_cyberbullying,1
96,"There's funny & there's douche worthy. Not funny joke about rape, prejudice, racism, gay bashing, etc? In current culture? Die in a fire.",gender,gender,LGBTQ+ individuals and women,harmful,high,"The tweet contains a violent threat and derogatory language targeting individuals who are victims of rape, prejudice, racism, and gay bashing, which is a form of hate speech and harassment.",True,0.9,rape,gender,1,gender,gender,gender,gender,1
97,"An enigma, the left's support of a culture that condemns everything they stand for. All women, the lbgt community, and for that matter Jews and Christians, should condemn all Radical Muslims. Why support abuse of women, executing gays, threats to annhihilate other faiths?",religion,other_cyberbullying,Radical Muslims,harmful,high,"The tweet targets Radical Muslims with accusations of abuse, execution, and threats, promoting a negative and harmful stereotype.",True,0.204,,,0,not_cyberbullying,other_cyberbullying,other_cyberbullying,other_cyberbullying,1
98,@KaitlynBurnell beats me. I was sent the screencap.,other_cyberbullying,other_cyberbullying,none,harmful,low,"The tweet implies that @KaitlynBurnell has been involved in a situation where the poster feels wronged, and is seeking validation or sympathy from others.",True,0.0,,,0,not_cyberbullying,other_cyberbullying,other_cyberbullying,other_cyberbullying,1
99,U better don't spread hatred here wherever it was in 1990 cuz u r in lining in a confusion that Hindus was persecuted but it was Muslims who. Was persecuted all time by bloody Hindus and idiots people like you always support them,religion,ethnicity,Hindus,harmful,high,"The tweet contains a racist slur and attacks Hindus, promoting a false narrative and using derogatory language.",True,0.233,idiot,other_cyberbullying,0,not_cyberbullying,ethnicity,ethnicity,ethnicity,1
100,"UHHH SAIL AWAY SWALWELL OKAY WITH OBAMA'S HATRED FOR JERUSALEM & PRAISE/CRATES OF $$'S TO IRAN & SOMEHOW SAIL AWAY SWALWELL HAS DRAWN A BLANK TO THE MASSIVE SUPPORT BY TRUMP FOR ISRAEL! US EMBASSY IN ISRAEL! SEE YOU RADICAL FLLFSC-BB-A-DEMOCRATS HATE CHRISTIANS & JEWS, BUT",religion,other_cyberbullying,Democrats,harmful,high,"The tweet contains aggressive language and accusations of hatred towards a political group, with a tone of intense criticism and hostility.",True,0.15,,,0,not_cyberbullying,other_cyberbullying,other_cyberbullying,other_cyberbullying,1
101,.@Trykezhighflyer True. The issue is not because he's gay. We should respect gays. That joke was low though. Rape is a serious matter,gender,gender,LGBTQ+ individuals,harmful,medium,"The tweet implies that the speaker is defending someone's sexual orientation, but also acknowledges a joke that could be perceived as derogatory, and then shifts to a serious topic of rape, which may be used to deflect from the initial issue.",True,0.9,rape,gender,1,gender,gender,gender,gender,1
102,@Ignaciio_ @Kertio1337 es que si le hago violación no sería bullying :c,not_cyberbullying,other_cyberbullying,none,harmful,high,"The tweet contains a graphic and threatening statement that implies violence, but it does not target a specific group based on religion, age, gender, or ethnicity.",True,0.0,,,0,not_cyberbullying,other_cyberbullying,other_cyberbullying,other_cyberbullying,1
103,"That tweet made me cringe, never imagined that any black child can call another a house nigger. It's demeaning, it's sad & utterly disgusting #SorryPrinceKaybee",ethnicity,ethnicity,black people,harmful,high,"The tweet uses a derogatory racial slur, 'house nigger', to express disgust and shame towards a black person's behavior.",True,0.9,nigger,ethnicity,1,ethnicity,ethnicity,ethnicity,ethnicity,1
104,"you have no sense or knowledge and then keep arguing. Idiots like you are the problem. so if a pakistani muslim says he is hindu it is acceptable and can be given citizenship. Why tjere is cut off 2015, after that persecution stopped or what? Do you know there are different",religion,ethnicity,none,harmful,high,"The tweet contains aggressive language and insults, targeting no specific group, but rather a person's perceived ignorance and argumentative behavior.",True,0.685,idiot|paki,ethnicity,1,ethnicity,other_cyberbullying,ethnicity,other_cyberbullying,1
105,I remember when someone told me that private colleges r better than state schools coz they bully in the state schools...b.s!,other_cyberbullying,other_cyberbullying,students in state schools,harmful,low,"The tweet implies that students in state schools are bullied, which can be perceived as a negative and potentially hurtful statement.",True,0.045,,,0,not_cyberbullying,other_cyberbullying,other_cyberbullying,other_cyberbullying,1
106,"When people bully another they go for someone weaker than them and probably smaller/younger. Assuming all of ateez were in high school, i'd assume Yunho's brother was already in college if not already had a job as you can see him working in his studio.",age,other_cyberbullying,none,harmful,low,"The tweet implies that the person being discussed is weaker and younger, but the context is not about age or bullying, rather a general statement about bullying behavior.",True,0.218,,,0,not_cyberbullying,other_cyberbullying,other_cyberbullying,other_cyberbullying,1
107,"No problem with sexism and have mates who are gay! Never been violated, rape is a word that should not be used as a joke with consequences",gender,gender,women,harmful,medium,"The tweet mentions sexism and rape, indicating a concern for women's safety and a criticism of the trivialization of rape.",True,0.9,rape,gender,1,gender,gender,gender,gender,1
108,"Eat your words Kat, don't choke on them niw !!! Hahaha gotta love Karma #mkr",gender,other_cyberbullying,none,harmful,low,"The tweet contains a derogatory phrase 'choke on them' and a mocking tone, but it's not targeting a specific group based on religion, age, gender, or ethnicity.",True,0.0,,,0,not_cyberbullying,other_cyberbullying,other_cyberbullying,other_cyberbullying,1
109,Watch http://t.co/8YC7xTDA2U to see @TheQuinnspiracy! Just a few more minutes. :),other_cyberbullying,not_cyberbullying,none,neutral,none,"The tweet is a neutral, friendly message inviting others to watch a video.",True,0.0,,,0,not_cyberbullying,not_cyberbullying,not_cyberbullying,not_cyberbullying,0
110,Today's dem show lead by dumbo was absolutely the most disgraceful display of school yard bullies. AG Barr was treated with the worst possible disrespect. The rest of the world must be laughing at the lunacy going on in our nation's capital.,age,other_cyberbullying,public figures,harmful,high,"The tweet uses derogatory language ('dumbo') to insult a public figure, AG Barr, and expresses disdain for a group of people (school yard bullies), implying they are childish and lacking in respect.",True,0.405,dumb,other_cyberbullying,1,other_cyberbullying,other_cyberbullying,other_cyberbullying,other_cyberbullying,1
111,"@ShriekAPotomos @CrashOverrideNW As to if I'm working with her, that's none of your business. This isn't an adequate use of your time. Shoo.",other_cyberbullying,other_cyberbullying,none,harmful,high,"The tweet contains aggressive language and a dismissive tone, intended to belittle and intimidate the recipient.",True,0.051,,,0,not_cyberbullying,other_cyberbullying,other_cyberbullying,other_cyberbullying,1
112,I dont want to start my dental program today,not_cyberbullying,not_cyberbullying,none,neutral,none,"The tweet expresses a personal sentiment about starting a program, without targeting any group or individual.",True,0.017,,,0,not_cyberbullying,not_cyberbullying,not_cyberbullying,not_cyberbullying,0
113,@ferdinandezz: Mind the gap Arsenal:  Why Chelsea are the kings of London now #afc #cfc,not_cyberbullying,not_cyberbullying,none,neutral,none,This tweet is a sports commentary and does not contain any bullying or harassment language.,True,0.0,,,0,not_cyberbullying,not_cyberbullying,not_cyberbullying,not_cyberbullying,0
114,You're being a racist nigger what the fuck was going through her head when she said that dumb ass shit. https://twitter.com/laurmanipng/status/750494091310342144,ethnicity,ethnicity,African Americans,harmful,high,"The tweet contains a racial slur and a derogatory term, indicating a high level of harm and intent to harass.",True,0.9,dumb|nigger,ethnicity,1,ethnicity,ethnicity,ethnicity,ethnicity,1
115,"First reform ur self before tweeting about others relegion u have no right to do so, no one is claming that my relegion is constitution of world... everyone is free to choose what they want... when cant see in ur own country then dont talk about world",ethnicity,other_cyberbullying,none,harmful,medium,"The tweet is a form of online harassment, targeting the person's behavior and judgment, rather than a specific protected group.",True,0.0,,,0,not_cyberbullying,other_cyberbullying,other_cyberbullying,other_cyberbullying,1
116,RT @richardnixon2 @KingJames Fuck you Youre a stupid nigger that would be living on the streets if you couldnt play bball Niggers r so dumb.,ethnicity,other_cyberbullying,African Americans,harmful,high,"This tweet contains multiple racist slurs and threats, targeting African Americans with extreme hostility.",True,0.986,dumb|nigger|stupid,other_cyberbullying,1,other_cyberbullying,ethnicity,other_cyberbullying,ethnicity,1
117,Walked into the room to see two girls that bullied in high school....I was not expecting that,age,other_cyberbullying,none,harmful,low,"The tweet expresses a negative reaction to encountering former bullies, but does not contain explicit language or threats.",True,0.187,,,0,not_cyberbullying,other_cyberbullying,other_cyberbullying,other_cyberbullying,1
118,@rhythmixx_ :hobbies include: fighting Mariam,other_cyberbullying,other_cyberbullying,Mariam,harmful,high,"The tweet implies a threat or aggression towards Mariam, indicating a high level of harm.",True,0.108,,,0,not_cyberbullying,other_cyberbullying,other_cyberbullying,other_cyberbullying,1
119,"RT @AlejandroDaGr8: Not by the Guardians of the Galaxy, X-Men, Avengers, Justice League, Thundercats or Ninja Turtles.",other_cyberbullying,not_cyberbullying,none,neutral,none,This tweet appears to be a lighthearted comment about superheroes and does not contain any bullying or harassment.,True,0.0,,,0,not_cyberbullying,not_cyberbullying,not_cyberbullying,not_cyberbullying,0
120,There is nothing they could have done which would have excused this behavior by the police. You are victim blaming. How would you feel if the police did that to your kids? These cops have less self control an average middle school school yard bully.,age,other_cyberbullying,law enforcement,harmful,high,"The tweet uses a derogatory comparison to imply that police officers lack self-control and are comparable to a bully, which is a form of harassment.",True,0.245,,,0,not_cyberbullying,other_cyberbullying,other_cyberbullying,other_cyberbullying,1
121,"@dankmtl Again, idiot, none of that changes the ratio of Muslims to Christians in Palestine. Only Muslim bigotry and abuse changes it.",religion,ethnicity,Muslims,harmful,high,The tweet targets Muslims with a derogatory term and implies they are responsible for a negative situation.,True,0.479,idiot,other_cyberbullying,1,other_cyberbullying,ethnicity,ethnicity,ethnicity,1
122,“@madddierusssell: @ellsbelllls fuck off nigger” i'm fucking asian you dumb slut,ethnicity,ethnicity,African Americans,harmful,high,"The tweet contains a racial slur targeting African Americans, accompanied by derogatory language and insults.",True,0.969,dumb|nigger|slut,ethnicity,1,ethnicity,ethnicity,ethnicity,ethnicity,1
123,#MKR the audience goes boooooo! The producers clap their hands with glee!,not_cyberbullying,not_cyberbullying,none,neutral,none,"This tweet is a lighthearted and neutral comment about a TV show, without any intent to harm or bully.",True,0.0,,,0,not_cyberbullying,not_cyberbullying,not_cyberbullying,not_cyberbullying,0
124,girl who bullied me in high school: “hey girl!! have you ever thought about being your own boss?!”,age,other_cyberbullying,none,harmful,low,"The tweet is a sarcastic and mocking response to someone who is trying to offer advice, implying that the advice is insincere or condescending.",True,0.215,,,0,not_cyberbullying,other_cyberbullying,other_cyberbullying,other_cyberbullying,1
125,I know another reason I was bullied so bad was my chest. For my class I was one of the first to develop. I was skinny and large chested. Until High School some girls were jealous so they treated like shit for it.,age,gender,girls/women,harmful,medium,"The tweet describes being bullied due to physical characteristics associated with femininity, specifically a large chest, and being treated poorly by girls.",True,0.278,,,0,not_cyberbullying,gender,gender,gender,1
126,"@hypatiadotca @GlennF i almost typed ""is it in the cloud"" forgetting that i have keyboard input word replace for cloud to butt.",not_cyberbullying,other_cyberbullying,none,harmful,low,"The tweet contains a crude joke that could be perceived as mocking or belittling, but it does not target a specific group or individual.",True,0.0,,,0,not_cyberbullying,other_cyberbullying,other_cyberbullying,other_cyberbullying,1
127,@EqualityMen The motive doesn't lessen the outcome.,gender,other_cyberbullying,none,harmful,low,"The tweet implies criticism or disapproval, potentially targeting the group @EqualityMen advocates for, without explicitly mentioning a protected characteristic.",True,0.0,,,0,not_cyberbullying,other_cyberbullying,other_cyberbullying,other_cyberbullying,1
128,It is fun watching GG trying to make us fight. Quit trying to make fetch happen. It's never going to happen. @Spacekatgal @TheQuinnspiracy,not_cyberbullying,other_cyberbullying,none,harmful,medium,"The tweet is a form of harassment, using a mocking tone and referencing a popular meme to belittle and mock the target, @Spacekatgal.",True,0.0,,,0,not_cyberbullying,other_cyberbullying,other_cyberbullying,other_cyberbullying,1
129,"I have no intent on linking to the articles where he stated he was backing out. They were an attempt to save face, not an apology.",other_cyberbullying,other_cyberbullying,none,harmful,medium,"The tweet implies that the person is trying to deceive others and save face, which is a form of online harassment.",True,0.0,,,0,not_cyberbullying,other_cyberbullying,other_cyberbullying,other_cyberbullying,1
130,"Here's a big lesson to learn right now in the beginning, quiet the voices of this world. Read the precious word of God, find a mature Christian woman to mentor you, and fall ever more in love with Jesus. He is worthy.",religion,gender,women,harmful,low,"The tweet implies that women are more mature and worthy of mentorship than others, perpetuating a stereotype and potentially excluding non-Christian women or men.",True,0.0,,,0,not_cyberbullying,gender,gender,gender,1
131,"@macstein no jor, I bully Ў☺ΰ in a subtle way, leave d details to me",not_cyberbullying,other_cyberbullying,none,harmful,high,"The tweet contains a veiled threat and implies aggressive behavior, but the target group is not specified.",True,0.115,,,0,not_cyberbullying,other_cyberbullying,other_cyberbullying,other_cyberbullying,1
132,This girl said I bullied her in high school I’ve never in my life bullied anybody I might’ve talked about a mf but I ain’t ever been a bully,age,other_cyberbullying,none,harmful,high,"The tweet contains aggressive language and a denial of past bullying behavior, which can be perceived as threatening or intimidating.",True,0.257,,,0,not_cyberbullying,other_cyberbullying,other_cyberbullying,other_cyberbullying,1
133,"Oh, honey. You have no fucking CLUE the amount of assholes I've had to knock in the dirt when I had longer more vibrant hair. From high school bullies to abusive family members. Hair is not a determination of who's left standing after a fight.",age,other_cyberbullying,none,harmful,high,"The tweet contains aggressive language and a threat of physical violence, but it does not target a specific group based on religion, age, gender, or ethnicity.",True,0.274,,,0,not_cyberbullying,other_cyberbullying,other_cyberbullying,other_cyberbullying,1
134,https://t.co/iyr1qwhg5p - all these people bragging about  whedon having blocked them. How is that something to brag about?,other_cyberbullying,other_cyberbullying,none,harmful,medium,"The tweet is mocking people who were blocked by Joss Whedon, implying they are attention-seeking or pathetic.",True,0.082,,,0,not_cyberbullying,other_cyberbullying,other_cyberbullying,other_cyberbullying,1
135,"it’s so funny seeing the girl that bullied me and made my high school experience a living hell post all these positive, uplifting, and inspiring things about “being kind to everyone, always.” coughcoughhypocritecoughcough.",age,other_cyberbullying,former bully,harmful,high,"The tweet targets a specific individual for past behavior, using aggressive language and implying hypocrisy.",True,0.0,,,0,not_cyberbullying,other_cyberbullying,other_cyberbullying,other_cyberbullying,1
136,"@AhleFars To win a modern war you have to have educated people, not Madrassa rats.",religion,ethnicity,Muslims,harmful,high,"The tweet uses a derogatory term to insult Muslims, implying they are uneducated and inferior.",True,0.008,,,0,not_cyberbullying,ethnicity,ethnicity,ethnicity,1
137,@DianH4 Islam doesn't answer anything.  It pretends to answer with illogical and delusional superstition.,religion,religion,Muslims,harmful,medium,"The tweet attacks and mocks the Islamic faith, implying it is illogical and delusional.",True,0.031,,,0,not_cyberbullying,religion,religion,religion,1
138,"U know, those times John Key made jokes about gay red shirts & Prison Rape & pulled a womans ponytail as a ""Joke""",gender,gender,LGBTQ+ individuals,harmful,high,"The tweet targets LGBTQ+ individuals with a reference to 'gay red shirts' and mentions a derogatory and violent stereotype associated with LGBTQ+ individuals, implying harm and ridicule.",True,0.9,rape,gender,1,gender,gender,gender,gender,1
139,"Friends, as an Iranian who was born in a Muslim country and grew up with Muslims, I recommend you Do not let our Muslims pollute your country. Look carefully at Iran and see what Muslims have done to a nation in forty years. Deport these idiots to their own country. Islam is",religion,ethnicity,Muslims,harmful,high,"The tweet contains a racist slur and a call to deport a specific ethnic group, indicating a high level of harm and hostility.",True,0.467,idiot|islam is,religion,1,religion,ethnicity,ethnicity,ethnicity,1
140,"@CherguiaMbark Mostly it shows how vile, inhuman, digusting, and barbaric that religion is. #Islam",religion,religion,Muslims,harmful,high,"The tweet contains a derogatory statement about Islam, targeting Muslims with a strong intent to harm.",True,0.187,,,0,not_cyberbullying,religion,religion,religion,1
141,@Glinner @TURBOCUNT twitter rage has a point. but rage + mob mentality causes some people to lose good sense.,gender,other_cyberbullying,none,harmful,low,"The tweet implies that some people are prone to irrational behavior when part of a 'mob mentality', which can be perceived as a derogatory comment about certain groups or individuals.",True,0.235,,,0,not_cyberbullying,other_cyberbullying,other_cyberbullying,other_cyberbullying,1
142,"Tw: bullying Okay fluff tsukkiyama au where kei and tadashi have been dating for 5 years now. Tsukkishima isn't as affectionate as yamaguchi so there's some instances that yamaguchi gets insecure. Not only that, some of the students in his schools bullies him.",age,other_cyberbullying,students,harmful,low,"The tweet describes bullying behavior towards a student, but does not contain explicit language or threats.",True,0.241,,,0,not_cyberbullying,other_cyberbullying,other_cyberbullying,other_cyberbullying,1
143,And idiots like you can only notice who is Hindu or Sikh or Muslim. Shows your mentality. Don’t know about Hindus but you are certainly not a Punjabi. Now get lost pls. And don’t bother to comment again on my tweets.,religion,ethnicity,Punjabis,harmful,high,"The tweet targets a specific ethnic group with derogatory language and insults, indicating a high level of harm.",True,0.29,idiot,other_cyberbullying,0,not_cyberbullying,ethnicity,ethnicity,ethnicity,1
144,My fav part of skimming GG tweets is seeing so many people insist that they are unable to develop their views with experience.,other_cyberbullying,other_cyberbullying,none,harmful,medium,"The tweet implies that the target group (in this case, people who identify as 'GG' or possibly gamers) is intellectually incapable of developing their views with experience, which is a form of condescending and belittling language.",True,0.0,,,0,not_cyberbullying,other_cyberbullying,other_cyberbullying,other_cyberbullying,1
145,"As a young black girl, I was bullied relentlessly for having a diverse group of friends. She just reminds me of the some of the black girls who bullied me daily walking to junior high.",age,other_cyberbullying,black girls,harmful,high,"The tweet targets a specific group of people and shares a negative experience, potentially causing harm and distress to the group being referred to.",True,0.218,,,0,not_cyberbullying,other_cyberbullying,other_cyberbullying,other_cyberbullying,1
146,"Yet, a Black Man, who heard a white man at a retail store call someone a Nigger, casually and without fear because of the climate you create, got Checked for it and you racebait it to your followers for victimization purposes. This is both Alarming and Disgusting to see.",ethnicity,ethnicity,none,harmful,high,"The tweet contains aggressive language and accusations of 'racebaiting' and 'victimization purposes', which are intended to harm or intimidate the person being addressed.",True,0.9,nigger,ethnicity,1,ethnicity,other_cyberbullying,ethnicity,other_cyberbullying,1
147,@mystyr_e we'll have more info out about this soon. ;),other_cyberbullying,not_cyberbullying,none,neutral,none,"The tweet is a neutral, friendly response with no bullying or harassment.",True,0.0,,,0,not_cyberbullying,not_cyberbullying,not_cyberbullying,not_cyberbullying,0
148,"@edgeofthesandbx @batchelorshow @FearDept I'm talking total extermination, bragged about right there in the book.",religion,other_cyberbullying,none,harmful,high,"The tweet contains a violent and threatening statement, implying harm or destruction, but does not target a specific group based on religion, age, gender, or ethnicity.",True,0.0,,,0,not_cyberbullying,other_cyberbullying,other_cyberbullying,other_cyberbullying,1
149,Anyone get off really spouting that Muslim would or wouldn't take over fucking America as if women would fight this fucking hard & just let that fucking happen you fucking idiots same thing with Christianity same thing with any religion get the fuck over it and move on to reality,religion,gender,women,harmful,high,"The tweet targets women by implying they would be complicit in allowing a Muslim takeover, perpetuating a sexist stereotype.",True,0.467,idiot,other_cyberbullying,1,other_cyberbullying,gender,gender,gender,1
150,@slabdogs I think the tweet picker is struggling!,not_cyberbullying,not_cyberbullying,none,neutral,none,"The tweet is a lighthearted comment about a technical issue, not intended to harm or target any group.",True,0.143,,,0,not_cyberbullying,not_cyberbullying,not_cyberbullying,not_cyberbullying,0
151,"I think best song in the world is eagle-hotel califoniya( 1994-04-25,26)",not_cyberbullying,not_cyberbullying,none,neutral,none,"This tweet appears to be a neutral statement about a song, without any intent to harm or harass.",True,0.0,,,0,not_cyberbullying,not_cyberbullying,not_cyberbullying,not_cyberbullying,0
152,One day only! $5 for your first month Come simp ur big titty goth gf at https://onlyfans.com/devynndesirae! #onlyfans #onlyfanslink #onlyfanspromo,ethnicity,other_cyberbullying,none,harmful,low,"The tweet contains objectifying language ('simp ur big titty goth gf') that could be perceived as demeaning or degrading, but it's not targeting a specific group.",True,0.0,,,0,not_cyberbullying,other_cyberbullying,other_cyberbullying,other_cyberbullying,1
153,I happen to be I'm still just some dumb nigger to a good portion of the population so fuck it. I don't even know what sparked this I guess,ethnicity,ethnicity,African Americans,harmful,high,"The tweet contains a racial slur, indicating a high level of harm and intent to offend.",True,0.9,dumb|nigger,ethnicity,1,ethnicity,ethnicity,ethnicity,ethnicity,1
154,"BLOG: #Bullying, ¿un viejo fenómeno con nuevo nombre?   http://cnn.mx/e0001Q3",not_cyberbullying,other_cyberbullying,none,neutral,none,"This tweet appears to be a neutral news article title discussing bullying, without targeting any specific group.",True,0.18,,,0,not_cyberbullying,other_cyberbullying,other_cyberbullying,other_cyberbullying,1
155,"If Hart has tweeted that Emily’s face was a “fraternity’s billboard for date rape”, something tells me that she and Howard would have a problem with it, but hey it’s gay people, it’s just a “homosexual-related joke”. Clearly you have no respect for gay people!",gender,gender,gay people,harmful,high,"The tweet contains a derogatory comment about gay people, implying a lack of respect and perpetuating a harmful stereotype.",True,0.9,rape,gender,1,gender,gender,gender,gender,1
156,"Read UNHRC report on India, you will know what Modi did to Muslims, so my views are not personal whole world is talking about it. you are too blind to accept it. 2. In protest some idiots get a chance to create havoc, it is true everywhere, doesn't mean all protestors are bad.",religion,ethnicity,Muslims,harmful,medium,"The tweet targets Muslims with a negative implication, referencing a report that criticizes Modi's actions towards them.",True,0.401,idiot,other_cyberbullying,1,other_cyberbullying,ethnicity,ethnicity,ethnicity,1
157,@0xabad1dea sorry. >.>,other_cyberbullying,not_cyberbullying,none,neutral,none,"The tweet appears to be a sympathetic response with an emoticon, indicating no bullying or harassment.",True,0.023,,,0,not_cyberbullying,not_cyberbullying,not_cyberbullying,not_cyberbullying,0
158,"WOW, what a read Bill Barr Was a Sick and Sadistic Kid Who Was A Fascist ""High School Tormentor"" and Bully, Classmate Recalls. https://buzzflash.com/articles/bill-barr-was-a-sick-and-sadistic-kid-who-was-a-fascist-high-school-tormentor-and-bully-classmate-recalls-to-buzzflah",age,not_cyberbullying,none,neutral,none,"This tweet is a news article link about Bill Barr's past behavior, not a personal attack or harassment.",True,0.223,,,0,not_cyberbullying,not_cyberbullying,not_cyberbullying,not_cyberbullying,0
159,"Many many congratualtion to our Israeli friends, may u dominate and demolish the islamic terrorism",religion,ethnicity,Muslims,harmful,high,"This tweet contains a derogatory and inflammatory statement targeting Muslims, promoting violence and domination.",True,0.138,,,0,not_cyberbullying,ethnicity,ethnicity,ethnicity,1
160,"And you don’t know that I don’t like a bargain day. I’ve gone to Black Friday for the past 11 years. You don’t know anything about my political beliefs, either. Never said I was advocating for pure socialism or against any form of capitalism. Critiquing society is healthy",ethnicity,not_cyberbullying,none,neutral,none,"The tweet is a defensive response to criticism, expressing the author's opinions and experiences without targeting or harassing any group.",True,0.0,,,0,not_cyberbullying,not_cyberbullying,not_cyberbullying,not_cyberbullying,0
161,"nevr trust a bitch who calls women ""females""",gender,gender,women,harmful,high,"The tweet uses derogatory language to target and demean women, implying they are untrustworthy.",True,0.272,bitch,gender,0,not_cyberbullying,gender,gender,gender,1
162,Wtf this is clarify that the serial has no pork in it so the Muslims can eat it you idiots,religion,other_cyberbullying,none,harmful,high,"The tweet contains aggressive language and insults ('you idiots') directed at people who are likely to be concerned about the presence of pork, but the primary intent is to mock or belittle those individuals rather than targeting a specific group.",True,0.449,idiot,other_cyberbullying,1,other_cyberbullying,other_cyberbullying,other_cyberbullying,other_cyberbullying,1
163,"@tekayfotuwan @bidetofevil okay, sure. whatever you say.",other_cyberbullying,other_cyberbullying,none,harmful,low,"The tweet is dismissive and condescending, implying the recipient's opinion is not valued.",True,0.0,,,0,not_cyberbullying,other_cyberbullying,other_cyberbullying,other_cyberbullying,1
164,"You need Jesus! RT @loveee_tdale “@tayyoung_: FUCK OBAMA, dumb ass nigger” watch ya mouth.",ethnicity,ethnicity,none,harmful,high,"The tweet contains a coded slur and targets a public figure with a racial slur, but the primary intent is to express outrage and support for the original tweet rather than targeting a specific group.",True,0.9,dumb|nigger,ethnicity,1,ethnicity,other_cyberbullying,ethnicity,other_cyberbullying,1
165,"and in a twisted turn of events, the girls that bullied me in high school are begging me to join their pyramid scheme... i’m sorry i just can’t find value in you making money off of me working out? #DontWantUrFizzyStick",age,other_cyberbullying,none,harmful,medium,"The tweet contains a sarcastic and mocking tone towards the individuals who bullied the author in high school, but does not target a specific protected group.",True,0.061,,,0,not_cyberbullying,other_cyberbullying,other_cyberbullying,other_cyberbullying,1
166,"Very healthy and very normal to call a female colleague—30 years younger than you and who you've never spoken to before—a ""fucking bitch"" because you disagree with her assertion that economic hardship is connected to crime.",gender,gender,women,harmful,high,"The tweet contains a misogynistic slur ('bitch') directed at a female colleague, indicating a high level of harm and intent to degrade.",True,0.491,bitch,gender,1,gender,gender,gender,gender,1
167,So Twitter is calling Kat crazy eyes!!!! Bless you Twitter! She literally has the craziest fucking eyes I've ever seen. #mkr,gender,other_cyberbullying,Kat,harmful,high,"The tweet contains a derogatory and insulting comment about Kat's physical appearance, intended to humiliate and belittle her.",True,0.0,,,0,not_cyberbullying,other_cyberbullying,other_cyberbullying,other_cyberbullying,1
168,"At this moment in time, I am unaware of any effort he has made into this space. I'm tied in w/many orgs. His name has never once come up.",not_cyberbullying,other_cyberbullying,none,harmful,medium,"The tweet implies a lack of effort or relevance, which can be perceived as a veiled insult or criticism, and is directed at a specific individual.",True,0.061,,,0,not_cyberbullying,other_cyberbullying,other_cyberbullying,other_cyberbullying,1
169,"The word #Nigger was created by #Colonists to dehumanize, attack and draw fear from Black slaves. It is a disgusting word meant to hurt. It was never a word meant to be used for endearment. And for those who want to debate on this, you’re going to risk wasting your time.",ethnicity,ethnicity,Black people,harmful,high,"The tweet contains a racial slur and aims to educate about its origins and impact, but also warns against its misuse, potentially triggering harm to the targeted group.",True,0.9,nigger,ethnicity,1,ethnicity,ethnicity,ethnicity,ethnicity,1
170,"@TedYoho NO MORAL COMPASS IN REPUBLICAN PARTY? NO MORAL COMPASS IN YOUR REPUBLICAN FLORIDA PARTY. DID YOUR MAMA AND DADDY TEACH YOU TO CALL WOMEN YOU DISAGREE WITH ""BITCH"" FEMALE DOG. DID YOUR DADDY CALL YOUR MAMA ""BITCH""? WAS IT AT YOUR DADDYS FEET YOU LEARNED THIS. WWJD",gender,gender,women,harmful,high,"The tweet uses a derogatory term to insult a female politician, indicating a sexist and misogynistic intent.",True,0.492,bitch,gender,1,gender,gender,gender,gender,1
171,"I wish for every self identified female a parent who replies, 'YES! because that's not HER name,' when folks say but all they did was call HER a bitch. Did she have to beat they ass to a pulp? #CivilizedTribesKILLme #TrumpVirus #MaskUp",gender,gender,women,harmful,high,"The tweet uses derogatory language ('bitch') and implies that women should be physically punished for being called such, promoting a misogynistic and violent attitude.",True,0.491,bitch,gender,1,gender,gender,gender,gender,1
172,Hit the snooze button 5 times this morning. I think I broke my own record.,not_cyberbullying,not_cyberbullying,none,neutral,none,"This tweet is a lighthearted and humorous post about the speaker's morning routine, with no intent to harm or target any group.",True,0.126,,,0,not_cyberbullying,not_cyberbullying,not_cyberbullying,not_cyberbullying,0
173,@Lakeside_ why are you and @IzienTheFreak bullying me this evening..the SI unit of evil ? That's a tad much :(,other_cyberbullying,other_cyberbullying,none,harmful,low,"The tweet accuses two individuals of bullying, using a metaphor that implies they are evil, but does not target a specific group or use derogatory language.",True,0.271,,,0,not_cyberbullying,other_cyberbullying,other_cyberbullying,other_cyberbullying,1
174,Weird how all the girls that bullied me in high school are all pregnant now,age,gender,women,harmful,medium,"The tweet targets women with a derogatory implication, suggesting they are less capable or less successful due to their reproductive choices.",True,0.21,,,0,not_cyberbullying,gender,gender,gender,1
175,"Pitiable.. It was bcoz their existence was in danger...First of all why were ISIS,Al Quida,SIMI and numerous Islamic terrorist organizations got created. Wasn't is Jihad that has been driving them and causing a great threat and damage to humanity..where did it come from ?",religion,religion,Muslims,harmful,medium,"The tweet implies that Muslims are responsible for terrorism, perpetuating a negative stereotype and potentially inciting hate.",True,0.942,isis|jihad|terrorist,religion,1,religion,other_cyberbullying,religion,other_cyberbullying,1
176,@TheCodySimpson u care sooo much for people who get bullied everyday like me plzz retweett,other_cyberbullying,not_cyberbullying,none,neutral,none,"The tweet is a genuine plea for support and retweets, expressing vulnerability rather than bullying or harassment.",True,0.0,,,0,not_cyberbullying,not_cyberbullying,not_cyberbullying,not_cyberbullying,0
177,"One more Down = Humanity & World Saved from Radical Islamic Muslim Evil Reproducing Pigs Chinese Virus, Invaders, Infiltrators, Dead Animal Eaters Bio Jihad Hinduphobia pogrom unleashed by Infiltrators, Rapists, Bombers, Squatters, Allaah U Gabbars, Killers, Terrorists Murderers",religion,religion,"Muslims, Chinese, Hindus",harmful,high,"This tweet contains multiple ethnic slurs and attacks on various groups, including Muslims, Chinese people, and Hindus, with the intent to harm and incite violence.",True,0.76,jihad|terrorist,religion,1,religion,ethnicity,religion,ethnicity,1
178,"Bsdk, these festivals are being celebrated since many years. Before your Muslims comes to my Bharat. And there's nothing pollution but, For you idiots it's oky when Bl00d of innocent Animals flows on roads even on a single festival. Festivals will continue. Kya ukadna ukadlo.",religion,ethnicity,Muslims,harmful,high,"The tweet contains a derogatory term for Muslims and uses a coded slur, along with a threat and a reference to violence.",True,0.233,idiot,other_cyberbullying,0,not_cyberbullying,ethnicity,ethnicity,ethnicity,1
179,@Jonn_eBooks Damn Feminazi,gender,gender,feminists,harmful,high,The tweet uses a derogatory term to insult and demean feminists.,True,0.354,feminazi,gender,1,gender,gender,gender,gender,1
180,School blues. School bullies who gave out the blues... Jesus. What a society...,age,other_cyberbullying,none,harmful,low,"The tweet expresses frustration and criticism towards school bullies and society, but in a vague and non-specific manner.",True,0.0,,,0,not_cyberbullying,other_cyberbullying,other_cyberbullying,other_cyberbullying,1
181,@sampepper WHEN YA MAKING THAT VLOG ABOUT U BEING GAY.Once no more rape jokes I told Ya lad just tell them YOU LOVE CATCHING YOU DONT PITCH,gender,gender,LGBTQ+ individuals,harmful,high,"The tweet contains a homophobic slur and a threat, targeting LGBTQ+ individuals with intent to harm.",True,0.9,rape,gender,1,gender,gender,gender,gender,1
182,Lmfao! @starrawassfuck pull out with somee kool-aid! #blackstatus love this girl always mkes me laugh!,not_cyberbullying,not_cyberbullying,none,neutral,none,"The tweet is a lighthearted, joking comment that does not contain any bullying or harassment language.",True,0.0,,,0,not_cyberbullying,not_cyberbullying,not_cyberbullying,not_cyberbullying,0
183,@SilverMillsy that was the best link i could find for it. :P,other_cyberbullying,not_cyberbullying,none,neutral,none,"The tweet is a neutral, friendly response to another user, offering help and assistance.",True,0.0,,,0,not_cyberbullying,not_cyberbullying,not_cyberbullying,not_cyberbullying,0
184,"While planning my entire life around getting home before dark, I absolutely have time to applaud men for not raping. #BlameOneNotAll",other_cyberbullying,gender,women,harmful,high,"The tweet implies that women are responsible for preventing rape, perpetuating victim-blaming and sexist attitudes.",True,0.0,,,0,not_cyberbullying,gender,gender,gender,1
185,"@brvden ANWAY, don't say nigger, and don't be a dumb fuck. bye",ethnicity,ethnicity,African Americans,harmful,high,"The tweet contains a racial slur, targeting African Americans with a derogatory term.",True,0.9,dumb|nigger,ethnicity,1,ethnicity,ethnicity,ethnicity,ethnicity,1
186,"Some lady cut us off Coworker ""damn bitch why don't you watch where the fuck you going, yea you dumb bitch, stupid fucking nigger""",ethnicity,other_cyberbullying,women,harmful,high,The tweet contains multiple misogynistic slurs and insults directed at a female coworker.,True,0.994,bitch|dumb|nigger|stupid,other_cyberbullying,1,other_cyberbullying,gender,other_cyberbullying,gender,1
187,"@zip i haven't heard anything, and i tend to have my ear to the ground with such things.",other_cyberbullying,not_cyberbullying,none,neutral,none,"The tweet is a neutral response to another user, expressing a lack of knowledge or awareness about a situation.",True,0.0,,,0,not_cyberbullying,not_cyberbullying,not_cyberbullying,not_cyberbullying,0
188,See these dumb ass niggers ate all my dinner and now im hungry fuck man >:(,ethnicity,ethnicity,African Americans,harmful,high,"The tweet contains a racist slur and a derogatory term, indicating a high level of harm and intent to offend.",True,0.9,dumb|nigger,ethnicity,1,ethnicity,ethnicity,ethnicity,ethnicity,1
189,"@z0mgItsHutch So when we make a rape joke, or a gay joke, or a racist joke, even ironically, there is someone in the room who is reinforced",gender,gender,LGBTQ+ individuals,harmful,high,"The tweet references a gay joke, implying harm and offense to LGBTQ+ individuals.",True,0.9,rape,gender,1,gender,gender,gender,gender,1
190,@TimOfLegend just heard about yesterday. Well done. :),other_cyberbullying,not_cyberbullying,none,neutral,none,"The tweet is a congratulatory message with a positive tone, expressing no harm or negativity towards any group.",True,0.0,,,0,not_cyberbullying,not_cyberbullying,not_cyberbullying,not_cyberbullying,0
191,"@Cactus_Soup90 tweetdeck is owned by twitter, and was bought around the time that devpolicy was changed.",not_cyberbullying,other_cyberbullying,none,harmful,low,"The tweet is making an accusatory statement that implies @Cactus_Soup90 is responsible for a change in devpolicy, which could be perceived as a personal attack.",True,0.0,,,0,not_cyberbullying,other_cyberbullying,other_cyberbullying,other_cyberbullying,1
192,Thank you for proving my point. The anti Jewish state in tow with with the anti Muslim state too. No UN states (and more non UN) recognize Artsakh? Come on you're just an idiot now.,religion,other_cyberbullying,none,harmful,high,"The tweet contains aggressive language and insults ('idiot') directed at the person being addressed, but it does not target a specific protected group.",True,0.463,idiot,other_cyberbullying,1,other_cyberbullying,other_cyberbullying,other_cyberbullying,other_cyberbullying,1
193,"Nah, if I call a girl a girl a bitch she gone be boo-hoo’n and getting extra and shit. So ima just call you a female",gender,gender,women,harmful,high,"The tweet uses derogatory language to demean and belittle women, with the intention of causing harm and intimidation.",True,0.483,bitch,gender,1,gender,gender,gender,gender,1
194,@So_Avant_Garde your a bully lmao,other_cyberbullying,other_cyberbullying,none,harmful,low,"The tweet uses a derogatory term to insult the person, but it's not based on any protected characteristic.",True,0.0,,,0,not_cyberbullying,other_cyberbullying,other_cyberbullying,other_cyberbullying,1
195,dont feed me that bullshit about how a person is fucked up if they find race jokes funny or gay jokes funny or rape jokes funny,gender,gender,LGBTQ+ individuals,harmful,high,"The tweet targets individuals who find humor in jokes about rape, which is a form of violence and trauma, and implies they are 'fucked up', perpetuating a harmful stereotype about LGBTQ+ individuals.",True,0.9,rape,gender,1,gender,gender,gender,gender,1
196,RT @wetsprocket: @mcfartle Someone is paying money to get @freebsdgirl reported to twitter. Twitter.,other_cyberbullying,other_cyberbullying,none,harmful,high,"The tweet is accusing someone of manipulating Twitter's reporting system, which can be perceived as a form of harassment and intimidation.",True,0.0,,,0,not_cyberbullying,other_cyberbullying,other_cyberbullying,other_cyberbullying,1
197,Not true but when world colored by bigotry/racism viewpoint THAT is ALL U will EVER see! Me thinks U protest 2 much?!,ethnicity,other_cyberbullying,none,harmful,medium,"The tweet uses aggressive language and a condescending tone to mock someone's perspective, but does not target a specific group or individual.",True,0.174,,,0,not_cyberbullying,other_cyberbullying,other_cyberbullying,other_cyberbullying,1
198,"@DeaniesWienies ""the whole equality thing is getting out of hand."" I'll just leave this here",not_cyberbullying,other_cyberbullying,none,harmful,low,"The tweet implies a negative and dismissive attitude towards the concept of equality, which could be perceived as bullying or harassment, but it does not target a specific group.",True,0.0,,,0,not_cyberbullying,other_cyberbullying,other_cyberbullying,other_cyberbullying,1
199,"Attorney General Barr kept a smug look on his face, like have they audacity ask me those questions. I am Trump man, we will run this country as we see fit. He enjoy the bullying. He was probably a fat bully in school.",age,other_cyberbullying,public figures,harmful,medium,"The tweet contains personal attacks and insults, including a reference to physical appearance, directed at a public figure.",True,0.0,,,0,not_cyberbullying,other_cyberbullying,other_cyberbullying,other_cyberbullying,1
200,"Except for the b***** next to me who have no etiquette. They bullied young middle/high school girls out of their front row spots, invaded everyone’s personal space, and tried jumping over the gate and ONTO stage. They deserved to be thrown out",age,other_cyberbullying,none,harmful,high,"The tweet contains aggressive language and a demand for physical action against a group of people, but it does not target a specific protected group.",True,0.223,,,0,not_cyberbullying,other_cyberbullying,other_cyberbullying,other_cyberbullying,1
201,#BlameOneNotAll bunch of 1st world feminists dictating to a third one country in sexist &racism way how a male positive HT is bad for women,other_cyberbullying,gender,feminists,harmful,high,The tweet targets feminists with sexist language and implies they are promoting sexism and racism.,True,0.417,sexist,gender,1,gender,gender,gender,gender,1
202,"#BlameOneNotAll because I have to make everything about me. Yes, even your traumas are about me, and if they aren't, I'll make them.",other_cyberbullying,gender,women,harmful,high,"The tweet uses a common misogynistic trope to belittle and dismiss women's experiences, implying that their traumas are somehow connected to or about the speaker.",True,0.038,,,0,not_cyberbullying,gender,gender,gender,1
203,they look like the type of ppl who would bully me in middle school,age,other_cyberbullying,none,harmful,low,"The tweet implies a general threat of bullying, but does not target a specific group or individual.",True,0.053,,,0,not_cyberbullying,other_cyberbullying,other_cyberbullying,other_cyberbullying,1
204,"Your understanding of good and evil is a little warped my friend - head chopping, child rape, dressing women in black sheets, gay killing and slave trading are in fact evil, all are prevalent in countries you love, like Syria, Libya etc. You are a joke and detached from truth.",gender,gender,none,harmful,high,"The tweet is a personal attack and insult, using strong language to belittle and mock the target's perspective, without targeting a specific group based on religion, age, gender, or ethnicity.",True,0.9,rape,gender,1,gender,other_cyberbullying,gender,other_cyberbullying,1
205,"Retreating to being a ""character"" is the last refuge of a scoundrel. Also, rape jokes, trans jokes, anti gay jokes, etc.",gender,gender,LGBTQ+ individuals,harmful,high,"The tweet targets and mocks marginalized groups, including the LGBTQ+ community, with derogatory terms and implies harm.",True,0.9,rape,gender,1,gender,gender,gender,gender,1
206,@theheraldsun Depends if these 2 cesspools came from a house that taught them integrity and morals as a child ... Sadly not 😕 #toxickat #mkr,gender,other_cyberbullying,none,harmful,medium,"The tweet uses derogatory language to insult the contestants' upbringing and character, implying they lack integrity and morals.",True,0.0,,,0,not_cyberbullying,other_cyberbullying,other_cyberbullying,other_cyberbullying,1
207,@iamshapit I love it when men need to create a system of inequality because they know they can't compete with women at home or at work,gender,gender,men,harmful,high,"The tweet targets men with a derogatory implication that they are unable to compete with women, promoting a harmful stereotype.",True,0.0,,,0,not_cyberbullying,gender,gender,gender,1
208,yea ion let no female walk over me and duhh I’m not gonna call my girl a bitch but if you acting like one you gonna get address like you acting like one idgaf you not finna act and think it’s ok,gender,gender,women,harmful,medium,"The tweet contains derogatory language and a threat of verbal aggression towards women, implying they will be 'addressed' if they act in a way the speaker disapproves of.",True,0.233,bitch,gender,0,not_cyberbullying,gender,gender,gender,1
209,@Taurmaurils oh my gosh. that's got to be difficult.,other_cyberbullying,not_cyberbullying,none,neutral,none,"The tweet expresses sympathy and concern for someone's situation, without any intent to harm or harass.",True,0.108,,,0,not_cyberbullying,not_cyberbullying,not_cyberbullying,not_cyberbullying,0
210,"People Laugh, Bully, Tease, Make Fun Of You Only Because They Are Jealous Of You. And Are Insecure. Kill Them With Kindness.<3",not_cyberbullying,not_cyberbullying,none,neutral,none,"This tweet offers advice on how to respond to bullying with kindness, rather than engaging in or promoting bullying behavior.",True,0.253,,,0,not_cyberbullying,not_cyberbullying,not_cyberbullying,not_cyberbullying,0
211,@AnonMnom @LBigmann Source.,not_cyberbullying,other_cyberbullying,none,harmful,low,"The tweet appears to be a dismissive or mocking response, likely intended to belittle or mock the conversation.",True,0.0,,,0,not_cyberbullying,other_cyberbullying,other_cyberbullying,other_cyberbullying,1
212,"@Nanny_KFC nite u too,miz u ja sissy ^_^",not_cyberbullying,gender,men,harmful,low,"The tweet contains a coded slur ('sissy') targeting men, implying they are weak or effeminate.",True,0.0,,,0,not_cyberbullying,gender,gender,gender,1
213,"Yeah back at middle school to junior high, i was bullied and considered a weirdo for drawing sonic :') I was nicknamed as 'sonic girl' and had no friends for like most of the years I spent at that awful school.",age,not_cyberbullying,none,neutral,none,"The tweet describes a past experience of bullying, but it is a personal account of the author's own feelings and does not target or harass any specific group.",True,0.2,,,0,not_cyberbullying,not_cyberbullying,not_cyberbullying,not_cyberbullying,0
214,"@jkronenwetter18 I'm sure the commentators you DON'T find attractive make less money, because your opinion matters so much.",gender,other_cyberbullying,none,harmful,medium,"The tweet is a form of harassment, implying that the person's opinion is superior and belittling others who may disagree.",True,0.0,,,0,not_cyberbullying,other_cyberbullying,other_cyberbullying,other_cyberbullying,1
215,the fact ateez went from pirates boy to school bullies boy really sends,age,other_cyberbullying,none,harmful,medium,"The tweet is a derogatory comment about a K-pop group's behavior, implying they have become 'bullies', which is a negative and potentially hurtful statement.",True,0.0,,,0,not_cyberbullying,other_cyberbullying,other_cyberbullying,other_cyberbullying,1
216,"If I had your face, I'd be MADD too though. RT @tayyoung_: FUCK OBAMA, dumb ass nigger http://lockerz.com/s/259510987",ethnicity,ethnicity,none,harmful,high,"The tweet contains a racist slur and targets the former US President Barack Obama, but the primary intent is to express agreement with the racist sentiment rather than targeting a specific group.",True,0.9,dumb|nigger,ethnicity,1,ethnicity,other_cyberbullying,ethnicity,other_cyberbullying,1
217,deepdown nahii upar se maan lete hai hinduism galat hai but give me some reason to leave it n if u think islam is right then why islamic terrorism around the world? why terroristorganisation set up in the name of islam because allah loves terrorist or u r hidingsomethinginhuman,religion,religion,Muslims,harmful,high,"The tweet contains a derogatory statement about Hinduism and Islam, and implies that Allah loves terrorists, which is a form of hate speech and harassment.",True,0.964,allah|islam is|terrorist,religion,1,religion,other_cyberbullying,religion,other_cyberbullying,1
218,"ELI best rap Album iceprince, not sentimental at all. Its worth it",not_cyberbullying,not_cyberbullying,none,neutral,none,This tweet is a neutral opinion about a music album and does not contain any bullying or harassment language.,True,0.0,,,0,not_cyberbullying,not_cyberbullying,not_cyberbullying,not_cyberbullying,0
219,"Thousands of Indians, both Muslims n non Muslims r getting far far far better treatment with high quality food n diet than in India. Have you seen a single video of Indians abroad complaining of police brutality, lack of food, treatment? Idiot.",religion,ethnicity,Indians,harmful,high,"The tweet contains a derogatory term ('Idiot') and a generalization that implies Indians abroad are treated better than in India, which can be perceived as a racist stereotype.",True,0.479,idiot,other_cyberbullying,1,other_cyberbullying,ethnicity,ethnicity,ethnicity,1
220,Idk anything about Idina Menzel except that she gives off the exact vibe of every show choir girl that bullied me in high school,age,other_cyberbullying,none,harmful,medium,"The tweet targets a specific group (show choir girls) with a negative association, implying they bullied the author, and is not based on a protected characteristic.",True,0.201,,,0,not_cyberbullying,other_cyberbullying,other_cyberbullying,other_cyberbullying,1
221,@JanielleeeStarr MUST PUNISH YOU AH . FOR BULLYING PRISCILLA >:],other_cyberbullying,other_cyberbullying,none,harmful,high,"The tweet is a threat of punishment for bullying, indicating a high level of aggression and harm.",True,0.242,,,0,not_cyberbullying,other_cyberbullying,other_cyberbullying,other_cyberbullying,1
222,African Americans do not support you Trump Hispanics do not support you Trump American Muslims do not support you Trump Puerto Ricans most definitely do not support you Trump American Indians hate you Trump don't support you either 90% of the country think you're an idiot,religion,other_cyberbullying,"African Americans, Hispanics, American Muslims, Puerto Ricans, American Indians",harmful,high,"The tweet contains multiple ethnic slurs and attacks on various racial and ethnic groups, with a high level of intent to harm and insult.",True,0.51,idiot,other_cyberbullying,1,other_cyberbullying,ethnicity,other_cyberbullying,ethnicity,1
223,"N niggas wanna ask why i don't fuck wit people, yah dumb ass niggers don't know how to act!!",ethnicity,ethnicity,African Americans,harmful,high,"The tweet contains a racial slur and a derogatory term, targeting African Americans with a high level of hostility.",True,0.936,dumb|nigga|nigger,ethnicity,1,ethnicity,ethnicity,ethnicity,ethnicity,1
224,"@RecycledTexan I give one fuck about impressing a ""WHITE NIGGER""! This is your language, it's in your dictionary ""PALE NIGGER""! R U DUMB?",ethnicity,ethnicity,African Americans,harmful,high,The tweet uses racist slurs to attack and insult the recipient's perceived racial identity.,True,0.9,dumb|nigger,ethnicity,1,ethnicity,ethnicity,ethnicity,ethnicity,1
225,@CALMicC he kept me informed on stuff id missed and seemed ok. I liked him.,other_cyberbullying,not_cyberbullying,none,neutral,none,"The tweet expresses a positive sentiment towards someone, without any negative or harassing content.",True,0.0,,,0,not_cyberbullying,not_cyberbullying,not_cyberbullying,not_cyberbullying,0
226,"How about a quote from Biden’s friend who called him son. “Yet, Mr. President, we talk about racial equality. I assert that the Negro race is an inferior race. The doctrine of white supremacy is one which, if adhered to, will save America.” Source:",ethnicity,ethnicity,African Americans,harmful,high,"The tweet quotes a racist statement that asserts the inferiority of the Negro race, promoting white supremacy.",True,0.233,negro,ethnicity,0,not_cyberbullying,ethnicity,ethnicity,ethnicity,1
227,Dumb nigger fuck always comes in my room uses my piano and plays one song @Rowellisous,ethnicity,ethnicity,African Americans,harmful,high,"The tweet contains a racist slur and a derogatory tone, targeting African Americans with a high level of intensity.",True,0.9,dumb|nigger,ethnicity,1,ethnicity,ethnicity,ethnicity,ethnicity,1
228,"Amazing how Reuben never seems to get anybody from @middxfa liking his tweets or replying in support of his comments. None from @refsupportuk either, or any of his 'friends' and associates.",religion,other_cyberbullying,none,harmful,high,"The tweet is a form of harassment through public shaming and ridicule, targeting Reuben's social connections and perceived lack of support.",True,0.0,,,0,not_cyberbullying,other_cyberbullying,other_cyberbullying,other_cyberbullying,1
229,Stop acting dumb and grow the fuck up you little ignorant piece of nigger,ethnicity,ethnicity,African Americans,harmful,high,"The tweet contains a racial slur and a highly aggressive tone, targeting African Americans with intent to harm.",True,0.9,dumb|nigger,ethnicity,1,ethnicity,ethnicity,ethnicity,ethnicity,1
230,Idiot idolater there are 59 Muslim majority countries and no need for you to divide the world purely and very sharply into religious basis,religion,other_cyberbullying,none,harmful,high,"The tweet uses aggressive language and insults ('idiot idolater') to express a strong opinion, but its primary target is the person's argument or perspective rather than a specific group or individual characteristic.",True,0.434,idiot,other_cyberbullying,1,other_cyberbullying,other_cyberbullying,other_cyberbullying,other_cyberbullying,1
231,#oomf keeps bullying me :(,other_cyberbullying,other_cyberbullying,none,harmful,low,"The tweet expresses frustration and feeling bullied, indicating a negative experience, but does not target a specific group.",True,0.233,,,0,not_cyberbullying,other_cyberbullying,other_cyberbullying,other_cyberbullying,1
232,to incessant needlepoint in a neo-communist FemiNazi Gulag!,gender,gender,feminists,harmful,high,"The tweet uses a derogatory term to insult feminists, indicating a high level of harm and intent to offend.",True,0.233,feminazi,gender,0,not_cyberbullying,gender,gender,gender,1
233,"@ANN_Lynzee and most rational people don't. but there's enough grouped that if they repeat it often enough, ppl forget to look for a source.",other_cyberbullying,other_cyberbullying,none,harmful,low,"The tweet implies that a person (@ANN_Lynzee) is irrational and that their opinions are not based on fact, which can be a form of belittling and harassment.",True,0.099,,,0,not_cyberbullying,other_cyberbullying,other_cyberbullying,other_cyberbullying,1
234,"Alton Tip-Off Classic tonight, 6:00pm Northwest Academy vs. O'Fallon. 7:30pm Jacksonville vs. Alton",not_cyberbullying,not_cyberbullying,none,neutral,none,This tweet is a neutral announcement of a sports event with no bullying or harassment content.,True,0.0,,,0,not_cyberbullying,not_cyberbullying,not_cyberbullying,not_cyberbullying,0
235,Wese sochne ki bt ha India khtm hoa tou tm log kahan Zalel ho gy? Even India py Muslims rule for 800 years. We rule over you idiot,religion,ethnicity,non-Muslims,harmful,high,"The tweet contains a derogatory tone and a threat towards non-Muslims, referencing historical Muslim rule in India.",True,0.301,idiot,other_cyberbullying,0,not_cyberbullying,ethnicity,ethnicity,ethnicity,1
236,I fucking hate that I've been locking myself out all this week,other_cyberbullying,not_cyberbullying,none,neutral,none,"The tweet expresses frustration and annoyance, but does not target or harass any individual or group.",True,0.183,,,0,not_cyberbullying,not_cyberbullying,not_cyberbullying,not_cyberbullying,0
237,YES BYE @KeyonMorris: I'm not sexist but if we ever get a woman president I'm moving out the country,gender,gender,women,harmful,high,"The tweet expresses a threat to leave the country if a woman becomes president, implying a discriminatory attitude towards female leaders.",True,0.233,sexist,gender,0,not_cyberbullying,gender,gender,gender,1
238,@allstars_Mandoo I'm neither teasing or bulling you oppa ^^ princess fiona wouldn't do that! :D (aka me ^^) Lets go then ^^~,other_cyberbullying,not_cyberbullying,none,neutral,none,"The tweet is a lighthearted, playful message between friends, using affectionate nicknames and emojis.",True,0.125,,,0,not_cyberbullying,not_cyberbullying,not_cyberbullying,not_cyberbullying,0
239,RT @HajiIshak1: RT @deaannnaa_:Katie and Nikki are frkn annoying stfu #MKR you're not even hot lol stop  RT:@.vid.http://t.co/cRzO2P219y,gender,other_cyberbullying,none,harmful,high,"The tweet contains derogatory language and insults towards two individuals, Katie and Nikki, without targeting any specific protected group.",True,0.221,,,0,not_cyberbullying,other_cyberbullying,other_cyberbullying,other_cyberbullying,1
240,@brookemarielane Haha!  Ditto!  I'm actually posting a pumpkin recipe this week.  #CantGetEnough!,not_cyberbullying,not_cyberbullying,none,neutral,none,"The tweet is a friendly and lighthearted comment between two users, with no intent to harm or harass.",True,0.0,,,0,not_cyberbullying,not_cyberbullying,not_cyberbullying,not_cyberbullying,0
241,"I have been called Bassboy, garden boy, house negro, white zombie the list is endless.",ethnicity,other_cyberbullying,none,harmful,high,"The tweet describes a pattern of hurtful and derogatory nicknames, indicating a history of bullying or harassment, but does not target a specific group.",True,0.233,negro,ethnicity,0,not_cyberbullying,other_cyberbullying,other_cyberbullying,other_cyberbullying,1
242,@Taurmaurils WATCH THIS IT IS AMAZING https://t.co/qEliaGvI24,other_cyberbullying,not_cyberbullying,none,neutral,none,"The tweet appears to be a neutral recommendation of a link, without any abusive or harassing content.",True,0.0,,,0,not_cyberbullying,not_cyberbullying,not_cyberbullying,not_cyberbullying,0
243,I was bullied pretty hard before high school. Girls bully by isolating you and crushing your self worth. When I started high school I had zero friends left.,age,gender,girls,harmful,high,"The tweet generalizes and stigmatizes girls as bullies, perpetuating a negative stereotype.",True,0.138,,,0,not_cyberbullying,gender,gender,gender,1
244,"i used to get bullied so badly in middle school by these two girls bc of my acne.. i cried a lot... i didn't see them again until high school but dAMN, karma got them back bc they ended up with worse acne than what i ever had. they shouldn't have been mean to me.",age,other_cyberbullying,none,harmful,low,"The tweet contains a narrative of past bullying, but also a message of revenge and satisfaction at the perceived misfortune of the former bullies.",True,0.278,,,0,not_cyberbullying,other_cyberbullying,other_cyberbullying,other_cyberbullying,1
245,Those white painted up imposters so called Native Americans are not the Real Indigenous Indians of the USA. We are the Only Negros who are Hebrew!!! All blacks in America are not Hebrews. They have imported a lot of foreign niggas to culture rape us and replace us. GENOCIDE!!!,ethnicity,ethnicity,Native Americans and African Americans,harmful,high,"The tweet contains racist and ethnic slurs, targeting Native Americans and African Americans, and accuses them of cultural replacement and genocide.",True,0.955,negro|nigga|rape,ethnicity,1,ethnicity,ethnicity,ethnicity,ethnicity,1
246,@SFtheWolf there are better ways to make that comic & not scare off all your female customers.,not_cyberbullying,gender,women,harmful,low,"The tweet implies that the comic's content is off-putting to women, which could be perceived as sexist or misogynistic.",True,0.0,,,0,not_cyberbullying,gender,gender,gender,1
247,@DGFurr @CNN @marcorubio Yep! ANOTHER FALSE FLAG JUST LIKE IRAQ. WE AINT IDIOTS YOU KNOW. US MEDIA MUST CUT THE CRAP AND BS!,other_cyberbullying,other_cyberbullying,none,harmful,high,"The tweet contains aggressive language and accusations of deception, targeting the media and politicians, but not a specific group.",True,0.278,idiot,other_cyberbullying,0,not_cyberbullying,other_cyberbullying,other_cyberbullying,other_cyberbullying,1
248,"THINKING CHALLENGE: What percentage of school age kids (K - 12th grade) have experienced bullying or been a bully, themselves? #FurlowEC #MoraineValley #SchoolsAndDelinquency",age,not_cyberbullying,none,neutral,none,"This tweet is a neutral, educational question about bullying statistics, not an attack or harassment.",True,0.233,,,0,not_cyberbullying,not_cyberbullying,not_cyberbullying,not_cyberbullying,0
249,Zakula I had hoped that maybe there was a brain in your head. I was mistaken. My bad. You say there’s no sharia law? Then what are no go zones unless you’re Muslim. She did marry her brother. It’s been proven. You’re in denial and the idiot.,religion,ethnicity,Muslims,harmful,high,"The tweet contains a derogatory reference to 'no go zones' and implies that Muslims are exempt from laws, perpetuating a negative stereotype.",True,0.497,idiot,other_cyberbullying,1,other_cyberbullying,ethnicity,ethnicity,ethnicity,1
250,"At least people were afraid to laugh at me cause I was the weird girl. Which usually you'd think it was the opposite, but luckily after being bullied bad in jr high, I learned how to give off a douchey vibe to get people to back off. At least to my face",age,other_cyberbullying,none,harmful,medium,"The tweet describes the author's past experiences with bullying and implies a strategy to deter future bullies, but also uses the term 'douchey' in a way that could be perceived as mocking or belittling others.",True,0.216,,,0,not_cyberbullying,other_cyberbullying,other_cyberbullying,other_cyberbullying,1
251,@MrAlMubarak Allah the terrorist can stick what he wants up his giant  ass.,religion,religion,Muslims,harmful,high,"This tweet uses a derogatory term and a violent threat to insult a Muslim individual, indicating a high level of harm and hostility.",True,0.721,allah|terrorist,religion,1,religion,religion,religion,religion,1
252,"The film ends where it started with Nimbe murdering his school bully in the glare of everyone. It was his final unraveling as a gangster, completing a total turnaround for a mummy's boy. #NIMBE",age,other_cyberbullying,school bullies,harmful,medium,"The tweet targets school bullies with a negative and critical tone, implying they deserve to be murdered.",True,0.245,,,0,not_cyberbullying,other_cyberbullying,other_cyberbullying,other_cyberbullying,1
253,RT @yungturd: there should b an app that tells you when the best time to walk into guitar center is without being raped by 14 yr old's guit…,not_cyberbullying,gender,teenagers,harmful,high,"The tweet targets teenagers with a derogatory implication of being violent and predatory, promoting a negative stereotype.",True,0.9,rape,gender,1,gender,other_cyberbullying,gender,other_cyberbullying,1
254,"Idiot. I lived there for over 30 years. You are lying. They do not have their own police force. They might have a neighborhood watch like the Muslims, the LGBTQ, the students at Columbia, the Guardian Angels and so on. Stop being an idiot.",religion,other_cyberbullying,none,harmful,high,"The tweet contains aggressive language and insults, but the targets are not specific groups based on religion, age, gender, or ethnicity, rather individuals making a point.",True,0.496,idiot,other_cyberbullying,1,other_cyberbullying,other_cyberbullying,other_cyberbullying,other_cyberbullying,1
255,You made a good point about NATO's war crimes against humanity. Unfortunately with the same breath you promote NATO's dirty narrative that demonizes the word Jihad. Terrorists are NOT Jihadists. Jihad is a sacred struggle not terrorism.,religion,religion,none,harmful,medium,"The tweet criticizes and corrects the original author's narrative, implying they are misinformed or promoting a biased view, which can be perceived as condescending and aggressive.",True,0.693,jihad|terrorist,religion,1,religion,other_cyberbullying,religion,other_cyberbullying,1
256,I refuse to step foot in Hip Hop Chicken. Them fuck ass egyptians profiting off you dumb niggers. I will not drink the koolaid.,ethnicity,ethnicity,African Americans,harmful,high,"The tweet contains racist slurs and attacks against African Americans, with a tone of intense anger and hostility.",True,0.9,dumb|nigger,ethnicity,1,ethnicity,ethnicity,ethnicity,ethnicity,1
257,@jwillmitch318 @Magnusxxn @AdamHorowitzLA Adultery:canon. Rape jokes:canon. Man ignoring a woman's requests 2 stay away:canon. BUT OH NO GAY,gender,gender,LGBTQ+ individuals,harmful,high,"The tweet targets LGBTQ+ individuals with a derogatory tone, implying that their existence is less important than other forms of behavior.",True,0.9,rape,gender,1,gender,gender,gender,gender,1
258,@BlackGirlTia This is a list of lies and baloney that you are presenting.  It has zero to do with the Quran and Hadiths.,religion,ethnicity,Black women,harmful,medium,"The tweet targets Black women with a derogatory tone, implying they are presenting false information.",True,0.126,,,0,not_cyberbullying,ethnicity,ethnicity,ethnicity,1
259,“@ouchnolarry: Things to not joke about • mental illnesses • suicide • self harm • rape” •making fun of gay people •people's weight,gender,gender,LGBTQ+ individuals,harmful,high,"The tweet lists making fun of gay people as something not to joke about, implying that it is acceptable to mock or belittle LGBTQ+ individuals.",True,0.9,rape,gender,1,gender,other_cyberbullying,gender,other_cyberbullying,1
260,RT @rrangel_04: Hate the girls who act like they're your friend yet lowkey want your nigga,gender,gender,women,harmful,high,"The tweet contains misogynistic language and a derogatory term for women, indicating a high level of harm.",True,0.233,nigga,ethnicity,0,not_cyberbullying,gender,gender,gender,1
261,And u have all these Black cops playing house nigger to the white Sargent it was fuckin disgusting if you ask me ...,ethnicity,ethnicity,African Americans,harmful,high,"The tweet uses a racial slur and a derogatory term to express disgust towards Black cops, indicating a high level of harm and intensity.",True,0.9,nigger,ethnicity,1,ethnicity,ethnicity,ethnicity,ethnicity,1
262,"@vex0rian @Sir5000 @StormsOnSaturn yeah, i've got a cron to kick it. it must not be kicking it properly.",not_cyberbullying,other_cyberbullying,none,harmful,low,"The tweet contains a derogatory term ('cron') that is being used in a mocking or belittling manner, indicating a low-level cyberbullying intent.",True,0.0,,,0,not_cyberbullying,other_cyberbullying,other_cyberbullying,other_cyberbullying,1
263,"Spreading “kindness” and “blm” when they themselves are the bullies and racist scumbags who literally made me want to end it all in secondary school, leaving life long body issues, mental health issues etc. And also spread a rumour that her ex (who happened to be black) hit her-",age,other_cyberbullying,none,harmful,high,"The tweet contains a personal attack and accusations of racism and bullying, but does not target a specific group based on religion, age, gender, or ethnicity.",True,0.172,,,0,not_cyberbullying,other_cyberbullying,other_cyberbullying,other_cyberbullying,1
264,@iSpeakCharming NIGGA YOU DUMB AS SHIT. FELTON IS ASS. PAYLESS PG. FAGOT. YOU A WELFARE DUMB NIGGER. JUST GO FUCK YOURSELF,ethnicity,ethnicity,African Americans,harmful,high,The tweet contains multiple racist slurs and derogatory language targeting African Americans.,True,0.991,dumb|fag|nigga|nigger,ethnicity,1,ethnicity,ethnicity,ethnicity,ethnicity,1
265,se eu confessar que tô começando a gostar de fonk algm vai fazer bullying ??,not_cyberbullying,other_cyberbullying,none,harmful,low,"The tweet expresses concern about potential bullying, but in a self-deprecating manner, implying vulnerability to online harassment.",True,0.193,,,0,not_cyberbullying,other_cyberbullying,other_cyberbullying,other_cyberbullying,1
266,They are just auditioning to work @FUNimation where gay jokes and rape jokes are tolerated. No surprise.,gender,gender,LGBTQ+ individuals,harmful,high,"The tweet contains a derogatory implication about gay individuals and implies that they are not taken seriously, which is a form of harassment.",True,0.9,rape,gender,1,gender,gender,gender,gender,1
267,@donnabrazile Christian woman ??? Right waste of flesh,religion,gender,women,harmful,high,The tweet contains a misogynistic slur and a derogatory comment targeting a woman's faith and physical appearance.,True,0.155,,,0,not_cyberbullying,gender,gender,gender,1
268,Mocked me about being short and wearing thick glasses. I felt as though I was back in high school being bullied by the mean girls. :( And this was from a woman who was at least 20 years older than I was at the time.,age,other_cyberbullying,none,harmful,high,"The tweet describes a personal experience of bullying, but does not contain any language or content targeting a specific group or individual.",True,0.256,,,0,not_cyberbullying,other_cyberbullying,other_cyberbullying,other_cyberbullying,1
269,HAPPY BIRTHDAY @Charalice_ !! ur one of the first sam friends i made i honestly love u to pieces and i hope you have the happiest and best birthday like u deserve <33,ethnicity,not_cyberbullying,none,neutral,none,This tweet is a friendly birthday message with no bullying or harassment content.,True,0.0,,,0,not_cyberbullying,not_cyberbullying,not_cyberbullying,not_cyberbullying,0
270,"I have lost a best friend today, all because of DUMB FUCKS. Hey Ashley go fuck yourself with a piece of shit, then go eat a nigger.",ethnicity,ethnicity,none,harmful,high,"The tweet contains severe profanity and hate speech, targeting no specific group, but aiming to cause harm and intimidate.",True,0.9,dumb|nigger,ethnicity,1,ethnicity,other_cyberbullying,ethnicity,other_cyberbullying,1
271,I hate doing lab write ups. Dumb ass science bullshit.. fuck your labs nigger. ,ethnicity,ethnicity,none,harmful,high,"The tweet contains profanity and a derogatory term, but it does not target a specific group based on religion, age, gender, or ethnicity; it appears to be a general expression of frustration.",True,0.9,dumb|nigger,ethnicity,1,ethnicity,other_cyberbullying,ethnicity,other_cyberbullying,1
272,"you’re an idiot. you’re minimizing the movement by bringing up such unnecessary context . disgusting. innocent lives will always matter. don’t care if that person was a shia muslim, sunni Muslim, ahmadi. whatever y’all wanna say.",religion,other_cyberbullying,none,harmful,high,"The tweet contains aggressive language and insults, targeting the person's perceived behavior rather than their identity or group affiliation.",True,0.308,idiot,other_cyberbullying,0,not_cyberbullying,other_cyberbullying,other_cyberbullying,other_cyberbullying,1
273,RT @davidjones720: OBAMA and his love for golf is greater that love for CHRISTIANS or Jews ! http://t.co/LludcU5jSP,religion,other_cyberbullying,Christians and Jews,harmful,high,"The tweet targets and insults two religious groups, implying Obama's priorities are misplaced.",True,0.0,,,0,not_cyberbullying,other_cyberbullying,other_cyberbullying,other_cyberbullying,1
274,"Lol! RT @retrowill3 Why are you mad Fat Girl RT @tayyoung_: FUCK OBAMA, dumb ass nigger",ethnicity,ethnicity,none,harmful,high,"The tweet contains hate speech and profanity, but the primary targets are not a specific group, rather the individuals mentioned in the tweet.",True,0.9,dumb|nigger,ethnicity,1,ethnicity,other_cyberbullying,ethnicity,other_cyberbullying,1
275,@NATgotemall never that not me lls,not_cyberbullying,other_cyberbullying,none,harmful,low,"This tweet appears to be a derogatory comment, but the target is unclear and the language is informal and vague.",True,0.0,,,0,not_cyberbullying,other_cyberbullying,other_cyberbullying,other_cyberbullying,1
276,That's what his stupid ass get. ðð https://t.co/UOn2vjNu3P,other_cyberbullying,other_cyberbullying,none,harmful,high,"The tweet contains a derogatory term and a laughing emoji, indicating a high level of harm and intent to mock or belittle.",True,0.469,stupid,other_cyberbullying,1,other_cyberbullying,other_cyberbullying,other_cyberbullying,other_cyberbullying,1
277,"MC, don't lie blatantly.. I don't rely on Wikipedia and mainstream media. They twist the story like anything. Do you remember Moola Genocide, Kashmir Genocide, Godhra Genocide? Did Hindu's kill Muslim? Don't be a idiot. We are not oppressor. We are safe guarding our culture.",religion,ethnicity,Muslims,harmful,high,"The tweet references historical events with a clear intent to provoke and defend against perceived oppression, using a derogatory tone towards Hindus and implying Muslims are victims.",True,0.233,idiot,other_cyberbullying,0,not_cyberbullying,ethnicity,ethnicity,ethnicity,1
278,@NNdabbour64 And I would never go near a country with blasphemy laws.,religion,religion,Muslims,harmful,low,"The tweet implies criticism and disapproval of countries with blasphemy laws, which are often associated with Muslim-majority countries, and may be perceived as targeting Muslims.",True,0.0,,,0,not_cyberbullying,religion,religion,religion,1
279,MTV VMAs: Kevin Hart jokes he was bullied to host sans pay [Video] http://t.co/p6gmXNT,not_cyberbullying,not_cyberbullying,none,neutral,none,"This tweet reports on a celebrity's joke about being bullied, without any intent to harm or harass.",True,0.163,,,0,not_cyberbullying,not_cyberbullying,not_cyberbullying,not_cyberbullying,0
280,with faith n hope belief,other_cyberbullying,not_cyberbullying,none,neutral,none,The tweet expresses a positive sentiment and does not contain any language that could be considered bullying or harassment.,True,0.0,,,0,not_cyberbullying,not_cyberbullying,not_cyberbullying,not_cyberbullying,0
281,@suranie Exactly.  Merkel is defending this.  And the protesters are called Islamophobes for being against it. http://t.co/08ZwRcTo88,religion,other_cyberbullying,none,harmful,medium,"The tweet is labeling protesters as Islamophobes, which is a pejorative term, and implies they are wrong for their views.",True,0.068,,,0,not_cyberbullying,other_cyberbullying,other_cyberbullying,other_cyberbullying,1
282,@baroqueout babe that was a fucking terrible thing to have happen and in no way your fault.,other_cyberbullying,not_cyberbullying,none,empathetic,none,"The tweet expresses sympathy and support for the person being addressed, with no intent to harm or harass.",True,0.242,,,0,not_cyberbullying,not_cyberbullying,not_cyberbullying,not_cyberbullying,0
283,Standing up for those that are afraid.,other_cyberbullying,not_cyberbullying,none,neutral,none,"This tweet expresses support and solidarity, without any negative or harassing content.",True,0.0,,,0,not_cyberbullying,not_cyberbullying,not_cyberbullying,not_cyberbullying,0
284,there isn’t one and I doubt you’d know since this is the first time ur seeing a pride flag im so proud of you gowri sending you love,ethnicity,not_cyberbullying,none,neutral,none,"The tweet is a supportive and affectionate message, expressing pride and sending love to the recipient.",True,0.0,,,0,not_cyberbullying,not_cyberbullying,not_cyberbullying,not_cyberbullying,0
285,@SuperSpacedad @ggautoblocker ❤️❤️😊,other_cyberbullying,not_cyberbullying,none,neutral,none,"This tweet appears to be a friendly and positive response to other users, with no indication of bullying or harassment.",True,0.0,,,0,not_cyberbullying,not_cyberbullying,not_cyberbullying,not_cyberbullying,0
286,"U see the biggest problem we have in our country is that everything is about racist..racism is a weapon use to cover up the wrong of others..to be found not guilty just use racism to escape..all South Africans is racist white,black,colored and every other racist in South Africa.",ethnicity,ethnicity,South Africans,harmful,high,"The tweet makes a sweeping generalization and accusation of racism against all South Africans, regardless of their ethnicity, which is a form of ethnic slur and harassment.",True,0.287,,,0,not_cyberbullying,ethnicity,ethnicity,ethnicity,1
287,"I've seen liberals get mad for criticizing them over mocking Trump and Putin by making them a gay couple, or making prison rape jokes about people who worked under Trump.",gender,gender,LGBTQ+ individuals,harmful,high,The tweet contains a homophobic joke that implies violence and humiliation towards LGBTQ+ individuals.,True,0.9,rape,gender,1,gender,gender,gender,gender,1
288,No it's called racism. Perhaps read the definition in a dictionary. This covers most bases of racism so you don't come across a complete idiot in future Btw don't make assumptions that all Muslims are religious or to what level. Or those of other religions.,religion,religion,none,harmful,high,"The tweet contains condescending language and insults, but its primary purpose is to correct and educate, rather than target a specific group.",True,0.746,idiot|muslims are,religion,1,religion,other_cyberbullying,religion,other_cyberbullying,1
289,"@brianfenton eh, it doesn't bother me.",other_cyberbullying,not_cyberbullying,none,neutral,none,"The tweet is a neutral response to a mention, expressing indifference rather than hostility or aggression.",True,0.0,,,0,not_cyberbullying,not_cyberbullying,not_cyberbullying,not_cyberbullying,0
290,the way men call women bitches and females don't sit right with me,gender,gender,women,harmful,medium,"The tweet expresses discomfort with derogatory language used by men towards women, implying a critique of sexism and misogyny.",True,0.413,bitch,gender,1,gender,gender,gender,gender,1
291,He told to destroy radical Islamic Terrorism not Islam fool or do u believe that all Islamic ppl r radicals then u cry later that Terrorism has no any religion. Hypocrite,religion,other_cyberbullying,none,harmful,high,"The tweet is a form of hate speech and harassment, targeting a political ideology rather than a specific group, but using derogatory language and making a personal attack.",True,0.285,,,0,not_cyberbullying,other_cyberbullying,other_cyberbullying,other_cyberbullying,1
292,RT @coltonodoherty I hate it when girls are in a bad mood so what i'm trying to say is I hate girls,gender,gender,women,harmful,high,"The tweet expresses a derogatory sentiment towards women, implying they are inherently bad-tempered.",True,0.269,,,0,not_cyberbullying,gender,gender,gender,1
293,"You’re no different than the idiot liberals who boycott anyone who deviates from their exact worldview. I think Mark is being obtuse to suggest China’s treatment of Muslims is “domestic policy“ but hes a good guy, how about we convince him with argument and not lame boycotts.",religion,other_cyberbullying,none,harmful,medium,"The tweet contains aggressive language and condescending tone, targeting a person's perceived political views and suggesting they are 'obtuse'.",True,0.233,idiot,other_cyberbullying,0,not_cyberbullying,other_cyberbullying,other_cyberbullying,other_cyberbullying,1
294,HIGH SCHOOL. FUCKING. BULLIES!!,age,other_cyberbullying,none,harmful,high,"The tweet uses strong profanity to express anger and frustration towards high school bullies, but does not target a specific group.",True,0.0,,,0,not_cyberbullying,other_cyberbullying,other_cyberbullying,other_cyberbullying,1
295,"Persona 5 is a game that has themes of: Rape, sexual harassment and abuse, murder, and suicide, but a joke scene featuring two gay predators is where you draw the line?",gender,gender,LGBTQ+ individuals,harmful,high,"The tweet targets LGBTQ+ individuals by implying that a joke scene featuring gay characters is the most problematic aspect of the game, despite its other mature themes.",True,0.9,rape,gender,1,gender,gender,gender,gender,1
296,stan got this A+ last word before blocking me: Ever heard of caustic #sarcasm? Rename yourself @yesyoureaBellend Thanks Awfully *mwah!* xxx,not_cyberbullying,other_cyberbullying,none,harmful,high,"The tweet contains a derogatory term and a threat of blocking, indicating a high level of hostility and aggression.",True,0.0,,,0,not_cyberbullying,other_cyberbullying,other_cyberbullying,other_cyberbullying,1
297,I 've never seen such an overly-entitled toddler tantrum bullshit review from a supposed professional before. It reads like a high school mean girl post she bullied the schools newsletter into including coz she mad about something,age,gender,women,harmful,high,The tweet uses a derogatory term 'mean girl' to imply that the reviewer is stereotypically feminine and immature.,True,0.272,,,0,not_cyberbullying,gender,gender,gender,1
298,"Le dan color con los tuiteros que almorzaron con Piñera.Tanto bullying,si hubieran sido ustedes los invitados habrían ido igual. #Esonomás.",not_cyberbullying,other_cyberbullying,none,harmful,medium,"The tweet mocks and ridicules people who had lunch with Piñera, implying they would have acted similarly, and uses a derogatory term ('bullying') to shame them.",True,0.0,,,0,not_cyberbullying,other_cyberbullying,other_cyberbullying,other_cyberbullying,1
299,"We never ashamed to be called black. The first African to get its independence from the white terrorist. You all have one of the colors of our flag , green,yellow and red. And check what the WHO chairman said. I'm negro I'm black there is more",ethnicity,ethnicity,blacks,harmful,high,"The tweet contains a derogatory term ('negro') and a reference to historical oppression, which is a form of ethnic harassment.",True,0.612,negro|terrorist,ethnicity,1,ethnicity,ethnicity,ethnicity,ethnicity,1
300,tbh i don’t think he was really a “villain” i think his character was just trying not to disappoint his parents. he was more of the high school bully character,age,not_cyberbullying,none,neutral,none,"This tweet is a neutral analysis of a character's motivations, without any intent to harm or bully.",True,0.071,,,0,not_cyberbullying,not_cyberbullying,not_cyberbullying,not_cyberbullying,0
301,Kat and Andre are now more hated than Adam and Carol. #mkr,not_cyberbullying,other_cyberbullying,none,harmful,high,"The tweet is a public shaming and humiliation of individuals, likely contestants on a reality TV show, implying they are widely disliked.",True,0.201,,,0,not_cyberbullying,other_cyberbullying,other_cyberbullying,other_cyberbullying,1
302,RT @finicalgal: Stuffing up instant couscous should be an immediate elimination.,not_cyberbullying,not_cyberbullying,none,neutral,none,"This tweet is a lighthearted comment about a cooking mistake, not a personal attack or harassment.",True,0.0,,,0,not_cyberbullying,not_cyberbullying,not_cyberbullying,not_cyberbullying,0
303,@jwinno #AskJosh Can you tweet me so I can fangirl in the middle of class? <33 Love you.,not_cyberbullying,not_cyberbullying,none,neutral,none,"This tweet is a lighthearted and playful expression of admiration, not intended to harm or harass anyone.",True,0.0,,,0,not_cyberbullying,not_cyberbullying,not_cyberbullying,not_cyberbullying,0
304,"I apologize Mahmut, but there about 40 million muslims who would like to have a word with you about ""leaving the scholars aside."" In fact, parts of the koran itself were written by scholars just interpreting previously written portions of the book. You sir, are an idiot.",religion,other_cyberbullying,none,harmful,high,"The tweet contains a personal attack and insult, but it is not based on any protected characteristic such as religion, age, gender, or ethnicity.",True,0.308,idiot,other_cyberbullying,0,not_cyberbullying,other_cyberbullying,other_cyberbullying,other_cyberbullying,1
305,"So you mean to tell me that this so called free Black man was operating like a white man at white supremacy’s peak, you don’t think that’s it’s a smear campaign so y’all negros and white supremaist can say “Blacks owned slaves too”. To further villains the victims?",ethnicity,ethnicity,Blacks,harmful,high,"The tweet uses a derogatory term and implies that Black people are complicit in white supremacy, perpetuating racist stereotypes and hate speech.",True,0.377,negro,ethnicity,1,ethnicity,ethnicity,ethnicity,ethnicity,1
306,"Big Boobs. A Thread. I had breasts before most of the girls in the locker room in 6th grade, and was bullied; I was groped in 8th grade, and by high school, I wore hoodies so people would leave me alone. That was a them problem that I internalized, falsely believing people would",age,gender,women,harmful,medium,"The tweet discusses the author's experiences with bullying and harassment related to their body, specifically their breasts, which is a form of sexism and misogyny.",True,0.255,,,0,not_cyberbullying,gender,gender,gender,1
307,I heard Dumb niggers can fuck the most. Who knew ?,ethnicity,ethnicity,African Americans,harmful,high,"This tweet contains a racist slur and a derogatory statement, targeting African Americans with the intention of causing harm.",True,0.9,dumb|nigger,ethnicity,1,ethnicity,ethnicity,ethnicity,ethnicity,1
308,But saying that beef means that Africans hate black Americans is not good. It’s not justifiable. I was bullied by a BA girl in high school. I would be out my damn mind to bring that smoke to every BA girl i encountered.,age,other_cyberbullying,black American girls,harmful,high,The tweet contains a threat of violence and harassment towards a specific group of people based on their association with a particular demographic.,True,0.288,,,0,not_cyberbullying,other_cyberbullying,other_cyberbullying,other_cyberbullying,1
309,Why do you care? It has nothing to do with you! You are a mom of two girls! Be a role model not some stupid middle school bully!,age,gender,women,harmful,high,"The tweet targets a woman, using derogatory language and implying she is a bad role model due to her parenting choices.",True,0.233,stupid,other_cyberbullying,0,not_cyberbullying,gender,gender,gender,1
310,in elementary school I got bullied for liking sabrina the teenage witch and high school musical because they were for girls so when years later I started feeling like a girl I knew I had to bury those thoughts real fucken deep,age,gender,trans women,harmful,medium,"The tweet implies that the author was bullied for expressing feminine interests, and later had to suppress their gender identity, indicating a history of gender-based harassment.",True,0.068,,,0,not_cyberbullying,gender,gender,gender,1
311,I am tired of having feels. When do I get to go full robot?,not_cyberbullying,not_cyberbullying,none,neutral,none,"The tweet expresses frustration and a desire for emotional detachment, but does not target or harass any group.",True,0.132,,,0,not_cyberbullying,not_cyberbullying,not_cyberbullying,not_cyberbullying,0
312,"#HURT LMFAOOO TELL US WHY YOU MAD BITCHHH“@Authentic_PIINK: You mad? “@tayyoung_: FUCK OBAMA, dumb ass nigger””",ethnicity,ethnicity,African Americans,harmful,high,"The tweet contains a racial slur targeting African Americans, indicating a high level of harm and intent to offend.",True,0.989,bitch|dumb|nigger,ethnicity,1,ethnicity,ethnicity,ethnicity,ethnicity,1
313,"@Tiny_Xoxo bully , inns report yu to the Twitter authorities",other_cyberbullying,other_cyberbullying,none,harmful,high,"The tweet contains a direct threat of reporting the user to Twitter authorities, implying a form of harassment or intimidation.",True,0.148,,,0,not_cyberbullying,other_cyberbullying,other_cyberbullying,other_cyberbullying,1
314,i still can’t believe people blame their past violence towards dark skinned black women on self hate tbh...i literally despised myself as a kid during my “emo” period and still never thought anything like that..let alone tweeted it,ethnicity,other_cyberbullying,black women,harmful,medium,"The tweet implies that black women are prone to self-hatred and violence, perpetuating a negative stereotype.",True,0.283,,,0,not_cyberbullying,other_cyberbullying,other_cyberbullying,other_cyberbullying,1
315,"The bullies were another case, starting from school to tuition centers, then street OMG how did I survive all of this :'( how .. I'll write chapters about it all but would rather cut it short. Happy birthday and God bless you!",age,other_cyberbullying,none,harmful,medium,"The tweet describes a traumatic experience of bullying, but does not target a specific group or individual.",True,0.0,,,0,not_cyberbullying,other_cyberbullying,other_cyberbullying,other_cyberbullying,1
316,Ctfu So Tru >>>>>> “@FyoTweets: They be like so you said shut the fuck up you dumb nigger Haha I be weak when they say the Shit you said”,ethnicity,ethnicity,African Americans,harmful,high,"The tweet contains a racial slur, indicating a high level of harm and intent to offend.",True,0.9,dumb|nigger,ethnicity,1,ethnicity,ethnicity,ethnicity,ethnicity,1
317,"Worm of Islamic militant http://jihad.my language is good .look at Ur language .u said a great man bhagat a terrorist .Hinduism a stone age , then I can say worm of Islamic jihad ( which is not humanity)",religion,other_cyberbullying,none,harmful,high,"The tweet contains a personal attack and insults, but the primary targets are ideologies and concepts rather than specific groups or individuals.",True,0.467,jihad|terrorist,religion,1,religion,other_cyberbullying,other_cyberbullying,other_cyberbullying,1
318,"Yo, @TychoBrahe, where were you when we were getting run out of our homes? Not famous enough for you?",other_cyberbullying,other_cyberbullying,none,harmful,medium,"The tweet is a personal attack and insult, implying that the target is not worthy of fame or attention, but it does not target a specific protected group.",True,0.0,,,0,not_cyberbullying,other_cyberbullying,other_cyberbullying,other_cyberbullying,1
319,Girl you special like a met you in a slow class 😉,not_cyberbullying,other_cyberbullying,none,harmful,low,"The tweet is a backhanded compliment that implies the recipient is only special because they're in a slow class, which can be perceived as belittling.",True,0.0,,,0,not_cyberbullying,other_cyberbullying,other_cyberbullying,other_cyberbullying,1
320,Getting bullied online is tough I remember one time this girl in high school bullied me on Tumblr everyday because I was a weird virgin and didn't want to have sex with her she came on too strong smdhhh I deserve it now tho,age,gender,women,harmful,medium,The tweet contains derogatory language and a sexist stereotype ('weird virgin') to describe a female bully.,True,0.243,,,0,not_cyberbullying,gender,gender,gender,1
321,"Colonial newspapers contributed to the perpetuation of slavery. Advertised 250 years ago today: ""RUN away, a NEGRO MAN named BILLY ... generally called White hand Billy, from a burn on his hand."" (South-Carolina & American General Gazette 4/20/1770)",ethnicity,other_cyberbullying,none,educational,none,"This tweet is a historical reference to a racist advertisement and does not contain bullying or harassment, but rather aims to educate about the past.",True,0.233,negro,ethnicity,0,not_cyberbullying,other_cyberbullying,other_cyberbullying,other_cyberbullying,1
322,Grizzlies can't beat a team that's trying to freaking tank! So damn pathetic!,other_cyberbullying,other_cyberbullying,none,harmful,high,"The tweet contains aggressive language and insults directed at a sports team, which can be considered bullying or harassment in a sports context.",True,0.732,freak|pathetic,other_cyberbullying,1,other_cyberbullying,other_cyberbullying,other_cyberbullying,other_cyberbullying,1
323,"YOU LIL STUPID ASS BITCH, I AIN'T FUCKIN WIT YOU!",other_cyberbullying,gender,women,harmful,high,"This tweet contains a misogynistic slur and a highly aggressive tone, targeting women.",True,0.737,bitch|stupid,gender,1,gender,gender,gender,gender,1
324,Gay/Rape/HIV/AIDS/Race Jokes aren't funny...,gender,gender,LGBTQ+ individuals,harmful,high,The tweet references 'gay' in a context that implies derogatory or hurtful jokes about LGBTQ+ individuals.,True,0.9,rape,gender,1,gender,gender,gender,gender,1
325,"Salty af too! Lol @JayJTheKidd: Damn you mad bro? RT @tayyoung_: FUCK OBAMA, dumb ass nigger",ethnicity,ethnicity,African Americans,harmful,high,"The tweet contains a racial slur targeting African Americans, indicating a high level of harm and intent to offend.",True,0.9,dumb|nigger,ethnicity,1,ethnicity,ethnicity,ethnicity,ethnicity,1
326,I want that nigger that called me last night to come out here so i can use my nigger knocker on him ha ha dumb fuck nut ha ha,ethnicity,ethnicity,African Americans,harmful,high,"The tweet contains multiple racist slurs and threats, indicating a high level of harm and intensity.",True,0.9,dumb|nigger,ethnicity,1,ethnicity,ethnicity,ethnicity,ethnicity,1
327,"Yo lemme break something down to y’all cause niggas is so dumb my mans on camera fuckin this racist man’s wife or whatever... check it out family, SHE COULD FUCK YOU AND STILL BE RACIST AND CALL U ALL KINDS OF NIGGERS",ethnicity,ethnicity,none,harmful,high,"The tweet contains hate speech and derogatory language, but it is not specifically targeting a particular group based on religion, age, gender, or ethnicity; instead, it is a general attack on people's intelligence and behavior.",True,0.989,dumb|nigga|nigger,ethnicity,1,ethnicity,other_cyberbullying,ethnicity,other_cyberbullying,1
328,Whiny manbabies.,other_cyberbullying,gender,men,harmful,low,"The tweet uses a derogatory term to mock men, implying they are weak or overly emotional.",True,0.0,,,0,not_cyberbullying,gender,gender,gender,1
329,@truaemusic @mattybboi83 @Number10gov Islam cannot be reformed because it's vileness is too deep in the religion.,religion,religion,Muslims,harmful,high,"The tweet makes a derogatory statement about the inherent nature of Islam, targeting Muslims and promoting hate.",True,0.0,,,0,not_cyberbullying,religion,religion,religion,1
330,Yeah it’s called being Tone Deaf and advocating for White Supremacy. According to the great negro Bomani Jones,ethnicity,ethnicity,African Americans,harmful,high,"The tweet uses a racial slur and implies support for white supremacy, targeting African Americans.",True,0.233,negro,ethnicity,0,not_cyberbullying,ethnicity,ethnicity,ethnicity,1
331,As a Christian I support BJP Islamic radicals are the real threat here !! India stayed as a secular country only because of Hindu majority .If Islam was majority there won't be any secularism . Radical Islamists must be dealt with iron fist,religion,ethnicity,Muslims,harmful,high,"The tweet contains a derogatory term ('Islamic radicals') and makes a generalization about Muslims, implying they are a threat to secularism.",True,0.094,,,0,not_cyberbullying,ethnicity,ethnicity,ethnicity,1
332,I remember getting bullied by two girls in high school but when I defended myself for the first time I was told I don’t respect women and had to get grounded.,age,gender,women,harmful,medium,"The tweet describes being told to respect women after defending oneself, implying a double standard and potential sexism.",True,0.0,,,0,not_cyberbullying,gender,gender,gender,1
333,Well if it's her responsibility to keep herself safe then thats exactly what she did when she took the picture of thr license plate. But you called her a bitch for that. Then again any guy who calls women females is automatically trash anyway so I'm not surprised you don't get it,gender,gender,women,harmful,high,"The tweet contains misogynistic language and derogatory terms ('bitch') to describe a woman, indicating a high level of harm and intent to insult.",True,0.685,bitch|trash,gender,1,gender,gender,gender,gender,1
334,Stfu about Ariel the decision has been made already lol calling black people niggers over a decision that we had no say on is disgusting stfu it honestly getting real annoying,ethnicity,ethnicity,none,harmful,high,"The tweet contains aggressive language and insults towards an unspecified group, but the primary target is the person's behavior and decision, not a specific demographic.",True,0.9,nigger,ethnicity,1,ethnicity,other_cyberbullying,ethnicity,other_cyberbullying,1
335,Someone outside just asked me if I'm the woman that wrote @TheBlockBot :| // cc @oolon,not_cyberbullying,not_cyberbullying,none,neutral,none,"The tweet is a neutral, inquiring response to a question about the author's identity, without any intent to harm or harass.",True,0.031,,,0,not_cyberbullying,not_cyberbullying,not_cyberbullying,not_cyberbullying,0
336,1) Babar was invader who killed million of Hindus & demolished ram temple 2)The Godhra Train Burning 3)Tahhir Hussain MC All above u mentioned is because of peaceful community.stop support ing radical islamic terrorism,religion,other_cyberbullying,none,harmful,high,"The tweet promotes hate speech and terrorism, targeting a community rather than a specific individual or group, and contains inflammatory language.",True,0.191,,,0,not_cyberbullying,other_cyberbullying,other_cyberbullying,other_cyberbullying,1
337,Found out the girl who bullied me throughout high school now has 3 kids and is married and still living in our home town. All before 25. Damn ma’am.,age,gender,women,harmful,high,"The tweet contains a derogatory term ('ma'am') and a condescending tone, targeting the woman's age and perceived life choices.",True,0.233,,,0,not_cyberbullying,gender,gender,gender,1
338,"She aint got nothing better to but be mad...lilRT @MrsLarson2U: This bitch smdh.....RT @tayyoung_: FUCK OBAMA, dumb ass nigger",ethnicity,ethnicity,women,harmful,high,"The tweet contains misogynistic language and derogatory terms targeting women, indicating a high level of harm.",True,0.995,bitch|dumb|nigger,ethnicity,1,ethnicity,gender,ethnicity,gender,1
339,RACISM is wen u select your white clothes to wash 1st and save the black and colored ones for last wash..lmao,ethnicity,other_cyberbullying,none,harmful,low,"The tweet uses a racial stereotype to mock people's laundry habits, but it's not a direct attack on a specific group.",True,0.068,,,0,not_cyberbullying,other_cyberbullying,other_cyberbullying,other_cyberbullying,1
340,@shaner38 I said it for months.  Didn't know how good McKinnon was...,gender,other_cyberbullying,none,harmful,low,"The tweet is a form of online harassment as it appears to be a personal attack or insult, but the target is not specified and the context is unclear.",True,0.102,,,0,not_cyberbullying,other_cyberbullying,other_cyberbullying,other_cyberbullying,1
341,@MillerMENA Why is anyone surprised that Putin had Nemtsov shot. Putin bombed Russian apartment buildings to start the Chechen war.,not_cyberbullying,other_cyberbullying,none,harmful,high,"The tweet contains a serious accusation of murder and a reference to a violent historical event, which is intended to harm Putin's reputation.",True,0.138,,,0,not_cyberbullying,other_cyberbullying,other_cyberbullying,other_cyberbullying,1
342,"Very homophobic, said he would prefer his own son dead than gay. Told a representative that he wouldn't rape her because she was too ugly to deserve rape. Planned false flag attacks on military bases to increase funding to the military (but said it was a joke when found).",gender,gender,LGBTQ+ individuals and women,harmful,high,"The tweet contains explicit homophobic and misogynistic language, threatening violence and rape.",True,0.9,rape|ugly,gender,1,gender,gender,gender,gender,1
343,I’m glad I wasn’t in high school when VSCO girls were a thing they definitely would have bullied me,age,other_cyberbullying,VSCO girls,harmful,low,"The tweet implies that VSCO girls would have bullied the author, which is a form of harassment and intimidation.",True,0.0,,,0,not_cyberbullying,other_cyberbullying,other_cyberbullying,other_cyberbullying,1
344,"Ope, please watch the ‘Rape Jokes’ stand up set by @cameronesposito! Especially if you’re gay and grew up religious. You’ll feel so seen.",gender,gender,none,harmful,low,"The tweet contains a potentially triggering reference to rape jokes, which may be distressing for some individuals, but it does not target a specific group.",True,0.9,rape,gender,1,gender,other_cyberbullying,gender,other_cyberbullying,1
345,@Polzie @moshanthi who should we bully?,not_cyberbullying,other_cyberbullying,none,harmful,high,"The tweet suggests and encourages bullying, which is a form of harassment.",True,0.148,,,0,not_cyberbullying,other_cyberbullying,other_cyberbullying,other_cyberbullying,1
346,Catching the last BART home. So excited! What a productive evening. :),not_cyberbullying,not_cyberbullying,none,neutral,none,"This tweet is a neutral, friendly update about the author's evening plans with no indication of bullying or harassment.",True,0.0,,,0,not_cyberbullying,not_cyberbullying,not_cyberbullying,not_cyberbullying,0
347,Ummm.... what? Have you even been to any muslim nation. Y’all act like the US ain’t riddin with pedophiles. Just look at the idiots in power. Also maths was discovered by arabs read a book then come talk to me.,religion,ethnicity,Muslims,harmful,high,"The tweet contains a derogatory tone and makes a sweeping generalization about Muslims, implying they are all from 'Muslim nations' and are somehow complicit in pedophilia.",True,0.233,idiot,other_cyberbullying,0,not_cyberbullying,ethnicity,ethnicity,ethnicity,1
348,"RT @tauriqmoosa: Oh, is the Witcher 3 a game that let's you play as a lesbian of colour? That is remarkable! http://t.co/HfQLh0U04Z",other_cyberbullying,not_cyberbullying,none,neutral,none,"The tweet is a positive and neutral comment about a video game, expressing admiration for its representation.",True,0.0,,,0,not_cyberbullying,not_cyberbullying,not_cyberbullying,not_cyberbullying,0
349,"White Man Roger Stone sentenced as a criminal, also called > > journalist Roland Martin a “Negro” > Megyn Kelly a “nice set of cans” Felon & Racist & Misogynist Who else can be best buddy with @realDonaldTrump ??? Law & Order??? Are you #MAGA peeps kidding me?",ethnicity,other_cyberbullying,none,harmful,high,"The tweet contains multiple instances of derogatory language and personal attacks against individuals, but the targets are not specific groups based on religion, age, gender, or ethnicity.",True,0.412,negro,ethnicity,1,ethnicity,other_cyberbullying,other_cyberbullying,other_cyberbullying,1
350,girls named madison in middle school after they bully the autistic kid,age,other_cyberbullying,autistic kids,harmful,high,"The tweet targets and publicly shames a vulnerable group, specifically autistic kids, for bullying behavior, which is a form of harassment and bullying.",True,0.148,,,0,not_cyberbullying,other_cyberbullying,other_cyberbullying,other_cyberbullying,1
351,"@AntiDARKSKINNED: Don't start with that I'm brown"" bullshit. You are black, you are a nigger. You are filthy & disgusting.""...........oh",ethnicity,ethnicity,African Americans,harmful,high,The tweet contains a racial slur and derogatory language targeting African Americans.,True,0.9,nigger,ethnicity,1,ethnicity,ethnicity,ethnicity,ethnicity,1
352,When the girl who bullied you in high school for liking Harry styles is now posting on social media about how much she likes his music,age,other_cyberbullying,none,harmful,medium,"The tweet is a form of passive-aggressive harassment, targeting someone's past behavior and implying they're hypocritical, without directly addressing or threatening them.",True,0.0,,,0,not_cyberbullying,other_cyberbullying,other_cyberbullying,other_cyberbullying,1
353,I like bullying my sister's friend.. :)),other_cyberbullying,other_cyberbullying,children or teenagers,harmful,low,"The tweet implies bullying behavior towards a minor, although the tone is somewhat playful.",True,0.0,,,0,not_cyberbullying,other_cyberbullying,other_cyberbullying,other_cyberbullying,1
354,RT @davidsgallant: Valve gave the ability to prevent specific curators from appearing on their games' pages. Devs: you know what to do abo…,not_cyberbullying,not_cyberbullying,none,neutral,none,"This tweet is a neutral, informative retweet about a gaming feature and does not contain any bullying or harassment.",True,0.0,,,0,not_cyberbullying,not_cyberbullying,not_cyberbullying,not_cyberbullying,0
355,Seabreeze High School: Justice for African American Special Needs Student - Bullied by Savannah and Chelsea - Sign the Petition! http://chng.it/QNWRgLhC via @Change I’m disgusted to watch this stupid video that two girls created for some dumb likes. Let me trip their dumb asses.,age,other_cyberbullying,none,harmful,high,"The tweet contains a threat of physical harm towards two individuals, Savannah and Chelsea, for creating a video, which is a form of harassment.",True,0.724,dumb|stupid,other_cyberbullying,1,other_cyberbullying,other_cyberbullying,other_cyberbullying,other_cyberbullying,1
356,@rikumemes Your work is fucking terrible tbh fuck them,other_cyberbullying,other_cyberbullying,none,harmful,high,"The tweet contains strong profanity and a derogatory statement, but it does not target a specific group based on religion, age, gender, or ethnicity.",True,0.24,,,0,not_cyberbullying,other_cyberbullying,other_cyberbullying,other_cyberbullying,1
357,@iMoRTaLMonkeyyy @BrokenTourneys its simple math u dumb black nigger ass hoe pussy bitch dumb fuck cunt,ethnicity,gender,African Americans,harmful,high,The tweet contains multiple racist slurs and derogatory language targeting African Americans.,True,0.993,bitch|cunt|dumb|nigger,gender,1,gender,ethnicity,gender,ethnicity,1
358,"Bitch you're mad ? Oh RT @tayyoung_: FUCK OBAMA, dumb ass nigger",ethnicity,ethnicity,women,harmful,high,"The tweet contains a derogatory term targeting women, accompanied by a racist slur targeting African Americans.",True,0.991,bitch|dumb|nigger,ethnicity,1,ethnicity,gender,ethnicity,gender,1
359,@KirinDave nope. I play WoW. GW sux.,not_cyberbullying,other_cyberbullying,none,harmful,low,"The tweet contains a derogatory statement about a game, which can be perceived as harassment or bullying, but it does not target a specific group or individual.",True,0.23,,,0,not_cyberbullying,other_cyberbullying,other_cyberbullying,other_cyberbullying,1
360,"They won't stop their Hindu Hatred, we must start our Hindu Assertion everyone in school has a school bully, we only respected him out of fear, nothing else Hs must reach that level of fearfulness among others",age,other_cyberbullying,none,harmful,high,"The tweet contains a threat of fear and intimidation, promoting a culture of bullying, but does not target a specific group based on religion, age, gender, or ethnicity.",True,0.256,,,0,not_cyberbullying,other_cyberbullying,other_cyberbullying,other_cyberbullying,1
361,@OscarDelaHopia Me too.  Too late now. Heheh.,not_cyberbullying,other_cyberbullying,none,harmful,low,"The tweet implies mockery and ridicule towards someone, likely in response to a previous situation, but lacks specific targeting of a protected group.",True,0.0,,,0,not_cyberbullying,other_cyberbullying,other_cyberbullying,other_cyberbullying,1
362,@sajid_fairooz @IsraeliRegime Yes they are Jew hating barbarians.,religion,ethnicity,Jews,harmful,high,"The tweet uses a derogatory term and a strong insult to target Jews, indicating a high level of harm and intensity.",True,0.046,,,0,not_cyberbullying,ethnicity,ethnicity,ethnicity,1
363,"You love your country like you love your kids - unconditionally. 1619 comes into your house, tears down the pictures on the fridge, and replaces them with social media screenshots about your kids from bullies and mean girls at school.",age,other_cyberbullying,parents,harmful,high,"The tweet uses a metaphor to imply that parents are not doing enough to protect their children from online bullying, and is likely to be perceived as accusatory and hurtful.",True,0.0,,,0,not_cyberbullying,other_cyberbullying,other_cyberbullying,other_cyberbullying,1
364,seriously colin stop smiling/smirking. frowning looks better on you. #mkr,gender,other_cyberbullying,none,harmful,low,"The tweet is a hurtful comment intended to mock Colin's facial expression, but it does not target a specific protected group.",True,0.102,,,0,not_cyberbullying,other_cyberbullying,other_cyberbullying,other_cyberbullying,1
365,HOLY SHIT,other_cyberbullying,other_cyberbullying,none,harmful,high,"The tweet contains strong profanity, which can be perceived as aggressive and intimidating, even if the intent is not specifically targeting a particular group.",True,0.167,,,0,not_cyberbullying,other_cyberbullying,other_cyberbullying,other_cyberbullying,1
366,"Are in idiot! Have u ever met a muslim?? and who is attaching Christianity your own Christians are doing that.... being cristian means what to you?? Love thy neighbor?? If you know a anything about Islam its about love, forgiveness, family, making decisions with your heart...",religion,other_cyberbullying,none,harmful,high,"The tweet is a heated and aggressive response that uses strong language, but it does not target a specific group based on religion, age, gender, or ethnicity; instead, it appears to be a defensive and argumentative post.",True,0.467,christians are|idiot,religion,1,religion,other_cyberbullying,other_cyberbullying,other_cyberbullying,1
367,Niggers on twitter is just dumb as fuck,ethnicity,ethnicity,African Americans,harmful,high,"This tweet contains a racist slur targeting African Americans, indicating a high level of harm and intensity.",True,0.9,dumb|nigger,ethnicity,1,ethnicity,ethnicity,ethnicity,ethnicity,1
368,"Kat on not winning people's choice: ""I can't believe this! Obviously those campers were voting strategically."" #mkr #delusionalcow",gender,other_cyberbullying,Kat,harmful,medium,"The tweet contains a derogatory term ('delusionalcow') and a critical, condescending tone, targeting Kat's feelings and reputation.",True,0.141,,,0,not_cyberbullying,other_cyberbullying,other_cyberbullying,other_cyberbullying,1
369,"Thank you so much! It’s so annoying l don’t even want respect just common human decency, I just feel like it needs too be spoken about more like in the cod days it went from “your mum is gay” to now getting rape threats it’s just beyond a joke now",gender,gender,none,harmful,high,"The tweet expresses frustration and outrage at the escalation of online harassment, particularly rape threats, without targeting a specific group.",True,0.9,rape,gender,1,gender,other_cyberbullying,gender,other_cyberbullying,1
370,"@eZhenKHJEN Walao you see la, you bad friend, bully again :( :( :( I am lor, don't deny the truth!",other_cyberbullying,other_cyberbullying,none,harmful,medium,"The tweet contains aggressive language and accusations of bullying, but does not target a specific group or use derogatory terms.",True,0.273,,,0,not_cyberbullying,other_cyberbullying,other_cyberbullying,other_cyberbullying,1
371,"The girls you worship on Love Island are the same kinda girls that bullied you in high school, shut up x",age,gender,women,harmful,medium,"The tweet targets women, specifically those who appear on the reality TV show Love Island, and implies they are responsible for past bullying.",True,0.233,shut up,other_cyberbullying,0,not_cyberbullying,gender,gender,gender,1
372,Going after people with who support other political candidates...what did we call those folk growing up? What were we taught those people are called in school? I'll let you Google it...I'll give you a hint bully...its not from America.,age,other_cyberbullying,people with opposing political views,harmful,medium,"The tweet uses a derogatory term and implies that people with opposing views are bullies, which is a form of harassment.",True,0.0,,,0,not_cyberbullying,other_cyberbullying,other_cyberbullying,other_cyberbullying,1
373,"This dude beats on women, belittles them down to just being a vagina for his sexual wants, talks about rape incest & pedophiles like it’s a joke, and says being gay is a mental illness. Then tweets about dismantling toxic masculinity... Niggas really are delusional.",gender,ethnicity,"women, LGBTQ+ individuals",harmful,high,"The tweet contains misogynistic language, rape jokes, and derogatory comments about LGBTQ+ individuals, indicating a high level of harm and intent to offend.",True,0.9,nigga|rape,ethnicity,1,ethnicity,gender,ethnicity,gender,1
374,Please stop being gullible dumb niggers falling into society trends fuck society shit is not set up for niggas and that's that,ethnicity,ethnicity,African Americans,harmful,high,"The tweet uses a racial slur to insult and degrade a specific racial group, indicating a high level of harm and intensity.",True,0.982,dumb|nigga|nigger,ethnicity,1,ethnicity,ethnicity,ethnicity,ethnicity,1
375,How's the game portraying it's only openly gay characters as predators for a rape joke not homophobic? Lmao,gender,gender,LGBTQ+ individuals,harmful,high,"The tweet implies that openly gay characters are inherently predatory, perpetuating a harmful stereotype and making a rape joke, which is a form of harassment.",True,0.9,rape,gender,1,gender,gender,gender,gender,1
376,RT @peteevansnot: OK - get this off my FB page asap! #paleo #mkr http://t.co/n3Y2cItgLV,not_cyberbullying,not_cyberbullying,none,neutral,none,This tweet appears to be a request to remove a post from the author's Facebook page and does not contain any bullying or harassment language.,True,0.0,,,0,not_cyberbullying,not_cyberbullying,not_cyberbullying,not_cyberbullying,0
377,@ashleylynch @join_oapi just the site :),other_cyberbullying,not_cyberbullying,none,neutral,none,"The tweet is a casual, friendly response with no apparent intent to harm or harass.",True,0.0,,,0,not_cyberbullying,not_cyberbullying,not_cyberbullying,not_cyberbullying,0
378,@ICONIaMmE there is this girl tht has the same name as u and people r saying she killed herself cuz of bullying and she was a GRANDer :(,other_cyberbullying,other_cyberbullying,none,harmful,high,"The tweet is spreading false information and expressing sympathy for a fictional bullying victim, which can be considered cyberbullying by amplifying and perpetuating a potentially harmful narrative.",True,0.259,,,0,not_cyberbullying,other_cyberbullying,other_cyberbullying,other_cyberbullying,1
379,Can help all those in workplace bullying situations to find a comfortable place to exist. http://www.equalityedge.org.uk,other_cyberbullying,not_cyberbullying,none,helpful,none,"This tweet offers support and resources for workplace bullying victims, without any abusive or harassing content.",True,0.0,,,0,not_cyberbullying,not_cyberbullying,not_cyberbullying,not_cyberbullying,0
380,let's see what Ash and Camilla are up to. #mkr http://t.co/i0LbGhkU9F,not_cyberbullying,not_cyberbullying,none,neutral,none,"This tweet appears to be a casual, neutral comment about two individuals, with no apparent intent to harm or harass.",True,0.0,,,0,not_cyberbullying,not_cyberbullying,not_cyberbullying,not_cyberbullying,0
381,"Please produce a recent example of a white Democrat calling someone a ""negro"" dismissively and not getting called on it.",ethnicity,other_cyberbullying,African Americans,harmful,high,"The tweet is using a derogatory term to imply that African Americans are being disrespected when called by a more respectful term, and is seeking to highlight perceived hypocrisy.",True,0.233,negro,ethnicity,0,not_cyberbullying,other_cyberbullying,other_cyberbullying,other_cyberbullying,1
382,A lot of it was bs though. My friend went to school with him and said he was a bully,age,other_cyberbullying,none,harmful,medium,"The tweet implies that the person is a bully, which can be damaging to their reputation and potentially harm their relationships or future opportunities.",True,0.0,,,0,not_cyberbullying,other_cyberbullying,other_cyberbullying,other_cyberbullying,1
383,@Arlen weird. i have an address on my account. not sure if i need to add that to my wishlist or not.,not_cyberbullying,not_cyberbullying,none,neutral,none,"The tweet is a neutral, friendly inquiry about a user's account settings.",True,0.118,,,0,not_cyberbullying,not_cyberbullying,not_cyberbullying,not_cyberbullying,0
384,RT @fruitondabottom: Because women have no voice!  #letwomenspeak #WomenAgainstFeminism http://t.co/jbTpUaMO1b,gender,gender,women,harmful,high,"The tweet promotes a misogynistic and sexist ideology, targeting women and denying them a voice.",True,0.108,,,0,not_cyberbullying,gender,gender,gender,1
385,"RT“@tayyoung_: FUCK OBAMA, dumb ass nigger” somebody better talk to her before I go ham on her ass...",ethnicity,ethnicity,African Americans,harmful,high,"The tweet contains a racial slur and a threat, indicating a high level of harm and aggression towards African Americans.",True,0.9,dumb|nigger,ethnicity,1,ethnicity,ethnicity,ethnicity,ethnicity,1
386,Hope u had 100000000 pages written dor Islamic terrorism . Its shame u cant bear brahmanical terror for few yrs ! Whr as kept spreading Islamic terror since decades,religion,other_cyberbullying,none,harmful,high,"The tweet contains inflammatory language and accusations of terrorism, but it does not specifically target a protected group; rather, it appears to be a heated exchange between individuals with differing views.",True,0.232,,,0,not_cyberbullying,other_cyberbullying,other_cyberbullying,other_cyberbullying,1
387,It’s not a gay rape joke which I often complain about. It’s an observation about a man that has frequently claimed he can’t control his libido. I simply made an observation that he won’t be having sex in prison. So get that right. Thanks.,gender,gender,men who identify as gay,harmful,medium,"The tweet targets men who identify as gay with a derogatory implication, making a comment about their sexual orientation in a prison context.",True,0.9,rape,gender,1,gender,gender,gender,gender,1
388,"i was bullied in primary school for having no friends (THANKS AUTISM) and being fat and having acne since like, around 10 yrs old. then in early high school i was bullied because a girl thought i was a lesbian and also didnt like me for some reason?",age,other_cyberbullying,individual with autism,harmful,high,"The tweet contains a derogatory comment about autism, which is a form of ableism and a form of bullying.",True,0.274,,,0,not_cyberbullying,other_cyberbullying,other_cyberbullying,other_cyberbullying,1
389,@NerdieJoseph Make sure he's the bully in the neopet playground. B),not_cyberbullying,other_cyberbullying,none,harmful,low,"The tweet is a veiled threat of exclusion or social ostracism, implying that the recipient will be bullied in a virtual environment.",True,0.068,,,0,not_cyberbullying,other_cyberbullying,other_cyberbullying,other_cyberbullying,1
390,michael clifford from 5sos fuck you you dumb ass nigger i h8 you follow me . @Michael5SOS x452,ethnicity,ethnicity,African Americans,harmful,high,"The tweet contains a racial slur, indicating a high level of harm and intent to harass.",True,0.9,dumb|nigger,ethnicity,1,ethnicity,ethnicity,ethnicity,ethnicity,1
391,"RT @TheQuinnspiracy: Since gators are yelling at me for responding to a fan and making this, if you wanna fund me off patreon heres a link …",other_cyberbullying,not_cyberbullying,none,neutral,none,"This tweet appears to be a response to criticism, and does not contain any bullying or harassing language.",True,0.0,,,0,not_cyberbullying,not_cyberbullying,not_cyberbullying,not_cyberbullying,0
392,"Olha que absurdo, na minha escola pode ir de chinelo de qualquer marca, menos Havainas, isso é preconceito, Bullying.!! kkk",not_cyberbullying,other_cyberbullying,none,harmful,low,"The tweet is accusing someone of bullying, but in a way that is likely to be perceived as mocking or dismissive, rather than genuinely supportive of the target group.",True,0.201,,,0,not_cyberbullying,other_cyberbullying,other_cyberbullying,other_cyberbullying,1
393,"AND HAVE A MOTHERFUCKING SEAT \_ ""@iHate_Humans: STFU! tRT @tayyoung_: FUCK OBAMA, dumb ass nigger""",ethnicity,ethnicity,African Americans,harmful,high,"The tweet contains a racial slur targeting African Americans, indicating a high level of harm and intensity.",True,0.9,dumb|nigger,ethnicity,1,ethnicity,ethnicity,ethnicity,ethnicity,1
394,@lilbeastunleash who knew that was how to do it! #MKR,not_cyberbullying,not_cyberbullying,none,neutral,none,"This tweet appears to be a congratulatory message, expressing admiration for someone's actions.",True,0.0,,,0,not_cyberbullying,not_cyberbullying,not_cyberbullying,not_cyberbullying,0
395,Yo guys. Did you know I was a convicted felon? That's new.,other_cyberbullying,other_cyberbullying,none,harmful,medium,"The tweet is sharing potentially damaging information about the author's past, likely to elicit a reaction or mock their personal history.",True,0.0,,,0,not_cyberbullying,other_cyberbullying,other_cyberbullying,other_cyberbullying,1
396,@kyleedoo @SmithKayt fuck you dumb nigger. #Truth,ethnicity,ethnicity,African Americans,harmful,high,"The tweet contains a racial slur, targeting African Americans with a high level of intent to harm.",True,0.9,dumb|nigger,ethnicity,1,ethnicity,ethnicity,ethnicity,ethnicity,1
397,"@samred no rush or anything. like i said, it's been up for a while. i just noticed, though. :)",not_cyberbullying,not_cyberbullying,none,neutral,none,"The tweet is a casual, non-confrontational response to another user, expressing no intent to harm or bully.",True,0.0,,,0,not_cyberbullying,not_cyberbullying,not_cyberbullying,not_cyberbullying,0
398,"RT @GreyUmopepisdn: When a radical feminist or SJW tries to argue with you, try these tips. #WomenAgainstFeminism http://t.co/UP62bkHAEL",gender,gender,feminists,harmful,medium,The tweet targets feminists with a derogatory term and implies they are not worthy of respectful argumentation.,True,0.102,,,0,not_cyberbullying,gender,gender,gender,1
399,"@dllvllHllvllb @hyperion5182 @PolitiBunny @TheBlockBot she's not on the autoblocker, and i don't run blockbot. blocking manually for now. :)",not_cyberbullying,not_cyberbullying,none,neutral,none,"The tweet is a neutral response to a request for blocking someone, with no intent to harm or harass.",True,0.0,,,0,not_cyberbullying,not_cyberbullying,not_cyberbullying,not_cyberbullying,0
400,pvp with bebbit #warcraft #selfie http://t.co/q4Bjfy8t7t,other_cyberbullying,not_cyberbullying,none,neutral,none,This tweet appears to be a casual gaming post with no indication of bullying or harassment.,True,0.0,,,0,not_cyberbullying,not_cyberbullying,not_cyberbullying,not_cyberbullying,0
401,"Also, to the news that GG is doing a bay area meetup...",other_cyberbullying,not_cyberbullying,none,neutral,none,"This tweet appears to be a casual announcement about a meetup, without any negative or harassing content.",True,0.0,,,0,not_cyberbullying,not_cyberbullying,not_cyberbullying,not_cyberbullying,0
402,"Yall remember when it was trendy to do that kool aid dip dye hair and all the popular girls in middle/early high school did it and would post shit like ""yeah I dye my hair crazy colors, I'm me and I'm not sorry "" meanwhile the actual scene kids were being bullied",age,other_cyberbullying,none,harmful,medium,"The tweet implies that certain individuals were bullied for being part of a specific subculture, without directly targeting a protected group.",True,0.157,,,0,not_cyberbullying,other_cyberbullying,other_cyberbullying,other_cyberbullying,1
403,"O da, zaboravio sam na to. Imagine being all giddy and excited about magic and a bunch of racist bullies break your arms and piss on your clothes in your new school because your parents live in Liverpool",age,other_cyberbullying,none,harmful,high,"The tweet describes a violent and traumatic experience, but it does not target a specific group; it's a narrative about bullying.",True,0.213,,,0,not_cyberbullying,other_cyberbullying,other_cyberbullying,other_cyberbullying,1
404,http://t.co/IiibIFWNuW (via @selenamarie) #stopwadhwa2015,other_cyberbullying,other_cyberbullying,none,harmful,low,"The tweet appears to be a call to action for a protest or boycott, but lacks context, making it difficult to determine the intent, and the hashtag #stopwadhwa2015 suggests a targeted campaign.",True,0.0,,,0,not_cyberbullying,other_cyberbullying,other_cyberbullying,other_cyberbullying,1
405,@ICONicHavanaL yeah it sux i hate it then ppl bully me cuz of it seriously theres no reason for that,other_cyberbullying,other_cyberbullying,none,harmful,low,"The tweet expresses frustration and victimhood due to bullying, but does not contain any explicit or coded language targeting a specific group.",True,0.263,,,0,not_cyberbullying,other_cyberbullying,other_cyberbullying,other_cyberbullying,1
406,"@Liban_93 is fuckn Twitter Bully, die slow u grenade launcher",other_cyberbullying,other_cyberbullying,none,harmful,high,"The tweet contains a violent threat and profanity, indicating a high level of hostility and aggression towards the individual, but does not target a specific group based on religion, age, gender, or ethnicity.",True,0.239,,,0,not_cyberbullying,other_cyberbullying,other_cyberbullying,other_cyberbullying,1
407,Facts by a fellow Unionist. The “Magic Negro” was taken from an article from a Black reporter from the LA Times who called Obama that because of phenomenal white support,ethnicity,other_cyberbullying,African Americans,harmful,high,"The tweet uses a derogatory term to imply that a Black reporter was racist towards Obama, perpetuating a racist stereotype.",True,0.233,negro,ethnicity,0,not_cyberbullying,other_cyberbullying,other_cyberbullying,other_cyberbullying,1
408,i like the first one but if ur feeling confident go for the second option !,ethnicity,not_cyberbullying,none,neutral,none,"The tweet is a neutral and friendly comment, providing advice and encouragement without any intent to harm or harass.",True,0.0,,,0,not_cyberbullying,not_cyberbullying,not_cyberbullying,not_cyberbullying,0
409,"Mumbai: BJP leader Kirit Somaiya meets @KarishmaBhosal3 , a girl who was bullied for raising voice against the blaring of azaan in high volume from a neighbourhood mosque in her area.",age,other_cyberbullying,Muslims,harmful,low,"The tweet implies that the girl was bullied for speaking out against the mosque's loudspeaker, which may be perceived as targeting Muslims.",True,0.187,,,0,not_cyberbullying,other_cyberbullying,other_cyberbullying,other_cyberbullying,1
410,RT @SimplyLaurax3: PLEASE help find my friend's sister.. Signal boost the shit out of this so we can get her home. http://t.co/8JMu8VljI8,not_cyberbullying,not_cyberbullying,none,helpful,none,"This tweet is a genuine request for help and support, with no intent to harm or harass.",True,0.0,,,0,not_cyberbullying,not_cyberbullying,not_cyberbullying,not_cyberbullying,0
411,She feels it’s ok to make lame jokes about how jailed prisoners ‘are gay?’ This from someone who’s herself gay & knows that making light of anal sex in jail is staple fodder for anti-gay zealots everywhere?! Outrageous. This is like a sexual assault survivor making rape jokes.,gender,gender,LGBTQ+ individuals,harmful,high,"The tweet implies that being gay is a joke and uses stereotypes about gay people in prison, perpetuating negative attitudes towards the LGBTQ+ community.",True,0.9,rape,gender,1,gender,gender,gender,gender,1
412,But a whole million for a GTi? Nah fam that nigger dumb as fuck. Id rather buy a performance pack GTi and an Audi S3 with that money.,ethnicity,ethnicity,African Americans,harmful,high,The tweet contains a racial slur and a derogatory statement targeting African Americans.,True,0.9,dumb|nigger,ethnicity,1,ethnicity,ethnicity,ethnicity,ethnicity,1
413,K! Now I see why coaches get mad when the players go out late at night. #Exhausted,not_cyberbullying,other_cyberbullying,none,harmful,low,"The tweet implies criticism and judgment towards players, potentially causing emotional distress, but it does not target a specific group.",True,0.215,,,0,not_cyberbullying,other_cyberbullying,other_cyberbullying,other_cyberbullying,1
414,"Yep, that's the case for several girls I met or know. Some go the other way and consciously copy everything they can to be the ""best"" at high-status hyper-femininity things so they become too cool to be bullied. Almost become a trend setter so people copy them instead.",age,gender,girls/women,harmful,low,"The tweet implies that girls/women engage in hyper-femininity to avoid being bullied, perpetuating a negative stereotype.",True,0.0,,,0,not_cyberbullying,gender,gender,gender,1
415,Nope! Coons are what southern racist white ppl called all Black People. You’re talking about a House Negro. Just saying,ethnicity,ethnicity,Black People,harmful,high,The tweet uses a racial slur and makes a derogatory comparison to target Black people.,True,0.661,coon|negro,ethnicity,1,ethnicity,ethnicity,ethnicity,ethnicity,1
416,This is like. If you have a little sibling and you give them shit because they’re annoying and make your life miserable but all of a sudden the school bully starts picking on them and you’re like. Wait hold on. Only I can do that. Back off. That’s how I feel about Trump and TW rn,age,other_cyberbullying,Trump supporters,harmful,medium,"The tweet uses a metaphor to express frustration and aggression towards Trump supporters, implying they should be excluded or silenced.",True,0.203,,,0,not_cyberbullying,other_cyberbullying,other_cyberbullying,other_cyberbullying,1
417,"@KivaBay that's usually how it goes. a word of advice? screen cap all the awesome. print it out, or keep it in a folder for bad days.",other_cyberbullying,not_cyberbullying,none,neutral,none,"The tweet is a supportive and encouraging message, offering advice and a suggestion for self-care.",True,0.0,,,0,not_cyberbullying,not_cyberbullying,not_cyberbullying,not_cyberbullying,0
418,girls who bullied you in high school be like: why doesn’t everyone just try being KIND to others,age,gender,women,harmful,low,"The tweet targets women who bullied the author in high school, implying they are not kind.",True,0.0,,,0,not_cyberbullying,gender,gender,gender,1
419,First bus ride as a Warrior and I get my phone! #eatshitsunshine!,not_cyberbullying,not_cyberbullying,none,neutral,none,"The tweet appears to be a celebratory post about a new school or sports team affiliation, with no apparent intent to harm or harass.",True,0.0,,,0,not_cyberbullying,not_cyberbullying,not_cyberbullying,not_cyberbullying,0
420,prison rape jokes also reinforce stereotypes that gay men & black men (the majority of the prison population) are sexually predatory,gender,gender,gay men and black men,harmful,medium,"The tweet perpetuates negative stereotypes and implies that gay men and black men are more likely to be sexually predatory, which is a form of harassment and bullying.",True,0.9,rape,gender,1,gender,other_cyberbullying,gender,other_cyberbullying,1
421,Dumb T- fine We gon call ha ugly so he put his head up nd like 10 mins later dis bitch sees him U- omg tt us that youu Nd I turned nd I didn't know what his ex looked like nd ion care if he has female friends T- hi Casey M- whose this babes U- Casey his ex M- hi.,gender,other_cyberbullying,none,harmful,high,"The tweet contains derogatory language and mocking tone, targeting an individual's personal life and relationships, but not based on any protected characteristic.",True,0.7,bitch|dumb|ugly,other_cyberbullying,1,other_cyberbullying,other_cyberbullying,other_cyberbullying,other_cyberbullying,1
422,"Years ago? He's a narcissistic, public school big head & bully, (albeit it'd be easy to knock him out etc.), who regularly refers to a couple of prominent Brexiteers, e.g. Digby Jones & Mark Francois, as fat, dumpy etc. I despise O'Brien.",age,other_cyberbullying,public figures,harmful,high,"The tweet contains derogatory language and a threat of physical violence against a public figure, O'Brien.",True,0.143,,,0,not_cyberbullying,other_cyberbullying,other_cyberbullying,other_cyberbullying,1
423,"P.s. Never feel guilty for telling teachers & for getting bullies in trouble. They’ll try to pretend they were joking to get away with it & to make you feel bad, don’t fall for it. I also think bullies should be removed from schools until they can learn to behave themselves.",age,other_cyberbullying,bullies,harmful,medium,"The tweet targets bullies, implying they should be removed from schools, which can be perceived as a form of online harassment.",True,0.156,,,0,not_cyberbullying,other_cyberbullying,other_cyberbullying,other_cyberbullying,1
424,@stefapie i don't like chocolate. :(,other_cyberbullying,not_cyberbullying,none,neutral,none,The tweet expresses a personal preference and does not contain any bullying or harassment language.,True,0.0,,,0,not_cyberbullying,not_cyberbullying,not_cyberbullying,not_cyberbullying,0
425,I'm not saying every black person is a nigger but the trashy thugs are. It's disgusting what this world has come to bc of them.,ethnicity,ethnicity,black people,harmful,high,"This tweet uses a racial slur and makes a derogatory generalization about a racial group, indicating a high level of harm and intensity.",True,0.9,nigger|trash,ethnicity,1,ethnicity,ethnicity,ethnicity,ethnicity,1
426,Imagine a black woman getting pregnant by a white man she let call her nigger while fucking smh disgusting,ethnicity,ethnicity,black women,harmful,high,"The tweet contains a racial slur and targets black women with derogatory language, indicating a high level of harm.",True,0.9,nigger,ethnicity,1,ethnicity,ethnicity,ethnicity,ethnicity,1
427,I mean some friends do some gay shit as jokes so i guess it's fine as long as you don't rape me tbh,gender,gender,LGBTQ+ individuals,harmful,high,"The tweet contains a derogatory term and a threat of violence, implying a hostile and discriminatory attitude towards LGBTQ+ individuals.",True,0.9,rape,gender,1,gender,gender,gender,gender,1
428,Back at good old HRC tonight! time to bully @KatieHalliday haha,not_cyberbullying,other_cyberbullying,none,harmful,low,"The tweet contains a lighthearted but still hurtful reference to 'bullying' in a joking manner, which could be perceived as dismissive or trivializing of actual bullying.",True,0.0,,,0,not_cyberbullying,other_cyberbullying,other_cyberbullying,other_cyberbullying,1
429,OMG SHUT UP DRASKO AND BIANCA #MKR #FINALFIVE,other_cyberbullying,other_cyberbullying,none,harmful,high,"The tweet contains aggressive language and a demand to shut up, indicating a high level of hostility and intent to harm.",True,0.233,shut up,other_cyberbullying,0,not_cyberbullying,other_cyberbullying,other_cyberbullying,other_cyberbullying,1
430,"Vele Lol @Djranx Khaba lenja!RT @BosSsDj:Me and the crew just caught a nigger tryna jack a car and gave him a beating at rosebank,Dumb Fuck!",ethnicity,ethnicity,black people,harmful,high,"The tweet contains a racial slur, indicating a high level of harm and intent to harass.",True,0.9,dumb|nigger,ethnicity,1,ethnicity,ethnicity,ethnicity,ethnicity,1
431,"I don’t think I ever heard the term “gamer girl” until after high school either, so I was never bullied for that as a teen",age,not_cyberbullying,none,neutral,none,The tweet is a personal reflection on the author's experience and does not contain any bullying or harassing language.,True,0.0,,,0,not_cyberbullying,not_cyberbullying,not_cyberbullying,not_cyberbullying,0
432,"No one ever writes a book called ""Men, Stop Being an Asshole in Relationships"" or ""She Just Wants to Be Treated Like a Human Being for Once""",not_cyberbullying,gender,men,harmful,high,"The tweet implies that men are inherently problematic in relationships, perpetuating a sexist stereotype.",True,0.068,,,0,not_cyberbullying,gender,gender,gender,1
433,"Freedom of speech does not mean it's okay to joke about rape, use derogatory terms and talk about killing gay peeps. https://twitter.com/lilcuteybunny/status/630200717957967876",gender,gender,LGBTQ+ individuals,harmful,high,"The tweet targets LGBTQ+ individuals with derogatory terms and mentions violence, indicating a high level of harm.",True,0.9,rape,gender,1,gender,gender,gender,gender,1
434,RT @pulpark: Possible Solutions to the Problem of the Public's General Lack of Knowledge About Islam http://t.co/t6C5Ur1Swe #Mo #tcot #sioa…,not_cyberbullying,not_cyberbullying,none,neutral,none,This tweet shares a link to an article about Islam and does not contain any bullying or harassing language.,True,0.153,,,0,not_cyberbullying,not_cyberbullying,not_cyberbullying,not_cyberbullying,0
435,“not all muslims are from islam you idiot” i love her i rlly do,religion,other_cyberbullying,none,harmful,low,"The tweet contains a derogatory term and a condescending tone, but the primary intent is to mock or ridicule the original statement rather than target a specific group.",True,0.467,idiot|muslims are,religion,1,religion,other_cyberbullying,other_cyberbullying,other_cyberbullying,1
436,My schools bully shat himself,age,other_cyberbullying,none,harmful,low,"The tweet contains a derogatory term to insult someone, but it's not targeting a specific group based on religion, age, gender, or ethnicity.",True,0.148,,,0,not_cyberbullying,other_cyberbullying,other_cyberbullying,other_cyberbullying,1
437,It was such a pleasure to catch up with my mentor and former boss Colin Fassnidge. #MKR #4InHand #Fourfourteen... http://t.co/ckSSefyifz,not_cyberbullying,not_cyberbullying,none,neutral,none,This tweet is a friendly and innocuous post about catching up with a former boss and colleague.,True,0.0,,,0,not_cyberbullying,not_cyberbullying,not_cyberbullying,not_cyberbullying,0
438,"@ThelmaSleaze there's also another WoC in that video. i really don't think you watched it. faux outrage is in, though.",other_cyberbullying,gender,women of color,harmful,medium,"The tweet targets women of color with a condescending tone, implying they are faking outrage.",True,0.153,,,0,not_cyberbullying,gender,gender,gender,1
439,Every single one is a girl that would have bullied me in high school.,age,gender,girls,harmful,medium,"The tweet targets girls and implies they are inherently bullies, perpetuating a sexist stereotype.",True,0.187,,,0,not_cyberbullying,gender,gender,gender,1
440,@terryocarroll but i've seen tank girl. :P,other_cyberbullying,not_cyberbullying,none,neutral,none,"The tweet is a lighthearted and playful response to a previous message, referencing a movie and using a smiley face to convey a friendly tone.",True,0.0,,,0,not_cyberbullying,not_cyberbullying,not_cyberbullying,not_cyberbullying,0
441,Muslims fighting for a Christian woman’s right just showcases their values and nothing more. Your comments represents your religious sentiments...,religion,other_cyberbullying,Muslims,harmful,medium,"The tweet implies that Muslims are hypocritical and their actions are driven by their religious sentiments, which is a form of subtle criticism and belittling.",True,0.0,,,0,not_cyberbullying,other_cyberbullying,other_cyberbullying,other_cyberbullying,1
442,My old primary school bully liked my TikTok How ya doing,age,not_cyberbullying,none,neutral,none,"The tweet is a neutral, friendly comment about a past acquaintance.",True,0.031,,,0,not_cyberbullying,not_cyberbullying,not_cyberbullying,not_cyberbullying,0
443,"@PsychBarakat @PhilipMills8 @jncatron No, it's anti semitism.  This Palestinian leader clearly tells you that it is a religious war by....",religion,ethnicity,Jews,harmful,medium,"The tweet contains a reference to anti-Semitism and targets the Jewish community, indicating a medium-level intensity of harmful intent.",True,0.163,,,0,not_cyberbullying,ethnicity,ethnicity,ethnicity,1
444,Schilling can’t resist hitting Twitter to defend a Congressman’s right to call one of his female peers a “fucking bitch.” Strange thing to feel the need to defend. How’s your video game company going Curt?,gender,gender,women,harmful,high,"The tweet targets a female peer with a misogynistic slur, indicating a high level of harm.",True,0.294,bitch,gender,0,not_cyberbullying,gender,gender,gender,1
445,"@MaDaSaHaTtEr_17 @buttercupashby Another lie about the ""few bad seed"" All the polls show Muslim extremism. http://t.co/XIHmeTALon",religion,ethnicity,Muslims,harmful,medium,"The tweet targets Muslims with a negative stereotype and references 'extremism', implying a connection between the religion and violent behavior.",True,0.163,,,0,not_cyberbullying,ethnicity,ethnicity,ethnicity,1
446,#MileyCyrus Miley Cyrus Shocks With Insensitive 'Date Rape Joke' And 'Gay Comments' [WATCH VIDEO] http://ift.tt/1l1jjlf,gender,gender,LGBTQ+ individuals,harmful,high,"The tweet targets LGBTQ+ individuals with derogatory comments and implies a connection to a joke about date rape, which is a serious issue.",True,0.9,rape,gender,1,gender,gender,gender,gender,1
447,"Luca it honestly feels like hell during the time but everything passes. School is over before you know it. Play the game of school politics, once you leave you never have to see your bullies again. Find strength in your strengths and hobbies and the ppl who love you. Xxxxx",age,not_cyberbullying,none,neutral,none,"The tweet offers words of encouragement and advice to Luca, without any negative or harassing content.",True,0.0,,,0,not_cyberbullying,not_cyberbullying,not_cyberbullying,not_cyberbullying,0
448,"If white people suddenly want to call Blacks ""Negroes"" at this moment in history, it can only be an example of color aroused antagonism. I'd gladly be called a ""Negro"" IF whites would acknowledge that Negroes are not from a distinct ""race"" or subspecies from whites and others.",ethnicity,ethnicity,Blacks,harmful,medium,"The tweet uses a potentially derogatory term and implies that whites are motivated by antagonism towards Blacks, which could be perceived as racist.",True,0.249,negro,ethnicity,0,not_cyberbullying,ethnicity,ethnicity,ethnicity,1
449,christian girls posting “be kind” on their stories are the ones who bullied me in high school,age,gender,women,harmful,medium,The tweet targets women based on their gender and implies they are hypocritical and capable of bullying.,True,0.187,,,0,not_cyberbullying,gender,gender,gender,1
450,Yeah same. U people can't tolerate india growth and hate india. But ur islamic terrorism don't have any rights to speak about India? First stop supporting terrorism. Pakistan is islamic terrorism big threat to world,religion,ethnicity,Pakistanis,harmful,high,"The tweet contains a racist slur and attacks Pakistanis, implying they are a threat to the world due to their Islamic faith.",True,0.528,paki,ethnicity,1,ethnicity,ethnicity,ethnicity,ethnicity,1
451,"@BigOleFiggletin I can remember when My Muslim brother 'Khabib' embarrassed mcgregor in front of thousands of people, what is your achievement, who are you, I know you are a liar and a loser with pathetic mentality and a fat idiot.",religion,other_cyberbullying,Muslims,harmful,high,"The tweet contains a derogatory term and insults targeting Muslims, with a high level of intensity and intent to harm.",True,0.984,idiot|loser|pathetic,other_cyberbullying,1,other_cyberbullying,ethnicity,other_cyberbullying,ethnicity,1
452,Why your brother from Bangladesh and mynamar come to India.They are the worst poorest on Earth.Why do you want to go to Europe because muslims made their own country hell by terrorism. You idiot don't know about hindi it is from Sanskrit the oldest of all languages.,religion,other_cyberbullying,people from Bangladesh and Myanmar,harmful,high,"The tweet contains racist and xenophobic language, targeting people from specific countries and implying they are inferior.",True,0.524,idiot,other_cyberbullying,1,other_cyberbullying,ethnicity,other_cyberbullying,ethnicity,1
453,Girls who graffiti bar bathroom stalls were bullied in high school. Sorry I don’t make the rules.,age,gender,women,harmful,low,"The tweet implies that women who engage in certain behaviors are being judged and criticized, perpetuating a stereotype that women are more likely to be targeted for bullying.",True,0.198,,,0,not_cyberbullying,gender,gender,gender,1
454,"I specifically noted this issue is bigger than Mark Kern throwing out his nerd cred and saying his opinion is more important because of it. This is the same guy who bashed on a female celebrity because he was bullied IN HIGH SCHOOL by girls, and as such he says they aren't gamers",age,other_cyberbullying,none,harmful,medium,"The tweet contains a personal attack and implies hypocrisy, targeting Mark Kern's credibility and past behavior, but not a specific protected group.",True,0.191,,,0,not_cyberbullying,other_cyberbullying,other_cyberbullying,other_cyberbullying,1
455,Anti-feminist YouTuber doubles down on vile Jess Phillips rape joke while leaping to the defence of a gay men’s rights activist,gender,gender,women,harmful,high,"The tweet targets Jess Phillips, a woman, with a rape joke and implies sexism in her actions.",True,0.9,rape,gender,1,gender,gender,gender,gender,1
456,"@BieberNiggas ok, thanks. it's just i was bullied for being skinny, and forced myself to drink gross weight-gain shakes 5 times a day!",other_cyberbullying,other_cyberbullying,people who are skinny or have a low body weight,harmful,high,"The tweet shares a personal experience of bullying and weight gain, potentially triggering or shaming others who are skinny or have a low body weight.",True,0.247,,,0,not_cyberbullying,other_cyberbullying,other_cyberbullying,other_cyberbullying,1
457,@dazzacamilo shares Australia PM announces new counterterror measures: Tony Abbott says st... http://t.co/1DMZ7nxqa3 by @AJEnglish #arab,other_cyberbullying,ethnicity,Arabs,harmful,low,"The tweet links to an article about counterterror measures with a hashtag #arab, which could be perceived as targeting Arabs.",True,0.0,,,0,not_cyberbullying,ethnicity,ethnicity,ethnicity,1
458,RT @J_Cassinelli In 1814 women had no rights. In 1914 women fought for rights. In 2014 women were always right. It's a new year. #notsexist,gender,gender,women,harmful,low,"The tweet implies that women are always right, which can be perceived as condescending and perpetuating a stereotype.",True,0.396,sexist,gender,1,gender,gender,gender,gender,1
459,@alphadogg__ E depois você sofreria bullying facilmente também... Põe alphadog :),not_cyberbullying,other_cyberbullying,none,harmful,low,"The tweet is making a derogatory comment about someone's username, implying they would be easily bullied.",True,0.068,,,0,not_cyberbullying,other_cyberbullying,other_cyberbullying,other_cyberbullying,1
460,"muslim people embarrass me. you idiots use this “what about the middle east” buIIshit everytime blm is bought up, as if somalia was not one of the hardest hit countries due to bombing. don’t use the struggles of middle eastern people to hid the fact that you are RACIST.",religion,other_cyberbullying,none,harmful,high,"The tweet contains aggressive language and accusations of racism, but the primary target is not a specific group, rather the behavior of individuals who use a certain argument.",True,0.487,idiot,other_cyberbullying,1,other_cyberbullying,other_cyberbullying,other_cyberbullying,other_cyberbullying,1
461,Why do people think that being Muslim is a race? Lmaoo you guys are idiots,religion,other_cyberbullying,Muslims,harmful,high,"The tweet uses derogatory language and mocking tone to insult and belittle Muslims, indicating a high level of cyberbullying.",True,0.233,idiot,other_cyberbullying,0,not_cyberbullying,other_cyberbullying,other_cyberbullying,other_cyberbullying,1
462,"Honestly really happy that I still enjoy the Mighty Boosh as much if not more than I did as a teenager. It's good when things hold up. Shame about the blackface though. And the gay jokes. And the trans jokes. And the rape jokes. And them using the word ""retard"". Ahhh, the 2000s.",gender,gender,"people with disabilities, LGBTQ+ individuals, and marginalized groups",harmful,high,"The tweet criticizes the Mighty Boosh for its outdated and hurtful content, specifically targeting people with disabilities, LGBTQ+ individuals, and marginalized groups with derogatory language and jokes.",True,0.9,rape,gender,1,gender,other_cyberbullying,gender,other_cyberbullying,1
463,@azharyogaswara mana arsenal lo ry? Cuman jadi bahan bully an wkakaka,not_cyberbullying,other_cyberbullying,none,harmful,medium,"The tweet contains a derogatory term and a threat of bullying, indicating a medium-level intensity of harassment.",True,0.148,,,0,not_cyberbullying,other_cyberbullying,other_cyberbullying,other_cyberbullying,1
464,"@tbtrill ..costumes (dumb as fuck), held a rally, then someone passing by said nigger and everyone lost their minds.",ethnicity,ethnicity,African Americans,harmful,high,"The tweet contains a racial slur, indicating a high level of harm and intent to offend.",True,0.9,dumb|nigger,ethnicity,1,ethnicity,ethnicity,ethnicity,ethnicity,1
465,Sending someone to jail for stealing tylenol is pretty ridiculous.,not_cyberbullying,other_cyberbullying,none,harmful,low,"The tweet is criticizing a perceived injustice, but its tone is confrontational and dismissive.",True,0.138,,,0,not_cyberbullying,other_cyberbullying,other_cyberbullying,other_cyberbullying,1
466,that meme about mean girls in school becoming nurses is 100% true because this girl who bullied me and hated me from elementary school-high school is a nurse at my aunts care facility now.,age,other_cyberbullying,none,harmful,high,"The tweet contains a personal, hurtful anecdote about bullying, but does not target a specific group based on religion, age, gender, or ethnicity.",True,0.153,,,0,not_cyberbullying,other_cyberbullying,other_cyberbullying,other_cyberbullying,1
467,@LyndseyBoo wow!! Leave lyndsey phone alone!!! #bully's! #pervs,other_cyberbullying,gender,women,harmful,high,"The tweet contains derogatory language and hashtags targeting women, implying they are vulnerable to harassment or abuse.",True,0.0,,,0,not_cyberbullying,gender,gender,gender,1
468,RT @ChristineLockw2: Twitter makes me laugh....Better than the series ;)))))) Very funny 👏👏👏👏👏  #MKR,not_cyberbullying,not_cyberbullying,none,neutral,none,"The tweet is a positive, lighthearted comment about a TV series, with no indication of bullying or harassment.",True,0.0,,,0,not_cyberbullying,not_cyberbullying,not_cyberbullying,not_cyberbullying,0
469,@IAmThe1Teacher Tell it to the Islamofascists.,religion,ethnicity,Muslims,harmful,high,"This tweet uses a derogatory term to target Muslims, implying a connection to terrorism and extremism.",True,0.0,,,0,not_cyberbullying,ethnicity,ethnicity,ethnicity,1
470,MRN. http://t.co/R9Sv0ogFQn,not_cyberbullying,other_cyberbullying,none,harmful,high,"The tweet contains a link to a potentially derogatory or harassing content, indicating a high level of harmful intent.",True,0.0,,,0,not_cyberbullying,other_cyberbullying,other_cyberbullying,other_cyberbullying,1
471,"Oh, no. Please don't sue me. I'm shaking in my bright pink UA sneakers. https://t.co/zn5tktwG7P",not_cyberbullying,other_cyberbullying,none,harmful,low,"The tweet contains a veiled threat and mocking tone, but no specific targeting of a protected group.",True,0.0,,,0,not_cyberbullying,other_cyberbullying,other_cyberbullying,other_cyberbullying,1
472,"RT @gabronies I'm not sexist, but I cannot picture Thor being anything else then the character HE is now.",gender,gender,women,harmful,low,"The tweet implies that Thor should be male, perpetuating a stereotype that women cannot play male roles.",True,0.233,sexist,gender,0,not_cyberbullying,gender,gender,gender,1
473,YOU NIGGER IT WASNT INDISPUTABLE DUMB FUCK I SHOULD BST A NUT ON YOUR WIFEY AND KIDS NOW LOL RT @MikeHillESPN: ARE YOU SERIOUS????,ethnicity,ethnicity,African Americans,harmful,high,"The tweet contains a racial slur and a threat, indicating a high level of harm and intensity.",True,0.9,dumb|nigger,ethnicity,1,ethnicity,ethnicity,ethnicity,ethnicity,1
474,"Some people find that stuff funny, even if its not comedy and who can tell them not to like it? Rape jokes, gay jokes, and jokes about poc are great when done right. Its not haha rape is funny. For dark humour to work, you have to be aware that these types of things are bad",gender,gender,LGBTQ+ individuals and women,harmful,medium,"The tweet contains a reference to 'gay jokes' and implies that they can be acceptable when done 'right', which can be perceived as trivializing and perpetuating homophobic attitudes.",True,0.9,rape,gender,1,gender,gender,gender,gender,1
475,"Yall wanna know how deep racism is in this country? I know a black nurse that works with Alzheimer’s patients, and they forget EVERYTHING. I’m talking names, dates, their own family...but you know what they nevrt forget? Using nigger or colored girl when talking to her...smh",ethnicity,ethnicity,African Americans,harmful,high,"The tweet contains a racial slur and perpetuates racist stereotypes, targeting African Americans with derogatory language.",True,0.9,nigger,ethnicity,1,ethnicity,ethnicity,ethnicity,ethnicity,1
476,"@tayyoung_: FUCK OBAMA, dumb ass nigger Ha you mad..... OH OKAY LOL",ethnicity,ethnicity,African Americans,harmful,high,"The tweet contains a racial slur and a derogatory term, indicating a high level of harm and intent to offend.",True,0.9,dumb|nigger,ethnicity,1,ethnicity,ethnicity,ethnicity,ethnicity,1
477,he is our generations donald glover except gay and did not spend his early 20s making rape jokes and is socially aware and makes an effort to not offend with his jokes,gender,gender,LGBTQ+ individuals,harmful,low,"The tweet implies that the person's sexual orientation is a negative aspect of their character, comparing them unfavorably to someone who has made rape jokes.",True,0.9,rape,gender,1,gender,gender,gender,gender,1
478,If a Man RAPE Another Man: GAY.. . . . . . . . If a Man RAPE 11 Men: #GAYLE #joke,gender,gender,men who have sex with men,harmful,high,"The tweet uses rape as a punchline to mock and demean men who have sex with men, implying that they are gay due to their sexual behavior.",True,0.9,rape,gender,1,gender,gender,gender,gender,1
479,"Sir Stone pelting Allah hu akbar krte hue, Saare terrorists grp like jaish e mohammad means army of mohammad lashkar, Isis flag says la illaha illallah and shit. These Maulvis asking to violate lockdown are doing that on the name of quran and Allah. why to cover all these facts?",religion,religion,Muslims,harmful,high,"The tweet uses derogatory language and stereotypes to attack Muslims and their faith, while also making inflammatory accusations.",True,0.957,allah|isis|terrorist,religion,1,religion,other_cyberbullying,religion,other_cyberbullying,1
480,the gay superhero shit and the rape hero had me weak. Like how nigga even come up with these jokes,gender,ethnicity,none,harmful,high,"The tweet expresses disgust and mocks the creativity of others, but does not target a specific group or individual.",True,0.9,nigga|rape,ethnicity,1,ethnicity,other_cyberbullying,ethnicity,other_cyberbullying,1
481,@radarecho Ain't that the truth....Have fun!!!,not_cyberbullying,not_cyberbullying,none,neutral,none,"The tweet appears to be a lighthearted and playful response, lacking any intent to harm or harass.",True,0.0,,,0,not_cyberbullying,not_cyberbullying,not_cyberbullying,not_cyberbullying,0
482,"Kat and Andre, I really hope you are eliminated next  #mkr #feistyfoodies #badsports",not_cyberbullying,other_cyberbullying,none,harmful,low,"The tweet expresses a desire for the individuals to be eliminated from a competition, implying a negative and competitive intent.",True,0.0,,,0,not_cyberbullying,other_cyberbullying,other_cyberbullying,other_cyberbullying,1
483,RT @AlejandroDaGr8: Amazing how a deadly criminal mastermind assassin who can escape from cuffs in seconds got caught by two Paul Blarts.,other_cyberbullying,other_cyberbullying,none,harmful,high,"The tweet is a derogatory comparison, implying that the person being referred to is incompetent and inept, which is a form of harassment.",True,0.0,,,0,not_cyberbullying,other_cyberbullying,other_cyberbullying,other_cyberbullying,1
484,"@all the girls who bullied me in high school, what’s up with it now",age,gender,women,harmful,low,"The tweet targets women and implies past bullying, which can be perceived as a form of harassment.",True,0.187,,,0,not_cyberbullying,gender,gender,gender,1
485,#MileyCyrus Miley Cyrus makes date rape joke onstage at GAY http://ift.tt/1skdYZ0,gender,gender,Miley Cyrus,harmful,high,"The tweet is a form of harassment and ridicule towards Miley Cyrus, using a link to a news article as a means to mock her.",True,0.9,rape,gender,1,gender,other_cyberbullying,gender,other_cyberbullying,1
486,@MorseLyA hehe. That was actually super helpful! I'm saving for later so I can review and think about it.,other_cyberbullying,not_cyberbullying,none,neutral,none,The tweet is a positive and appreciative response to someone's content.,True,0.0,,,0,not_cyberbullying,not_cyberbullying,not_cyberbullying,not_cyberbullying,0
487,"Fuck you, fuck you very very mu~ch, Lily Allen. Your latest video is racist and awful and does nothing to promote ""feminism."" Christ.",not_cyberbullying,gender,women,harmful,high,"The tweet contains a misogynistic tone and a derogatory phrase, targeting Lily Allen as a woman.",True,0.283,,,0,not_cyberbullying,gender,gender,gender,1
488,CONADET: Disco praise,not_cyberbullying,not_cyberbullying,none,neutral,none,"This tweet appears to be a celebratory or congratulatory message, likely referring to a sports or cultural event, and does not contain any bullying or harassing language.",True,0.0,,,0,not_cyberbullying,not_cyberbullying,not_cyberbullying,not_cyberbullying,0
489,"@_Hermit_Thrush_ hey herm don't retweet me amidst a bunch of people making gay jokes and rape threats, thanks",gender,gender,LGBTQ+ individuals,harmful,high,"The tweet contains a request to avoid retweeting amidst a context of gay jokes and rape threats, implying a hostile environment for LGBTQ+ individuals.",True,0.9,rape,gender,1,gender,gender,gender,gender,1
490,"Well lol, I'm not THAT old. So it was already a well established fact at that point...if anything, it's very much been eroded as a right in the past 10-15 years or so. So I had no memory of it not being available. But I knew that a lot of older Black folks were actually opposed.",ethnicity,other_cyberbullying,none,harmful,low,"The tweet implies ageism by contrasting 'older Black folks' with the speaker, but the tone is more condescending than aggressive.",True,0.0,,,0,not_cyberbullying,other_cyberbullying,other_cyberbullying,other_cyberbullying,1
491,"And you guys are the wannabe in the world school who can able to get famous no matter how hard he try, so they start licking balls of the famous/bully kids to get some attention #india_suck_balls",age,ethnicity,people from India,harmful,high,"The tweet contains a racist slur targeting people from India, with a high level of intent to harm and insult.",True,0.036,,,0,not_cyberbullying,ethnicity,ethnicity,ethnicity,1
492,@Clashoftherats Liar. Those Hadith come from the USC Muslim student association Hadith web site. And here is more. http://t.co/v9w4T4izgk,religion,other_cyberbullying,none,harmful,medium,"The tweet is accusatory and confrontational, targeting someone's credibility and implying dishonesty, but it does not contain any explicit attacks on a protected group.",True,0.153,,,0,not_cyberbullying,other_cyberbullying,other_cyberbullying,other_cyberbullying,1
493,"#mkr Was out shopping so I just caught up on the Ep. Does anyone think ""bobble head"" when they see Lloyd? Kat- still a cunt,still can't cook",gender,gender,women,harmful,high,The tweet contains a derogatory and misogynistic slur ('cunt') directed at a female individual.,True,0.9,cunt,gender,1,gender,gender,gender,gender,1
494,"Whenever you joke about the gay community, pitbulls, domestic violence, rape culture, and/or racism, I will call you out. Deal with it.",gender,gender,none,harmful,high,"The tweet is a warning to others that they will be called out for making jokes about sensitive topics, which can be perceived as aggressive and intimidating.",True,0.9,rape,gender,1,gender,other_cyberbullying,gender,other_cyberbullying,1
495,He puts a statement and people in the comments section are debating if he meant muslims or kashmiri pandits. He meant both you idiots and therein lies the problem.,religion,other_cyberbullying,none,harmful,high,"The tweet uses aggressive language and insults ('idiots') to express frustration and criticism, but does not target a specific group based on religion, age, gender, or ethnicity.",True,0.434,idiot,other_cyberbullying,1,other_cyberbullying,other_cyberbullying,other_cyberbullying,other_cyberbullying,1
496,I was legit screaming my lungs out!!!!  Fuck I HATE THIS!! ð­ https://t.co/mjhdnrMOHX,other_cyberbullying,not_cyberbullying,none,neutral,none,"The tweet expresses frustration and anger, but does not target any specific group or individual.",True,0.27,,,0,not_cyberbullying,not_cyberbullying,not_cyberbullying,not_cyberbullying,0
497,Or the support radical Christians give to Saudi Arabia. And the weapons we sell them to murder Muslims. Or the tens of thousands of civilians killed by the failed war in Afghanistan.,religion,other_cyberbullying,"radical Christians, Muslims, civilians",harmful,high,"The tweet targets specific groups with accusations of violence and murder, promoting a negative and accusatory tone.",True,0.287,,,0,not_cyberbullying,other_cyberbullying,other_cyberbullying,other_cyberbullying,1
498,"@ummsuhaym @logicalmind11 This would be another good example of terrorism.  Control through fear, violence, brutality http://t.co/9yklLhS1G6",religion,other_cyberbullying,none,harmful,high,"The tweet accuses a specific individual of terrorism, implying violent and harmful behavior, without providing context or evidence.",True,0.28,,,0,not_cyberbullying,other_cyberbullying,other_cyberbullying,other_cyberbullying,1
499,RT @RenoLace: Holy fuck the Hardy Boys!!!! #WrestleMania,other_cyberbullying,not_cyberbullying,none,neutral,none,"The tweet is a casual expression of surprise or frustration, without any intent to harm or target a specific group.",True,0.136,,,0,not_cyberbullying,not_cyberbullying,not_cyberbullying,not_cyberbullying,0
500,he got his start with rape jokes and using gay slurs a lot so hes always been trash,gender,gender,LGBTQ+ individuals,harmful,high,"The tweet contains a gay slur, which is a derogatory term targeting the LGBTQ+ community.",True,0.9,rape|trash,gender,1,gender,gender,gender,gender,1
501,I don't give a damn about pride month or gay slang because my sexuality doesn't define my interests or the way I speak Also you think I owe anything to some random black trans woman on the street because she happens to share the skin color/gender identity as past activists? No.,ethnicity,gender,LGBTQ+ individuals,harmful,high,"The tweet contains derogatory language and dismissive tone towards the LGBTQ+ community, particularly targeting individuals who identify as gay and black trans women.",True,0.0,,,0,not_cyberbullying,gender,gender,gender,1
502,"rape is not a joke, neither is suicide, gay is not an insult, and the ""R word"" should not be used under any circumstance. got it? good.",gender,gender,LGBTQ+ individuals,educational,high,"The tweet explicitly addresses and corrects derogatory language targeting the LGBTQ+ community, aiming to raise awareness and prevent harm.",True,0.9,rape,gender,1,gender,gender,gender,gender,1
503,Being called racial slurs is better than having your stuff stolen and vandalized all the time and being knocked around and hit and tripped constantly. The school would even fine my parents for “lost” textbooks even though said books were stolen or destroyed by bullies.,age,other_cyberbullying,victims of bullying,harmful,high,"The tweet describes a pattern of severe physical and emotional bullying, but does not contain any specific attacks or slurs targeting a protected group.",True,0.213,,,0,not_cyberbullying,other_cyberbullying,other_cyberbullying,other_cyberbullying,1
504,@Salon @TheMuslimGuy Objecting to this is what the PC morons of Salon call racism. http://t.co/pEPfxlLKfu,religion,ethnicity,Muslims,harmful,high,The tweet uses a derogatory term ('PC morons') to dismiss criticism of racism targeting Muslims.,True,0.459,moron,other_cyberbullying,1,other_cyberbullying,ethnicity,ethnicity,ethnicity,1
505,I got to be more active on twitter in fact I'm going to be more active,not_cyberbullying,not_cyberbullying,none,neutral,none,"The tweet is a statement about the user's intention to be more active on Twitter, with no apparent intent to harm or harass anyone.",True,0.0,,,0,not_cyberbullying,not_cyberbullying,not_cyberbullying,not_cyberbullying,0
506,"RT @guiltyx: ""@JillPantozzi: Please report this: https://t.co/IZmfm1cqQc"" Abuse of @Twitter API and privacy hack, @support @freebsdgirl @Th…",not_cyberbullying,other_cyberbullying,none,harmful,medium,"The tweet reports a privacy hack and abuse of Twitter API, which could be perceived as harassment or intimidation towards the platform's support team.",True,0.132,,,0,not_cyberbullying,other_cyberbullying,other_cyberbullying,other_cyberbullying,1
507,".@ArchSuriel ""I hope nobody notices my rape joke and gay joke that I made in the past week before I change my avatar to the red equal sign""",gender,gender,LGBTQ+ individuals,harmful,high,"The tweet contains a gay joke, which is a derogatory and hurtful comment targeting the LGBTQ+ community.",True,0.9,rape,gender,1,gender,gender,gender,gender,1
508,@BRIGHTPRIMATE @ChrisWarcraft give it time.❤️,other_cyberbullying,not_cyberbullying,none,neutral,none,"This tweet is a neutral, supportive message between two users.",True,0.0,,,0,not_cyberbullying,not_cyberbullying,not_cyberbullying,not_cyberbullying,0
509,"Gay, Transgender, and he had quite a few rape jokes some I'm gonna assume a lot of women",gender,gender,women,harmful,high,"The tweet contains a derogatory assumption about women and implies objectification, which is a form of gender-based harassment.",True,0.9,rape,gender,1,gender,gender,gender,gender,1
510,Her attitude is a common one these days - that anything other than total deference to black political preferences is racism. A reasonable person could look at the hash made by Democrat run cities in the past few months and decide life might not be better with them in power.,ethnicity,other_cyberbullying,Democrats/progressives,harmful,medium,"The tweet implies that people who hold certain political preferences are racist, which is a form of bullying and harassment.",True,0.228,,,0,not_cyberbullying,other_cyberbullying,other_cyberbullying,other_cyberbullying,1
511,@AdoreZoey: How u gone bring ur side bitch to a game where You know Ya gf friends at ?! 😩😩😩😩 I SWEAR!!!!!,gender,gender,women,harmful,high,"The tweet contains derogatory language and a reference to a romantic partner's female friends, implying sexism and misogyny.",True,0.491,bitch,gender,1,gender,gender,gender,gender,1
512,@TheDanaAddams http://t.co/gcOZosqtCJ,other_cyberbullying,other_cyberbullying,none,harmful,low,"The tweet appears to be a link to a potentially derogatory article, but the context is unclear without the linked content.",True,0.0,,,0,not_cyberbullying,other_cyberbullying,other_cyberbullying,other_cyberbullying,1
513,@RacistAfricans fuck up. You opinion is voided after your insensitive word choice. Dumb ass group. Nigger=ancient Egyptian for king.,ethnicity,ethnicity,African Americans,harmful,high,"The tweet uses a racial slur and makes a derogatory comment about a group's intelligence, indicating a high level of harm and intensity.",True,0.9,dumb|nigger,ethnicity,1,ethnicity,ethnicity,ethnicity,ethnicity,1
514,@PolitiBunny @crash_matrix @dsmyxe @AaronWorthing nope. didn't have you blocked. but thanks for letting me know that i should. :),other_cyberbullying,other_cyberbullying,none,harmful,low,"The tweet implies a threat of blocking, which can be perceived as a form of online harassment.",True,0.0,,,0,not_cyberbullying,other_cyberbullying,other_cyberbullying,other_cyberbullying,1
515,I forgot my snap story wasn't private and one of my high school bullies just watched the entire thing. Ma'am are you fucking lost ?,age,other_cyberbullying,none,harmful,high,The tweet contains a derogatory term ('Ma'am') used in a condescending manner to express contempt and mock the person's perceived foolishness.,True,0.114,,,0,not_cyberbullying,other_cyberbullying,other_cyberbullying,other_cyberbullying,1
516,Dalits and Muslims own some of the stores there..you idiot. Kaise kaise gadhe paal rakhe hai humne!!,religion,ethnicity,Dalits and Muslims,harmful,high,"The tweet contains derogatory language and casteist slurs targeting Dalits and Muslims, indicating a high level of harm and intensity.",True,0.412,idiot,other_cyberbullying,1,other_cyberbullying,ethnicity,ethnicity,ethnicity,1
517,There's always that one idiot in the class! STFU ðð,other_cyberbullying,other_cyberbullying,none,harmful,high,"The tweet uses aggressive language and a profanity to insult a classmate, but does not target a specific group based on religion, age, gender, or ethnicity.",True,0.4,idiot,other_cyberbullying,1,other_cyberbullying,other_cyberbullying,other_cyberbullying,other_cyberbullying,1
518,"okay so for context, lisa is a friend of mine who sorta gets bullied by some other girls cuz ""ShE's KoREaN"", ""xi jingpin xDDdDDDDDd"" and ""hAahahahaHaa weeb lolololl why is ur voice so high lmaooooooooo"", like bruh ur 17 or 16 the fuck is wrong w u",age,other_cyberbullying,Lisa and her perceived identity as a Korean,harmful,high,"The tweet contains multiple derogatory comments and slurs targeting Lisa's perceived identity and ethnicity, as well as age-based insults.",True,0.165,,,0,not_cyberbullying,other_cyberbullying,other_cyberbullying,other_cyberbullying,1
519,[110830/TRANS] Strong Heart - Donghae Being Bullied - vampiremochi: Awwww… Teukie hyung~~~ poor nano ~~~... http://t.co/JIAjHWj,not_cyberbullying,not_cyberbullying,none,neutral,none,"This tweet appears to be a supportive and affectionate message between fans, discussing a fictional storyline involving a celebrity.",True,0.0,,,0,not_cyberbullying,not_cyberbullying,not_cyberbullying,not_cyberbullying,0
520,@Marcus_Hokage @MasterrOfPuppet Astolfo Hitler?! Essa criança vai sofrer Bullying!!!!!,not_cyberbullying,other_cyberbullying,Marcus_Hokage,harmful,high,"The tweet is threatening and harassing, implying that the target will suffer bullying, and is not targeting a specific protected group.",True,0.217,,,0,not_cyberbullying,other_cyberbullying,other_cyberbullying,other_cyberbullying,1
521,"Idiot , the case has been seen by journalists. Your Pakistani sponsored terrorists have killed him. What tortures are done to Baluch Muslims by Pakistani Muslims?Chi chi Shame on you. I think you are not a genuine Muslim. Allah wants peace not terrorism.Tell your terror baps.",religion,religion,Pakistani Muslims,harmful,high,"The tweet contains racist and ethnic slurs targeting Pakistani Muslims, and makes generalizations about their faith and actions.",True,0.977,allah|idiot|paki|terrorist,religion,1,religion,ethnicity,religion,ethnicity,1
522,"Not all hindus voted them,or at least not because they will do this to muslims...and secondly calling an entire nation immoral,evil and inhumane..wow..just the same way of calling pak a terrorist nation..there are idiots on both sides of the border..i am sure you are not kashmiri",religion,religion,none,harmful,medium,"The tweet contains derogatory language and insults towards a nation and its people, but does not target a specific group based on religion, age, gender, or ethnicity.",True,0.625,idiot|terrorist,religion,1,religion,other_cyberbullying,religion,other_cyberbullying,1
523,wait the girl that bullied me in high school has a boyfriend and i don’t... it’s a cruel world people !!!!,age,other_cyberbullying,none,harmful,medium,"The tweet expresses hurt and resentment towards a past bullying experience, but does not target a specific group or individual.",True,0.263,,,0,not_cyberbullying,other_cyberbullying,other_cyberbullying,other_cyberbullying,1
524,@harmlesstree2 @MaxBlumenthal Not only them. Mohammed ejected the other 2 Jewish tribes from Medina and later slaughtered them at Khybar.,religion,ethnicity,Muslims,harmful,high,"The tweet contains a historical reference to a violent event targeting Jews, which is likely to be perceived as anti-Muslim hate speech.",True,0.0,,,0,not_cyberbullying,ethnicity,ethnicity,ethnicity,1
525,"@Gabe_Fox oh, no worries!",other_cyberbullying,not_cyberbullying,none,neutral,none,"This tweet is a friendly response to someone's concern, showing no signs of bullying or harassment.",True,0.0,,,0,not_cyberbullying,not_cyberbullying,not_cyberbullying,not_cyberbullying,0
526,"@tayyoung_: FUCK OBAMA, dumb ass nigger you made bro",ethnicity,ethnicity,African Americans,harmful,high,"The tweet contains a racial slur targeting African Americans, indicating a high level of harm and intent to offend.",True,0.9,dumb|nigger,ethnicity,1,ethnicity,ethnicity,ethnicity,ethnicity,1
527,Nope biggest mistake ever . 4 year college degree mandatory . Brute force bullies with low IQ will get us nowhere . If they are vets that's a plus but bachelors degree a must. Why should we be policed by pre college drop outs high school bullies ?,age,other_cyberbullying,people without a 4-year college degree,harmful,high,"The tweet targets individuals without a 4-year college degree, implying they are unintelligent and incapable of contributing, which is a form of bullying and harassment.",True,0.11,,,0,not_cyberbullying,other_cyberbullying,other_cyberbullying,other_cyberbullying,1
528,"sharing #suaju After Nancy Binay Skin Colour Puns, Gay Filipino Comedian's Rape Joke Incurs .. #comedian #comedy http://dld.bz/cAr7x",gender,gender,"public figures (Nancy Binay, comedian)",harmful,medium,"The tweet links to content that contains a rape joke and makes a derogatory comment about a public figure's skin colour, indicating a medium level of harmful intent.",True,0.9,rape,gender,1,gender,other_cyberbullying,gender,other_cyberbullying,1
529,"The original issue was the damn people in the video coughing like idiots, but everyone chose to focus on me requesting to not be lumped in with those morons. I would never lump “all muslims” in with osama bin laden...its the same damn thing and you’re not seeing that.",religion,other_cyberbullying,none,harmful,medium,"The tweet contains derogatory language and implies that people who cough are 'morons', but the main issue is the comparison of a group of people to a terrorist, which is a form of dehumanization and can be considered cyberbullying.",True,0.681,idiot|moron,other_cyberbullying,1,other_cyberbullying,other_cyberbullying,other_cyberbullying,other_cyberbullying,1
530,- Fuck #ColumbusDay. Lyin dirty low down no good thief. You ah dumb nigger if you celebrate.,ethnicity,ethnicity,African Americans,harmful,high,The tweet uses a racial slur to insult and demean a group of people based on their ethnicity.,True,0.9,dumb|nigger,ethnicity,1,ethnicity,ethnicity,ethnicity,ethnicity,1
531,"I don't get homophobic Christians voting for Duterte. They be like, ""Boo gay people! Yey misogynistic killer who jokes about rape!"" dafuq",gender,gender,LGBTQ+ individuals,harmful,high,"The tweet targets LGBTQ+ individuals with homophobic language and criticizes Christians for their stance, implying hypocrisy.",True,0.9,rape,gender,1,gender,gender,gender,gender,1
532,"#IAmAFeminist because people still use the words gay, girly, feminine, etc as insults and still use rape as a joke",gender,gender,LGBTQ+ individuals and women,harmful,high,"The tweet highlights the derogatory use of terms targeting LGBTQ+ individuals and women, indicating a strong intent to raise awareness about the harm caused by such language.",True,0.9,rape,gender,1,gender,gender,gender,gender,1
533,"@solri i lived in a weird place, though - village in the middle of nowhere, ~25 ppl population. not avg US experience.",other_cyberbullying,not_cyberbullying,none,neutral,none,"The tweet is a neutral, descriptive statement about the author's past experience, without any intent to harm or harass.",True,0.053,,,0,not_cyberbullying,not_cyberbullying,not_cyberbullying,not_cyberbullying,0
534,It was upsetting to see acted out what I'm willing to bet is the fantasy of *many* GamerGaters. Putting a loud feminist in her place.,other_cyberbullying,gender,feminists,harmful,medium,"The tweet targets feminists with a derogatory implication, implying they should be 'put in their place'.",True,0.143,,,0,not_cyberbullying,gender,gender,gender,1
535,"Colin, are you having a lend? 7 for main and dessert? Little skill was demonstrated throughout. #MKR",not_cyberbullying,other_cyberbullying,none,harmful,medium,"The tweet contains a critical and mocking comment about Colin's cooking skills, which is likely to be hurtful and embarrassing.",True,0.0,,,0,not_cyberbullying,other_cyberbullying,other_cyberbullying,other_cyberbullying,1
536,@kaepsinging lmAO we called her out on her gay/rape jokes n she was a giant baby about it and got her followers on us,gender,gender,LGBTQ+ individuals,harmful,high,"The tweet contains homophobic slurs and derogatory language, targeting LGBTQ+ individuals and implying they are not worthy of respect.",True,0.9,rape,gender,1,gender,gender,gender,gender,1
537,"I'll take a happily married gay man over a sexist, thrice married, philandering, straight man accused of sexual assault and rape any day.",gender,gender,men,harmful,high,The tweet targets men with sexist language and implies they are more likely to be perpetrators of sexual assault and rape.,True,0.9,rape|sexist,gender,1,gender,gender,gender,gender,1
538,''Good for nothing bum'' - School Prefect from Bully,age,other_cyberbullying,none,harmful,high,"The tweet contains a derogatory insult, targeting the person's character, but does not specifically target a protected group.",True,0.023,,,0,not_cyberbullying,other_cyberbullying,other_cyberbullying,other_cyberbullying,1
539,Kerstin is being a food bully.,other_cyberbullying,other_cyberbullying,none,harmful,low,"The tweet accuses Kerstin of being a 'food bully', implying she is engaging in hurtful behavior, but does not contain any explicit attack or slur.",True,0.148,,,0,not_cyberbullying,other_cyberbullying,other_cyberbullying,other_cyberbullying,1
540,@ANN_Lynzee *exactly*,other_cyberbullying,other_cyberbullying,none,harmful,low,"The tweet appears to be mocking or belittling someone, but the target group is unclear and the language is not explicitly abusive.",True,0.0,,,0,not_cyberbullying,other_cyberbullying,other_cyberbullying,other_cyberbullying,1
541,"Your school girl crush on the arrogant bully Cuomo is cute but, it’s clouding your vision. It was his call to send them to the nursing homes. Sorry",age,other_cyberbullying,none,harmful,high,"The tweet is a personal attack on Cuomo's character, specifically referencing a controversial decision, and is intended to harm his reputation.",True,0.085,,,0,not_cyberbullying,other_cyberbullying,other_cyberbullying,other_cyberbullying,1
542,FUCK NIGGERS.! dumb ass faggot ass pussies.! that's why I only friend a couple of them and not the hopeless hood rat ass fakes.!,ethnicity,gender,African Americans,harmful,high,The tweet contains multiple racist slurs and derogatory language targeting African Americans.,True,0.99,dumb|fag|faggot|nigger,gender,1,gender,ethnicity,gender,ethnicity,1
543,Cool. Cool. Great that AIPAC are supportive of the radical right Christians who support Israel just because they believe it will hasten End Times. #putz,religion,other_cyberbullying,none,harmful,high,"The tweet uses a derogatory term ('putz') to express contempt and mocks the motivations of a specific group, without targeting a specific demographic.",True,0.0,,,0,not_cyberbullying,other_cyberbullying,other_cyberbullying,other_cyberbullying,1
544,@annie_fd_xxx oh no need for bullying bbz! Okay hang on x,not_cyberbullying,not_cyberbullying,none,neutral,none,"The tweet is a response to a situation, using a colloquial and somewhat defensive tone, but does not contain any bullying or harassing language.",True,0.201,,,0,not_cyberbullying,not_cyberbullying,not_cyberbullying,not_cyberbullying,0
545,"Most humans are complete idiots. In this instance, do I condone their behaviour - ABSOLUTELY NOT. But why are they *muslim* idiots. Not just actual idiots. Also, feel free to name who you mean and not just say specific communities. It's just the one community.",religion,ethnicity,Muslims,harmful,high,"The tweet uses a derogatory term to describe Muslims and implies that they are inherently stupid, which is a racist and Islamophobic statement.",True,0.233,idiot,other_cyberbullying,0,not_cyberbullying,ethnicity,ethnicity,ethnicity,1
546,#MKR REALLY WISH KAT WOULD JUST GO TO SUDDEN DEATH FULL STOP.,gender,other_cyberbullying,none,harmful,high,"The tweet expresses a strong desire for someone to leave a competition, implying annoyance or frustration with their presence.",True,0.143,,,0,not_cyberbullying,other_cyberbullying,other_cyberbullying,other_cyberbullying,1
547,"True Islam is what the Muslims of Pakistan and ISIS are doing, The Quran only orders the killing of Kafirs, Even in India, Shaheen Bagh has become a hub of terrorist activities, #ShaheenBagh #शाहीनबाग़",religion,religion,Muslims,harmful,high,"The tweet targets Muslims by associating them with terrorist groups and misinterpreting Islamic scripture, promoting a harmful and discriminatory view.",True,0.942,isis|islam is|paki|terrorist,religion,1,religion,religion,religion,religion,1
548,"@Xanthe_Cat nice to know I made him mad, then 😜",not_cyberbullying,not_cyberbullying,none,neutral,none,"The tweet is a lighthearted and playful response, not intended to harm or bully anyone.",True,0.031,,,0,not_cyberbullying,not_cyberbullying,not_cyberbullying,not_cyberbullying,0
549,https://t.co/6MnvsJQvsC,other_cyberbullying,other_cyberbullying,none,harmful,high,"The tweet contains a link to a potentially harassing or disturbing content, but the actual content is not provided, making it difficult to determine the exact nature of the cyberbullying.",True,0.0,,,0,not_cyberbullying,other_cyberbullying,other_cyberbullying,other_cyberbullying,1
550,"Locking down my personal account some more. If you were following me before but you're not anymore, sorry. :\",other_cyberbullying,not_cyberbullying,none,neutral,none,The tweet is a neutral statement about account settings and does not contain any bullying or harassment language.,True,0.0,,,0,not_cyberbullying,not_cyberbullying,not_cyberbullying,not_cyberbullying,0
551,Fuck Nieq and Braie. Them some dumb niggers,ethnicity,ethnicity,African Americans,harmful,high,"The tweet contains a racial slur, targeting African Americans with a derogatory term.",True,0.9,dumb|nigger,ethnicity,1,ethnicity,ethnicity,ethnicity,ethnicity,1
552,"All I know is before the war in Afghanistan, The Muslims were very liberal and there wasn't fanatical idiots around, they were imprisoned, all of a sudden the West West needed them to fight the Russians, next thing you know everyone was teaching fanatical culture",religion,ethnicity,Muslims,harmful,medium,"The tweet uses a derogatory term 'fanatical idiots' to describe Muslims, implying a negative stereotype.",True,0.491,idiot,other_cyberbullying,1,other_cyberbullying,ethnicity,ethnicity,ethnicity,1
553,"RT""@tayyoung_: FUCK OBAMA, dumb ass nigger"" lmao shut yo ass up and go get some nigger dick lmao",ethnicity,ethnicity,African Americans,harmful,high,"This tweet contains multiple racist slurs targeting African Americans, indicating a high level of harm and intensity.",True,0.9,dumb|nigger,ethnicity,1,ethnicity,ethnicity,ethnicity,ethnicity,1
554,"RT @tayyoung_: FUCK OBAMA, dumb ass nigger http://bit.ly/M71NtB @youtube",ethnicity,ethnicity,African Americans,harmful,high,"The tweet contains a racial slur targeting African Americans, indicating a high level of harm and intent to offend.",True,0.9,dumb|nigger,ethnicity,1,ethnicity,ethnicity,ethnicity,ethnicity,1
555,#MileyCyrus Miley Cyrus causes controversy with date-rape 'joke' at GAY club gig in London http://ift.tt/1jlu9Qd,gender,gender,Miley Cyrus,harmful,high,"The tweet is a form of harassment and reputational attack on Miley Cyrus, using a sensationalized and misleading headline to damage her reputation.",True,0.9,rape,gender,1,gender,other_cyberbullying,gender,other_cyberbullying,1
556,@Religiolizer The problem is that the cathedral doesn't understand that he prophet Mohammed declared war on all humanity 1400 years ago.,religion,religion,Muslims,harmful,high,"The tweet contains a derogatory statement about the Prophet Mohammed, which is a clear attack on the Muslim faith.",True,0.229,,,0,not_cyberbullying,religion,religion,religion,1
557,I Been rocking w you since ur first irl vs fredo and the way u went from one of the most hated TO THE MOST LOVED IN THE COMMUNITY. I’m proud of u bro frfr,ethnicity,not_cyberbullying,none,neutral,none,"The tweet is a genuine expression of admiration and support, with no negative or harassing content.",True,0.0,,,0,not_cyberbullying,not_cyberbullying,not_cyberbullying,not_cyberbullying,0
558,The BLM at it again.They don’t understand history.Frederick Douglass was a spokesman for the Black People.They are just ripping and tearing at anything that represents the past.,ethnicity,other_cyberbullying,BLM supporters,harmful,medium,"The tweet is a form of harassment by dismissing and criticizing a social movement, implying they are ignorant and destructive.",True,0.0,,,0,not_cyberbullying,other_cyberbullying,other_cyberbullying,other_cyberbullying,1
559,Rape jokes Students asking for props for their Columbine outfits Gay men asking for 50's housewife jewelry #SpiritHalloween I love my job,gender,gender,victims of school shootings,harmful,high,"The tweet trivializes and mocks victims of school shootings, including the Columbine massacre, and appears to be making light of a sensitive and traumatic event.",True,0.9,rape,gender,1,gender,other_cyberbullying,gender,other_cyberbullying,1
560,If you told me that the girl who bullied me in high school would be in a bar laughing with my boss in front of me in 2019 I would’ve been like nah but here we are,age,other_cyberbullying,none,harmful,high,"The tweet expresses anger and resentment towards a specific individual, implying past harm or bullying, but does not target a protected group.",True,0.0,,,0,not_cyberbullying,other_cyberbullying,other_cyberbullying,other_cyberbullying,1
561,"Yo, windows people. Is there any free app (other than puppet) that will allow me to define apps to install on new PCs?",not_cyberbullying,not_cyberbullying,none,neutral,none,"The tweet is a neutral question about software, without any intent to harm or offend.",True,0.0,,,0,not_cyberbullying,not_cyberbullying,not_cyberbullying,not_cyberbullying,0
562,Sorry y'all. I needed that.,other_cyberbullying,not_cyberbullying,none,neutral,none,The tweet expresses a neutral sentiment of relief and does not target any group.,True,0.023,,,0,not_cyberbullying,not_cyberbullying,not_cyberbullying,not_cyberbullying,0
563,@harmlesstree2 That's a huge pile of shit. The only reason they would do that is so they could force them to pay Jizya.,not_cyberbullying,ethnicity,Muslims,harmful,high,"The tweet contains a derogatory reference to the Islamic practice of Jizya, implying a negative stereotype about Muslims.",True,0.121,,,0,not_cyberbullying,ethnicity,ethnicity,ethnicity,1
564,@sartoni83 I laid the bike down intentionally vs having a worse accident. I was bruised but fine.,not_cyberbullying,not_cyberbullying,none,neutral,none,The tweet is a personal account of a non-serious incident and does not contain any bullying or harassment.,True,0.068,,,0,not_cyberbullying,not_cyberbullying,not_cyberbullying,not_cyberbullying,0
565,I call female friends bitches when they piss me off. And guess what? I call male friends bitches at the same rate. I’m an equal opportunity offender and proud of it!!,gender,gender,women,harmful,high,"The tweet uses a derogatory term to refer to female friends, perpetuating sexism and misogyny.",True,0.341,bitch,gender,0,not_cyberbullying,gender,gender,gender,1
566,@shehzilk @watan71969 At least Churchill got it right. http://t.co/Bjgk9PdUUO,not_cyberbullying,other_cyberbullying,none,harmful,low,"The tweet is a derogatory comment about a historical figure's views on a sensitive topic, likely referencing the Indian independence movement, and is intended to provoke or offend.",True,0.0,,,0,not_cyberbullying,other_cyberbullying,other_cyberbullying,other_cyberbullying,1
567,"Do you not understand Vaush is arguing and making an issue a thing he doesn’t understand. He bullied the girl he debated in a stream days later, he made a comment about “is it bad optics to ban black people” and he unintentionally argues for white supremacy",age,other_cyberbullying,Vaush,harmful,high,"The tweet accuses Vaush of bullying and making racist comments, targeting him with accusations of promoting white supremacy.",True,0.285,,,0,not_cyberbullying,other_cyberbullying,other_cyberbullying,other_cyberbullying,1
568,I Am The Victim Bria ! I Just Be Chillin' Trying Not To Get Bullied Or Hoed. Lol,other_cyberbullying,other_cyberbullying,none,harmful,low,"The tweet appears to be a cry for help and a complaint about being bullied, but it uses colloquial language and a casual tone, making it a form of cyberbullying through self-victimization.",True,0.0,,,0,not_cyberbullying,other_cyberbullying,other_cyberbullying,other_cyberbullying,1
569,@dawlaa_account There was no random bombardment with chemical weapons. The ISIS chemical weapons were blown up.,not_cyberbullying,other_cyberbullying,ISIS supporters,harmful,high,"The tweet is a derogatory statement targeting ISIS supporters, implying they are responsible for a horrific act, and is intended to cause harm.",True,0.471,isis,religion,1,religion,other_cyberbullying,other_cyberbullying,other_cyberbullying,1
570,It's because the BLM Antifa & other Radical Protesters are immune from the Chinese Virus we all know that by now The only ones that catch the Chinese Virus are Christians Republicans & all other American that don't support the Far Left Marxis agenda,religion,ethnicity,Asians,harmful,high,The tweet uses a derogatory term ('Chinese Virus') to target and stereotype people of Asian descent.,True,0.072,,,0,not_cyberbullying,ethnicity,ethnicity,ethnicity,1
571,@sschinke http://t.co/wFqbTK0LGf,other_cyberbullying,other_cyberbullying,none,harmful,low,"The tweet appears to be a link to a potentially derogatory or embarrassing content, but the intent and target are unclear without further context.",True,0.0,,,0,not_cyberbullying,other_cyberbullying,other_cyberbullying,other_cyberbullying,1
572,"@m1sp hey, do you have a good way to consume multiple json dumps into a single corpus? i've been just hacking it together.",not_cyberbullying,not_cyberbullying,none,neutral,none,"The tweet is a neutral, technical question seeking advice from someone named @m1sp.",True,0.0,,,0,not_cyberbullying,not_cyberbullying,not_cyberbullying,not_cyberbullying,0
573,@initials_games Big news! Wait does kat actually still think she can cook? #mkr,gender,other_cyberbullying,none,harmful,low,"The tweet is a snide comment about someone's cooking abilities, intended to mock or belittle them.",True,0.0,,,0,not_cyberbullying,other_cyberbullying,other_cyberbullying,other_cyberbullying,1
574,Remember when the IDIOT GOVERNOR of Borno got a letter from WAEC telling him to relocate two batch of students from Maiduguri (Muslims) and Chibok (Christians) because of Boko Haram? The IMP relocated the Muslims and you know what happened to the Chibok Girls! Who was blamed?,religion,other_cyberbullying,none,harmful,high,"The tweet uses derogatory language to insult a public figure, but the primary intent is to make a point about a political issue rather than targeting a specific group.",True,0.471,idiot,other_cyberbullying,1,other_cyberbullying,other_cyberbullying,other_cyberbullying,other_cyberbullying,1
575,"Wait, wait, wait. So white folks can't help being racist? I am asking bc me & mine have been saying that for years - like, we think racism is bred in your genes; kind of like ur yellow hair & strangely colored eyes. If u could shout out an affirmative, we'd surely appreciate it.",ethnicity,other_cyberbullying,people with blonde hair and blue eyes,harmful,high,"The tweet uses a derogatory and stereotypical description of people with blonde hair and blue eyes, implying they are inherently racist.",True,0.0,,,0,not_cyberbullying,other_cyberbullying,other_cyberbullying,other_cyberbullying,1
576,@elfwreck i'm alone at home please explain how am i no letting women open such gates and im judging everone here male/female #Blameonenotall,other_cyberbullying,gender,women,harmful,medium,"The tweet implies that women are responsible for a situation and judges them collectively, perpetuating sexist stereotypes.",True,0.068,,,0,not_cyberbullying,gender,gender,gender,1
577,Y’all didn’t know gay dudes got hands they’ve been fighting school bullies since kids *low-key*,age,other_cyberbullying,LGBTQ+ individuals,harmful,low,"The tweet implies that gay individuals are capable of violence, perpetuating a stereotype and potentially causing harm.",True,0.108,,,0,not_cyberbullying,other_cyberbullying,other_cyberbullying,other_cyberbullying,1
578,“Is that a rape joke or a gay joke? I need to know if it’s okay to laugh”,gender,gender,LGBTQ+ individuals,harmful,high,"The tweet implies that the speaker is unsure if it's acceptable to mock or laugh at LGBTQ+ individuals, perpetuating a hostile and discriminatory environment.",True,0.9,rape,gender,1,gender,gender,gender,gender,1
579,the girls who bullied me in high school are the same girls that can’t read analog clocks,age,other_cyberbullying,none,harmful,medium,"The tweet is a form of bullying that targets the girls' perceived lack of intelligence or competence, but does not specifically target a protected group.",True,0.187,,,0,not_cyberbullying,other_cyberbullying,other_cyberbullying,other_cyberbullying,1
580,i was referring to u saying josie words doesn’t sit right with me so i added onto it. im guessing english isn’t ur first language? ‘find something else?’ u just admitted to being an ableist. chile how does it feel to be one? i wanna know.,ethnicity,other_cyberbullying,none,harmful,high,"The tweet contains aggressive language and accusations of ableism, but the target is not a specific group based on religion, age, gender, or ethnicity.",True,0.0,,,0,not_cyberbullying,other_cyberbullying,other_cyberbullying,other_cyberbullying,1
581,"@sredrow2 you're a bully! Guess I should pass along the ""get well soon"" bear http://yfrog.com/h3meaudj",other_cyberbullying,other_cyberbullying,none,harmful,low,"The tweet is a derogatory comment, but it's not targeting a specific group based on religion, age, gender, or ethnicity, and it's accompanied by a seemingly mocking 'get well soon' gesture.",True,0.101,,,0,not_cyberbullying,other_cyberbullying,other_cyberbullying,other_cyberbullying,1
582,@KivaBay @tonitonirocca YES I WANT COLORING BOOKS PLEASE PLEASE PLEASE,other_cyberbullying,not_cyberbullying,none,neutral,none,"This tweet is a friendly and enthusiastic request for coloring books, with no intent to harm or harass.",True,0.0,,,0,not_cyberbullying,not_cyberbullying,not_cyberbullying,not_cyberbullying,0
583,I got this dumb ass fucking nigger in my lab group and he's dumb as fuck,ethnicity,ethnicity,African Americans,harmful,high,"The tweet contains a racial slur, targeting African Americans with a derogatory and highly offensive term.",True,0.9,dumb|nigger,ethnicity,1,ethnicity,ethnicity,ethnicity,ethnicity,1
584,@V3nomResurge damn nigger where the fuck did you come from did you crawl out of there ass just to talk shit?!? Stfu and mind ur own dumb ass,ethnicity,ethnicity,African Americans,harmful,high,"This tweet contains a racial slur and a violent threat, targeting African Americans with hate speech.",True,0.9,dumb|nigger,ethnicity,1,ethnicity,ethnicity,ethnicity,ethnicity,1
585,I was played a ton of sports as a child. I even played rep basketball. I was bullied by the girls at high school basketball try-outs and didn’t make the team. So I stopped taking gym classes and playing sports and developed chronic depression I’ve struggled with for twenty years.,age,not_cyberbullying,none,neutral,none,"The tweet describes a personal experience of bullying, but it does not contain any language or intent that targets or harasses a specific group.",True,0.233,,,0,not_cyberbullying,not_cyberbullying,not_cyberbullying,not_cyberbullying,0
586,She calls out Pak for terrorism in K. How is that same as whitewashing Islamic terrorism. Anyhow u r free to form your own opinion. Why do I care?,religion,other_cyberbullying,none,harmful,medium,"The tweet contains a confrontational tone and an accusation of hypocrisy, but does not target a specific group or individual.",True,0.172,,,0,not_cyberbullying,other_cyberbullying,other_cyberbullying,other_cyberbullying,1
587,"RT @Chippydagod: planking is for dumb niggers, did yall know thats what the master use to do to blak slaves. Black people wake the fuck up!!",ethnicity,ethnicity,Black people,harmful,high,"The tweet uses a racial slur and makes a derogatory comparison to historical slavery, indicating a high level of harm and intent to offend.",True,0.9,dumb|nigger,ethnicity,1,ethnicity,ethnicity,ethnicity,ethnicity,1
588,Not single person. 90% bomb blast in india done my Indian mujahedeen but still Hindus never went against local muslim population. u people only abuse Hindutva saying it is RSS term but when We talk about Islamic terrorism you say-'No Bro Terrorism is nothing to do with Islam',religion,other_cyberbullying,Hindus,harmful,high,"The tweet contains a false and inflammatory claim about a terrorist attack, and uses it to make a derogatory comment about Hindus, while also making a hypocritical comparison to Islamic terrorism.",True,0.292,,,0,not_cyberbullying,other_cyberbullying,other_cyberbullying,other_cyberbullying,1
589,"RT @Quinnae_Moon: The ease with which one can dogpile others is scary, not least because we all think we're acting as individuals rather th…",other_cyberbullying,not_cyberbullying,none,neutral,none,"This tweet is a retweet of a commentary on online behavior, expressing concern rather than targeting or harassing anyone.",True,0.053,,,0,not_cyberbullying,not_cyberbullying,not_cyberbullying,not_cyberbullying,0
590,@SmooveCac the fuck that mean you dumb monkey ass nigger,ethnicity,ethnicity,African Americans,harmful,high,"This tweet contains a racial slur and a derogatory term, indicating a high level of harm and intent to harass.",True,0.982,dumb|monkey|nigger,ethnicity,1,ethnicity,ethnicity,ethnicity,ethnicity,1
591,Well... The Hoes might pull this off.... Pardon the pun!! #mkr,gender,gender,women,harmful,low,"The tweet uses a derogatory term for women, 'Hoes', which is a sexist slur.",True,0.0,,,0,not_cyberbullying,gender,gender,gender,1
592,"Funny dev joke, y/n? My sense of humor is weird.",other_cyberbullying,not_cyberbullying,none,neutral,none,"The tweet is a lighthearted and innocuous question about humor, with no intent to harm or offend.",True,0.0,,,0,not_cyberbullying,not_cyberbullying,not_cyberbullying,not_cyberbullying,0
593,Give that advice to your bully husband. Go save the children in Puerto Rico that have been left with homes or schools,age,other_cyberbullying,none,harmful,high,"The tweet is a personal attack and insult, using aggressive language to belittle and mock the recipient, with no specific targeting of a protected group.",True,0.0,,,0,not_cyberbullying,other_cyberbullying,other_cyberbullying,other_cyberbullying,1
594,Um... why are you so up in arms about Trump being called an atheist?! Christians are labeled all the fvcking time by folks like you even though a lot of us do NOT support Trump or the GOPs radical ideas. damn find something real to be offended over...,religion,gender,women,harmful,medium,"The tweet uses a derogatory term ('fvcking') and targets women, implying they are overly sensitive and emotional.",True,0.407,christians are,religion,1,religion,gender,gender,gender,1
595,Idiot lady is just propagating lies.. Where are RSS goons? Can you identify RSS and Muslims separately in the video ?,religion,gender,women,harmful,medium,The tweet uses a derogatory term 'lady' and implies sexism in questioning the woman's credibility.,True,0.46,idiot,other_cyberbullying,1,other_cyberbullying,gender,gender,gender,1
596,"I mean it's make the tournament more interesting I'm kind of expecting him to sweep it, unless eye patch wolf is that bully from Connors school",age,other_cyberbullying,none,harmful,low,"The tweet implies a negative stereotype and potential bullying behavior, but it's not explicitly targeting a protected group.",True,0.016,,,0,not_cyberbullying,other_cyberbullying,other_cyberbullying,other_cyberbullying,1
597,.@tim_geelen @eaballesty Not true.  Feminism is also about getting free stuff and using benevolent sexism/chivalry to their advantage.,gender,gender,feminists,harmful,medium,"The tweet makes a derogatory comment about the motivations of feminists, implying they use sexism to their advantage.",True,0.0,,,0,not_cyberbullying,gender,gender,gender,1
598,"RT @_stux_: generally by the people who are smart enough to at least realise saying ""feminazi"" makes you look like a fucking prick to anyon…",other_cyberbullying,gender,feminists,harmful,high,The tweet uses a derogatory term 'feminazi' to insult and demean feminists.,True,0.233,feminazi,gender,0,not_cyberbullying,gender,gender,gender,1
599,Victoria: idk why she cries so easy and looks like the girl that bullied in high school and became a nurse,age,other_cyberbullying,none,harmful,high,"The tweet is a personal attack on Victoria's character, implying she is weak and untrustworthy, without targeting any specific protected group.",True,0.072,,,0,not_cyberbullying,other_cyberbullying,other_cyberbullying,other_cyberbullying,1
